"country","year","mean","sd","q10","q90"
"Albania",1998,0.217129978,0.0317691031908093,0.1767723,0.257887
"Albania",1999,0.24342630265,0.0608469159421464,0.1681935,0.3234542
"Albania",2000,0.26915244875,0.0728881439851713,0.1787332,0.3675236
"Albania",2001,0.296395756,0.0679657591257704,0.2117659,0.3884552
"Albania",2002,0.3238981065,0.0435703499399087,0.2693759,0.3804624
"Albania",2003,0.3439050085,0.0799004136651078,0.2432608,0.4501477
"Albania",2004,0.3581455165,0.0963280400950367,0.2407192,0.4858412
"Albania",2005,0.373588949,0.0999555792651241,0.2464041,0.5059016
"Albania",2006,0.3872876725,0.0958974163077895,0.2672372,0.5165419
"Albania",2007,0.399360062,0.0823679624194183,0.2931949,0.5078668
"Albania",2008,0.413908582,0.0422978831344916,0.3595389,0.4675475
"Albania",2009,0.409356785,0.0825170123631876,0.3072249,0.5194054
"Albania",2010,0.40249368,0.100141956784991,0.2746277,0.5318834
"Albania",2011,0.3963762455,0.110672858707514,0.2547278,0.538836
"Albania",2012,0.38923867825,0.114746592048799,0.2399167,0.5415879
"Albania",2013,0.3825491891,0.114178042935143,0.2369927,0.5297206
"Albania",2014,0.3727687735,0.109199099003264,0.2388688,0.5155775
"Albania",2015,0.36364760325,0.0970038678101545,0.2411935,0.4914805
"Albania",2016,0.355835608,0.0718865565227093,0.2650047,0.4499739
"Albania",2017,0.346330784,0.0653828512673795,0.2655193,0.4341047
"Albania",2018,0.311152161,0.04139868788171,0.2594393,0.3665644
"Albania",2019,0.281858886,0.0603933896149206,0.2082254,0.3613901
"Albania",2020,0.27389996555,0.0733190891641771,0.1840503,0.3712773
"Albania",2021,0.2598758098,0.0676321781225576,0.1779357,0.352632
"Albania",2022,0.20200207535,0.0590683830181249,0.13164,0.2825527
"Algeria",2002,0.5999093255,0.0551032426695372,0.5291482,0.6697202
"Algeria",2003,0.5780017055,0.0903470459100025,0.4583474,0.6904374
"Algeria",2004,0.5578162305,0.111086636091843,0.4118117,0.6976478
"Algeria",2005,0.5361664625,0.123811587351277,0.3678033,0.6910095
"Algeria",2006,0.5161807605,0.131612885371509,0.345344,0.6859758
"Algeria",2007,0.4972203325,0.136018535710249,0.3246045,0.6772272
"Algeria",2008,0.47898149815,0.137666653819107,0.3018332,0.658687
"Algeria",2009,0.45994189575,0.142741680632209,0.2778684,0.6474858
"Algeria",2010,0.44002562855,0.137260862544124,0.2572247,0.6166542
"Algeria",2011,0.4191863528,0.1282501704539,0.2513012,0.5884465
"Algeria",2012,0.3945710975,0.111251770179953,0.2501419,0.5410602
"Algeria",2013,0.3699482505,0.08741085929006,0.2586377,0.4867843
"Algeria",2014,0.34884884,0.0509806919018053,0.2855586,0.4152908
"Algeria",2015,0.33872266,0.0805256051368303,0.2367837,0.4445595
"Algeria",2016,0.32585922755,0.0885374793290265,0.2178541,0.4418922
"Algeria",2017,0.312063737,0.0855608156380546,0.2059575,0.4299332
"Algeria",2018,0.300289991,0.073102737768339,0.2083919,0.398399
"Algeria",2019,0.284290876,0.0414198416065777,0.230813,0.3389038
"Argentina",1991,0.07761225935,0.0162535888299283,0.05763997,0.099007
"Argentina",1992,0.0933464805,0.0299198524106475,0.05854278,0.133834
"Argentina",1993,0.10948562715,0.0383235953646294,0.06527358,0.1614186
"Argentina",1994,0.1254578983,0.037889777139267,0.08181857,0.1757813
"Argentina",1995,0.1404206636,0.0229371467387047,0.1110626,0.1701041
"Argentina",1996,0.1373482887,0.0228234569145558,0.108199,0.1674443
"Argentina",1997,0.1194871378,0.034270323491507,0.07920801,0.1647022
"Argentina",1998,0.1023988172,0.030464872002525,0.06707607,0.1438474
"Argentina",1999,0.08475737115,0.0166841931929888,0.06426885,0.1080764
"Argentina",2000,0.11871655565,0.0304606127649986,0.08232817,0.1588719
"Argentina",2001,0.15929802955,0.0260085237811383,0.1261131,0.1931143
"Argentina",2002,0.1323816642,0.0323370149855141,0.09273069,0.1752043
"Argentina",2003,0.1072658649,0.0160257005042448,0.08747195,0.1279111
"Argentina",2004,0.14252651045,0.0336249959555107,0.1034125,0.1858504
"Argentina",2005,0.1833380985,0.0234363866359785,0.1538721,0.2130435
"Argentina",2006,0.14801340585,0.0185574243894145,0.1243433,0.1727252
"Argentina",2007,0.13882262285,0.0185559441044202,0.1150803,0.1639084
"Argentina",2008,0.213828246,0.0280791236156686,0.1789655,0.2504055
"Argentina",2009,0.249573474,0.0296190256036923,0.2123242,0.2880192
"Argentina",2010,0.312803072,0.0246217928397413,0.2813773,0.3448114
"Argentina",2011,0.3507150655,0.0351069970695563,0.3074955,0.3956849
"Argentina",2012,0.2841171345,0.0546400157269353,0.2152503,0.356706
"Argentina",2013,0.2241299875,0.0311023083927226,0.1853162,0.2648284
"Argentina",2014,0.21279656375,0.054914591126559,0.1462862,0.2863084
"Argentina",2015,0.19735497035,0.0572745850014566,0.127164,0.2736454
"Argentina",2016,0.1819051208,0.0501189746531303,0.1218128,0.2495227
"Argentina",2017,0.1665140477,0.0267348029093808,0.1325191,0.2006118
"Armenia",1997,0.2997569505,0.0457308288176502,0.241818,0.358596
"Armenia",1998,0.3076049955,0.0787446642828706,0.2098287,0.4136572
"Armenia",1999,0.3166192802,0.0982995479849178,0.1932241,0.4489471
"Armenia",2000,0.32347627405,0.107688540606181,0.1880628,0.4706877
"Armenia",2001,0.33082930885,0.119355469963073,0.1838316,0.490005
"Armenia",2002,0.336442616,0.121908026984204,0.1901573,0.5073845
"Armenia",2003,0.34417736825,0.123718387264046,0.1925456,0.5135747
"Armenia",2004,0.34933162565,0.120490794146347,0.2008309,0.5174628
"Armenia",2005,0.353963325,0.113380849598415,0.2137368,0.5070779
"Armenia",2006,0.3555126049,0.0993560755503775,0.2321145,0.4873108
"Armenia",2007,0.362453871,0.0821357398889783,0.2614419,0.4711207
"Armenia",2008,0.364767024,0.0483348535021568,0.3023915,0.4281598
"Armenia",2009,0.340109671,0.0701656446278076,0.2517322,0.4324188
"Armenia",2010,0.315233458,0.066220226989497,0.2348822,0.4028753
"Armenia",2011,0.2878753045,0.0421611941558005,0.2335538,0.3447327
"Armenia",2012,0.290864664,0.0720706290389514,0.2000095,0.3854415
"Armenia",2013,0.29242726955,0.0895776070459113,0.1839385,0.4155736
"Armenia",2014,0.29188741945,0.0945089338326305,0.1777726,0.419575
"Armenia",2015,0.29101325025,0.0933016314227051,0.1767093,0.4165464
"Armenia",2016,0.2898283498,0.0885304675098532,0.180638,0.4054138
"Armenia",2017,0.28688707885,0.0703545411096214,0.2006252,0.3794584
"Armenia",2018,0.2833651725,0.0385168754779647,0.2346601,0.3337321
"Armenia",2019,0.302373799,0.065833631672962,0.223247,0.3914989
"Armenia",2020,0.3208909155,0.067929988917786,0.2365462,0.4103059
"Armenia",2021,0.3415865985,0.0469584722260339,0.2837492,0.4024522
"Australia",1993,0.4553729005,0.0242294904356238,0.4252112,0.4874383
"Australia",1994,0.441581809,0.064670605617885,0.3592984,0.5242981
"Australia",1995,0.4244999645,0.0346895309725829,0.3816059,0.46788
"Australia",1996,0.5253035795,0.0359284353366877,0.4797765,0.5731148
"Australia",1997,0.4877585175,0.0693263682227995,0.3979921,0.5769157
"Australia",1998,0.449064666,0.0425042248166,0.3955219,0.5010239
"Australia",1999,0.453259301,0.0758244377445295,0.3569262,0.5524552
"Australia",2000,0.4563900865,0.0764591151931088,0.3587102,0.5544638
"Australia",2001,0.4600568595,0.0416986424769916,0.4065009,0.5131132
"Australia",2002,0.4817468115,0.0785010907277899,0.3784364,0.585435
"Australia",2003,0.5037539155,0.0778402427803537,0.4026146,0.6017418
"Australia",2004,0.5244137705,0.041700042500915,0.4720312,0.5782986
"Australia",2005,0.503017018,0.0305367546262734,0.4627637,0.5431734
"Australia",2006,0.5292821115,0.0637620016932501,0.4460589,0.6122903
"Australia",2007,0.5544907925,0.0386346474823245,0.5052873,0.6032317
"Australia",2008,0.5285460555,0.0736210342591647,0.432992,0.6233797
"Australia",2009,0.5035937315,0.0722655556092331,0.4123593,0.5958411
"Australia",2010,0.4752657535,0.0411090248068721,0.421931,0.5294963
"Australia",2011,0.4407366945,0.0639330083355271,0.3568441,0.523602
"Australia",2012,0.406218613,0.0305957666210179,0.3673629,0.4443858
"Australia",2013,0.4671386445,0.0370341077645604,0.4169576,0.5135223
"Australia",2014,0.478978252,0.0435779284469026,0.423197,0.5353345
"Australia",2015,0.453656401,0.0656062702439398,0.3717535,0.5393552
"Australia",2016,0.4316782385,0.0358382892195863,0.3861482,0.4782097
"Australia",2017,0.4742185435,0.0673093356689486,0.3908476,0.5607131
"Australia",2018,0.5204845135,0.0284962225503072,0.4838516,0.5567267
"Australia",2019,0.384558256,0.0405561327907375,0.3323221,0.4352513
"Austria",1990,0.454721066,0.0390180382461104,0.404446,0.5038461
"Austria",1991,0.4809977935,0.0715556216446572,0.3891211,0.5758276
"Austria",1992,0.5089829355,0.0727888736518988,0.4130422,0.6022772
"Austria",1993,0.534460198,0.0284217764102097,0.4988337,0.5710967
"Austria",1994,0.5345014,0.0776992405554034,0.4345917,0.6337696
"Austria",1995,0.532319236,0.0908076601599621,0.4130173,0.6491133
"Austria",1996,0.5319285605,0.0866805756876943,0.4183882,0.6441755
"Austria",1997,0.5327586075,0.0608174855263626,0.4557647,0.6086776
"Austria",1998,0.512837971,0.071974888579505,0.4193586,0.6008934
"Austria",1999,0.4929842635,0.034148946814907,0.4490933,0.5377493
"Austria",2000,0.5165535705,0.0490760057000951,0.4545221,0.5798274
"Austria",2001,0.5013693745,0.0319051321141264,0.4605488,0.5420535
"Austria",2002,0.530290957,0.0548836429196825,0.4590264,0.6022095
"Austria",2003,0.521251184,0.0722334819573581,0.4299958,0.6140771
"Austria",2004,0.507171506,0.0559179424323615,0.4352394,0.5793203
"Austria",2005,0.4780481385,0.0738503860976347,0.3835046,0.5726187
"Austria",2006,0.4522396955,0.06213116605316,0.3750271,0.5328391
"Austria",2007,0.468553157,0.0574534772257347,0.3945982,0.5416528
"Austria",2008,0.4308373005,0.0351598932665965,0.3875139,0.4765864
"Austria",2009,0.4733153065,0.0493512582738694,0.4104046,0.5360144
"Austria",2010,0.477755395,0.0497940163232569,0.4137334,0.5419176
"Austria",2011,0.53541446,0.0578198648697849,0.4599867,0.6088495
"Austria",2012,0.530696109,0.0560038999316377,0.45816,0.6020093
"Austria",2013,0.521969526,0.0586412720307295,0.4449214,0.5954309
"Austria",2014,0.4482616675,0.0620061198220033,0.3663789,0.5280119
"Austria",2015,0.57045419,0.0611759795087282,0.4918316,0.6446034
"Austria",2016,0.5984452145,0.0471748719714029,0.5342566,0.6561757
"Austria",2017,0.576105571,0.0541296568899847,0.5051315,0.6452659
"Austria",2018,0.5778960295,0.0346354938314456,0.5331862,0.6221324
"Austria",2019,0.543792926,0.0566645811746754,0.4712592,0.6163319
"Austria",2020,0.5144286075,0.0598627629062745,0.4372131,0.5925815
"Austria",2021,0.37445858,0.0569459653654611,0.3025702,0.4494599
"Austria",2022,0.439044215,0.0651675510206252,0.3561702,0.5240942
"Azerbaijan",1997,0.4144498935,0.0489734539885124,0.3513313,0.4759485
"Azerbaijan",1998,0.4357367735,0.0891710884352746,0.3231201,0.5480785
"Azerbaijan",1999,0.452281429,0.113422217076216,0.307663,0.6054717
"Azerbaijan",2000,0.469355895,0.126319274498352,0.3024552,0.6403501
"Azerbaijan",2001,0.485616553,0.139385719606301,0.3025161,0.6731719
"Azerbaijan",2002,0.50189291165,0.145340331852155,0.3045518,0.6898742
"Azerbaijan",2003,0.5158561252,0.147741270409326,0.3185301,0.7040676
"Azerbaijan",2004,0.53204700135,0.150513051399787,0.3289072,0.7290724
"Azerbaijan",2005,0.546859374,0.146509244956422,0.3560691,0.7425227
"Azerbaijan",2006,0.563644797,0.139317812528203,0.3777646,0.7463092
"Azerbaijan",2007,0.5807513405,0.132982353558269,0.4065085,0.7523182
"Azerbaijan",2008,0.598665585,0.123232235363943,0.4363583,0.7548838
"Azerbaijan",2009,0.614796816,0.107814125609544,0.4735109,0.7497607
"Azerbaijan",2010,0.6327855395,0.0865566928190034,0.5207912,0.7428649
"Azerbaijan",2011,0.6523751935,0.0474460019280607,0.5909344,0.7112419
"Azerbaijan",2012,0.671529053,0.0777283509188409,0.565139,0.7676731
"Azerbaijan",2013,0.689986859,0.0898327642070958,0.5709231,0.8007999
"Azerbaijan",2014,0.707144082,0.0953602313375533,0.5780346,0.8264681
"Azerbaijan",2015,0.7255407735,0.0896192845088608,0.6042365,0.8336325
"Azerbaijan",2016,0.745552369,0.0781003648010806,0.6365958,0.8385291
"Azerbaijan",2017,0.764015179,0.0632447610509215,0.6773279,0.8409798
"Azerbaijan",2018,0.782458369,0.0345315965538971,0.736133,0.8242165
"Bangladesh",1996,0.8771417755,0.0251352578626918,0.8450051,0.9080601
"Bangladesh",1997,0.8938901,0.0363058908341143,0.8438054,0.9375795
"Bangladesh",1998,0.909704909,0.0369315448476249,0.8619016,0.9504063
"Bangladesh",1999,0.9233242895,0.0338449504611626,0.8785225,0.9600493
"Bangladesh",2000,0.9367217505,0.02766322173601,0.8988051,0.9670959
"Bangladesh",2001,0.949091287,0.0188653348403613,0.923177,0.9707652
"Bangladesh",2002,0.9593670625,0.0100775920395823,0.9466213,0.9716801
"Bangladesh",2003,0.9365000135,0.0204444854444141,0.9101559,0.960783
"Bangladesh",2004,0.9042966705,0.0301644119448385,0.8630417,0.9404794
"Bangladesh",2005,0.861302898,0.0275704872845612,0.8238299,0.8955438
"Bangladesh",2006,0.8254632765,0.0547428653125169,0.7548628,0.8897843
"Bangladesh",2007,0.785834725,0.0779070660288204,0.683282,0.8781124
"Bangladesh",2008,0.7457950805,0.0933513243155112,0.6134425,0.8548693
"Bangladesh",2009,0.7003553725,0.106764557193715,0.5559755,0.8265582
"Bangladesh",2010,0.65284431,0.107655893665402,0.5136041,0.7875652
"Bangladesh",2011,0.600826575,0.102833049392168,0.4647635,0.7328989
"Bangladesh",2012,0.545209608,0.0874765038431272,0.4305997,0.6596533
"Bangladesh",2013,0.4873147075,0.0515451513954041,0.4194264,0.5549178
"Bangladesh",2014,0.5476637,0.0823207714141765,0.4412648,0.6540451
"Bangladesh",2015,0.605426811,0.0916154151755052,0.4877746,0.7186798
"Bangladesh",2016,0.65702826,0.0857151735890158,0.5433441,0.7632248
"Bangladesh",2017,0.7091991265,0.0713617762488237,0.6147078,0.7994825
"Bangladesh",2018,0.7585501865,0.0365757364852635,0.7106629,0.805094
"Belarus",1990,0.198950757,0.0304671552812601,0.1600644,0.2372196
"Belarus",1991,0.239087622,0.0626506902065155,0.1620088,0.3213521
"Belarus",1992,0.28263454805,0.081952368319479,0.1807819,0.390359
"Belarus",1993,0.32722900565,0.0924404953130803,0.2129838,0.4549989
"Belarus",1994,0.374614054,0.0939318123011165,0.2558645,0.4995061
"Belarus",1995,0.4223408405,0.0838608799818707,0.314926,0.5325968
"Belarus",1996,0.472689067,0.0432881090310867,0.4174091,0.5288334
"Belarus",1997,0.401767437,0.0761503849614756,0.304103,0.5029474
"Belarus",1998,0.336103965,0.0797678923379752,0.2349006,0.4426866
"Belarus",1999,0.2733979457,0.0653927473281433,0.1929437,0.3607059
"Belarus",2000,0.2179393245,0.0321628479897164,0.1763525,0.2604276
"Belarus",2001,0.24120893145,0.0636521047128376,0.1653854,0.3247106
"Belarus",2002,0.2628246272,0.0838207020649265,0.1600123,0.3764197
"Belarus",2003,0.286208237,0.0968430969415889,0.1706974,0.4105301
"Belarus",2004,0.3086145913,0.100593331646992,0.1844959,0.4413191
"Belarus",2005,0.3298788495,0.100234107908531,0.2053687,0.4679637
"Belarus",2006,0.3526757845,0.0969614214151665,0.2332461,0.4827379
"Belarus",2007,0.376433774,0.079425331965802,0.2796116,0.4832757
"Belarus",2008,0.3990500935,0.041257090326244,0.3462547,0.4527117
"Belarus",2009,0.477759831,0.074286566194339,0.3847654,0.5740437
"Belarus",2010,0.556469119,0.073598431109948,0.4589884,0.65322
"Belarus",2011,0.631443435,0.040683771179433,0.5804282,0.6833522
"Belarus",2012,0.586450345,0.082308787381373,0.4772663,0.6896359
"Belarus",2013,0.5420968825,0.0969451459500388,0.415196,0.6678239
"Belarus",2014,0.495139974,0.107535656486169,0.3547548,0.6333133
"Belarus",2015,0.449433229,0.10861643030487,0.3078223,0.5907757
"Belarus",2016,0.402663238,0.0992870387592668,0.2752932,0.5347475
"Belarus",2017,0.3590677135,0.0818663568963842,0.2544723,0.4673053
"Belarus",2018,0.3153550795,0.0397926293446193,0.2655506,0.3675472
"Belgium",1990,0.3986511225,0.0405952687808221,0.3446686,0.4509481
"Belgium",1991,0.3817754665,0.0798434382074462,0.2806624,0.4860756
"Belgium",1992,0.3673402261,0.0952769783513971,0.2491856,0.4951652
"Belgium",1993,0.350101358,0.100268884842895,0.2254651,0.4865653
"Belgium",1994,0.33316947905,0.103079880640613,0.2025114,0.474593
"Belgium",1995,0.3164176525,0.0950371179268589,0.1976249,0.4424888
"Belgium",1996,0.2985432705,0.0809648932777351,0.2000483,0.4053736
"Belgium",1997,0.2791058875,0.0538375925378353,0.2117058,0.3510355
"Belgium",1998,0.3317230215,0.0661982387132952,0.249012,0.4183247
"Belgium",1999,0.3852253855,0.035127434123288,0.3414299,0.4304397
"Belgium",2000,0.4130884635,0.0553224639834422,0.3439918,0.4832093
"Belgium",2001,0.4809003705,0.0583135108573518,0.4076094,0.5570266
"Belgium",2002,0.522807786,0.0588458215308787,0.4484739,0.5978329
"Belgium",2003,0.5466053645,0.0711201639416641,0.4550782,0.6367822
"Belgium",2004,0.573746606,0.050368926809162,0.5097906,0.6382578
"Belgium",2005,0.5438263915,0.0722645143072329,0.4475865,0.6377663
"Belgium",2006,0.5101578995,0.0565443219750862,0.4374207,0.5819979
"Belgium",2007,0.5456717615,0.054897865330225,0.4750056,0.6154611
"Belgium",2008,0.519864077,0.054405506327581,0.4468981,0.5885126
"Belgium",2009,0.5341439165,0.0348971017567511,0.4895307,0.5784128
"Belgium",2010,0.5268521875,0.0460962126994937,0.4670654,0.5857347
"Belgium",2011,0.538880074,0.0564024455824955,0.465746,0.6104685
"Belgium",2012,0.577164737,0.051702731720447,0.507429,0.6440064
"Belgium",2013,0.5976454415,0.056329184785783,0.5250605,0.667624
"Belgium",2014,0.5076016895,0.0579219166474846,0.4327974,0.5818383
"Belgium",2015,0.527389238,0.0475791874282393,0.4651728,0.5888693
"Belgium",2016,0.5301047925,0.0530958853733624,0.4625736,0.5965864
"Belgium",2017,0.5224816885,0.039556006533571,0.471838,0.5718478
"Belgium",2018,0.551098075,0.056158532105616,0.4790526,0.6243899
"Belgium",2019,0.506015384,0.0607555693932226,0.4257928,0.5844225
"Belgium",2020,0.4427917215,0.0622253317572924,0.3647003,0.5240418
"Belgium",2021,0.338471145,0.0570924030291053,0.2672669,0.4135177
"Belgium",2022,0.437111159,0.0653651561152247,0.3515267,0.5209456
"Bolivia",1996,0.17310983565,0.0304115852981715,0.136044,0.2124814
"Bolivia",1997,0.17208206555,0.0510310225392456,0.1111438,0.2393148
"Bolivia",1998,0.1699270919,0.0574728990590083,0.1036412,0.2487974
"Bolivia",1999,0.16502341425,0.0539067327443569,0.1010089,0.2389682
"Bolivia",2000,0.1595831114,0.0458355440384,0.105099,0.2208772
"Bolivia",2001,0.15153448835,0.0252912708776711,0.1205346,0.1839571
"Bolivia",2002,0.11869552005,0.0300553880479434,0.08282084,0.1591282
"Bolivia",2003,0.0889500956,0.0148752999534831,0.07034212,0.1081883
"Bolivia",2004,0.11302847065,0.0281375356769775,0.0795754,0.1506487
"Bolivia",2005,0.137627306,0.01994428820109,0.1119755,0.1636901
"Bolivia",2006,0.2028458565,0.0302404716981923,0.1644505,0.2401429
"Bolivia",2007,0.1791590345,0.0272618127309979,0.1437015,0.2149031
"Bolivia",2008,0.215945345,0.02720523899598,0.1816366,0.2516954
"Bolivia",2009,0.2858809845,0.0324224282883827,0.2447401,0.3268796
"Bolivia",2010,0.263934683,0.0307610025257095,0.2244956,0.3034281
"Bolivia",2011,0.245539449,0.0289860072055165,0.2089745,0.2821759
"Bolivia",2012,0.2202067298,0.0493612001480249,0.1580412,0.2866363
"Bolivia",2013,0.190652729,0.0297441433119907,0.1546318,0.2283576
"Bolivia",2014,0.18054351415,0.0485888051130779,0.1193585,0.2442966
"Bolivia",2015,0.169892635,0.052540896112614,0.105519,0.242884
"Bolivia",2016,0.1573685539,0.0438998252458139,0.1060917,0.2140272
"Bolivia",2017,0.1438332668,0.0229798035135083,0.1152953,0.1732566
"Bosnia & Herzegovina",1998,0.596249135,0.0424992460527514,0.5392128,0.6496772
"Bosnia & Herzegovina",1999,0.508506285,0.074590026207051,0.4118804,0.6022652
"Bosnia & Herzegovina",2000,0.4208095325,0.070499365400157,0.3323306,0.512205
"Bosnia & Herzegovina",2001,0.3341947665,0.037063708859762,0.2875764,0.3829882
"Bosnia & Herzegovina",2002,0.3379987765,0.0751070556512359,0.2446711,0.4387173
"Bosnia & Herzegovina",2003,0.343519564,0.0894059450906464,0.2337896,0.464697
"Bosnia & Herzegovina",2004,0.3491167845,0.100445081079038,0.2272379,0.4800962
"Bosnia & Herzegovina",2005,0.3540326503,0.101933587654302,0.2295246,0.485745
"Bosnia & Herzegovina",2006,0.355750912,0.0993698030581836,0.2293142,0.4893829
"Bosnia & Herzegovina",2007,0.355461453,0.0782924449926572,0.2580641,0.458492
"Bosnia & Herzegovina",2008,0.35298779,0.0416679638803226,0.2998026,0.4064678
"Bosnia & Herzegovina",2009,0.3512346905,0.0800870034415937,0.2483064,0.4593399
"Bosnia & Herzegovina",2010,0.34631089695,0.0997754624993449,0.2243285,0.4840181
"Bosnia & Herzegovina",2011,0.3378187177,0.108841646077774,0.2049506,0.4901556
"Bosnia & Herzegovina",2012,0.3309456473,0.115600573880052,0.1903962,0.495848
"Bosnia & Herzegovina",2013,0.32447856375,0.11761244359852,0.1803604,0.482915
"Bosnia & Herzegovina",2014,0.31606471575,0.114663961184053,0.1759061,0.4664858
"Bosnia & Herzegovina",2015,0.30891546735,0.110541766247213,0.1738395,0.4636244
"Bosnia & Herzegovina",2016,0.30190650525,0.103303899542872,0.1736365,0.4425324
"Bosnia & Herzegovina",2017,0.29381218825,0.090569306922323,0.1850865,0.4139622
"Bosnia & Herzegovina",2018,0.2837448718,0.0726906590081709,0.191376,0.3816518
"Bosnia & Herzegovina",2019,0.2738934695,0.0390373038942335,0.2252333,0.3255199
"Bosnia & Herzegovina",2020,0.24367307085,0.0622339304442004,0.1681793,0.3269964
"Bosnia & Herzegovina",2021,0.2139044976,0.0680328128294879,0.1333729,0.3052569
"Bosnia & Herzegovina",2022,0.19353600375,0.0688283913949203,0.1142745,0.2885217
"Brazil",1991,0.435686631,0.0507882686083406,0.3727469,0.5017252
"Brazil",1992,0.3898443065,0.0781770766220709,0.2898275,0.4968835
"Brazil",1993,0.347686852,0.0804266697611279,0.2472251,0.4566243
"Brazil",1994,0.3062379915,0.0707202240697642,0.2188355,0.3987016
"Brazil",1995,0.265787097,0.0391906722339215,0.2152444,0.3171179
"Brazil",1996,0.254807472,0.0340971448890521,0.2125967,0.3008324
"Brazil",1997,0.450527692,0.0462602730582176,0.3930139,0.5102297
"Brazil",1998,0.415990694,0.0794911740477841,0.3141667,0.5212125
"Brazil",1999,0.3854051905,0.0846555687624947,0.2760784,0.4965844
"Brazil",2000,0.352549874,0.0742549806230517,0.2588453,0.4520494
"Brazil",2001,0.316734122,0.043691191110949,0.2614466,0.3747712
"Brazil",2002,0.302548151,0.0590200235807555,0.2284931,0.3801877
"Brazil",2003,0.282365209,0.0348539471698254,0.2386761,0.3277397
"Brazil",2004,0.3049173655,0.0568948028447087,0.2324429,0.3785478
"Brazil",2005,0.325266269,0.0346831712298331,0.281817,0.3712072
"Brazil",2006,0.3657175455,0.0286038932433728,0.3291834,0.4029645
"Brazil",2007,0.3400231895,0.0444183064163644,0.2852351,0.3990173
"Brazil",2008,0.338579888,0.0367890509278038,0.2924376,0.3867519
"Brazil",2009,0.35291199,0.0382333566378993,0.3060413,0.4020108
"Brazil",2010,0.372788247,0.0388076764828041,0.3239646,0.4234214
"Brazil",2011,0.283601738,0.0366596888714352,0.2378632,0.330271
"Brazil",2012,0.2884232685,0.0556090516005295,0.2179182,0.3610924
"Brazil",2013,0.2909244905,0.0382590083536285,0.241586,0.3407591
"Brazil",2014,0.3911745325,0.0431908686333998,0.336396,0.4474025
"Brazil",2015,0.3980171485,0.0777936759622484,0.3008436,0.5034344
"Brazil",2016,0.407519935,0.0880516977241827,0.296296,0.5203223
"Brazil",2017,0.411440699,0.0810966066157869,0.3069914,0.5138847
"Brazil",2018,0.419018638,0.0499494764533717,0.3542197,0.483748
"Bulgaria",1991,0.299846716,0.0397053172168034,0.2477794,0.3518158
"Bulgaria",1992,0.3290577755,0.07379480109005,0.2378194,0.4278944
"Bulgaria",1993,0.3593165585,0.0935360424762329,0.2404441,0.4887884
"Bulgaria",1994,0.38820342,0.0978165107086692,0.266323,0.5155022
"Bulgaria",1995,0.4171378425,0.0958697291163385,0.2969507,0.547105
"Bulgaria",1996,0.4476400175,0.0795464679793464,0.3440832,0.5526782
"Bulgaria",1997,0.4803314175,0.0327520081407052,0.4381144,0.5220346
"Bulgaria",1998,0.3616208855,0.0612911649931333,0.2854948,0.4393472
"Bulgaria",1999,0.2538066815,0.030085193767584,0.2162161,0.2921908
"Bulgaria",2000,0.2479536555,0.0281838373559186,0.212055,0.2852208
"Bulgaria",2001,0.217713109,0.0437179984717428,0.1632285,0.274756
"Bulgaria",2002,0.1881561582,0.0421101481624703,0.1356497,0.2438711
"Bulgaria",2003,0.1875003807,0.0421653582079142,0.1348919,0.2443692
"Bulgaria",2004,0.2195146553,0.0545301080727465,0.1524249,0.2926426
"Bulgaria",2005,0.254154831,0.0420763393796233,0.2001891,0.3102061
"Bulgaria",2006,0.2851136125,0.0317405860353944,0.2449231,0.3264064
"Bulgaria",2007,0.260403224,0.037185875829304,0.2134098,0.3086493
"Bulgaria",2008,0.2099379465,0.026211332216141,0.177794,0.2429812
"Bulgaria",2009,0.2735244795,0.035817148407119,0.2292861,0.3222236
"Bulgaria",2010,0.287900622,0.0431268470620665,0.2328604,0.3440492
"Bulgaria",2011,0.3211332595,0.0427725581729394,0.2655512,0.3766742
"Bulgaria",2012,0.304484901,0.0451713975970817,0.2463275,0.3644309
"Bulgaria",2013,0.271268136,0.0450514736927933,0.2147667,0.3291174
"Bulgaria",2014,0.2213694055,0.0399575253931201,0.172013,0.2741534
"Bulgaria",2015,0.2796014325,0.0470630583903338,0.2213725,0.340758
"Bulgaria",2016,0.2498967625,0.0429086139152403,0.1976026,0.3071978
"Bulgaria",2017,0.254562196,0.0290425296604845,0.217953,0.2921758
"Bulgaria",2018,0.2949688655,0.0519297801894604,0.2292957,0.3623475
"Bulgaria",2019,0.3369712445,0.0611450223650849,0.2593536,0.4152486
"Bulgaria",2020,0.3416869215,0.0631132797157031,0.2638414,0.4207318
"Bulgaria",2021,0.37454022,0.0654367781139671,0.2916801,0.4579883
"Bulgaria",2022,0.354325266,0.0684995816751029,0.2688069,0.4468343
"Cambodia",2008,0.8778434125,0.021751683894252,0.8489745,0.9051541
"Cambodia",2009,0.8739640615,0.0391301111971569,0.8240027,0.9201191
"Cambodia",2010,0.8724942905,0.042622047508514,0.8138517,0.924244
"Cambodia",2011,0.8726167465,0.0390594288803032,0.8216873,0.9188367
"Cambodia",2012,0.8761247195,0.0197015631761445,0.8509795,0.901177
"Cambodia",2013,0.8549282595,0.040213364845823,0.8012508,0.9022678
"Cambodia",2014,0.8352499725,0.0435365489738222,0.7775676,0.8867243
"Cambodia",2015,0.8141249695,0.0262863010929485,0.7790701,0.8475188
"Canada",1990,0.5067012415,0.0380674236153898,0.4579285,0.5557121
"Canada",1991,0.4989431825,0.0816925814841162,0.3917864,0.6056141
"Canada",1992,0.4901106925,0.100460659491747,0.3587597,0.6235914
"Canada",1993,0.482502256,0.106519891374183,0.3416829,0.6203227
"Canada",1994,0.476854161,0.100445288070023,0.3462092,0.6074036
"Canada",1995,0.46752289,0.0902913933417449,0.3530853,0.5866885
"Canada",1996,0.4595736145,0.062293326476073,0.3789586,0.5410536
"Canada",1997,0.4693968325,0.0859462168282932,0.3606568,0.5803487
"Canada",1998,0.479070823,0.0901934405355705,0.3640595,0.597402
"Canada",1999,0.48893529,0.0784324972966179,0.3886504,0.5914466
"Canada",2000,0.4985732565,0.0370807953542904,0.4498172,0.5457249
"Canada",2001,0.4490145315,0.0321020906458119,0.4073422,0.4897442
"Canada",2002,0.480853981,0.0775538669452576,0.3844487,0.5837698
"Canada",2003,0.510300226,0.0831189308669942,0.3991599,0.6177918
"Canada",2004,0.5404802175,0.071700144468422,0.4494781,0.6341677
"Canada",2005,0.541863738,0.0718441808335873,0.4508772,0.6341439
"Canada",2006,0.541375162,0.0374478023488981,0.4931398,0.5907006
"Canada",2007,0.5256565755,0.0839672654788418,0.4150852,0.6334704
"Canada",2008,0.510757245,0.100131060587578,0.3801652,0.6426126
"Canada",2009,0.497559745,0.102660066498248,0.3680707,0.6324974
"Canada",2010,0.4832895775,0.0984296301076589,0.3581144,0.6134097
"Canada",2011,0.4684092665,0.0774406407274217,0.3708887,0.5669491
"Canada",2012,0.4784272775,0.100889622319867,0.3482265,0.6071362
"Canada",2013,0.4872983785,0.115255004642175,0.333375,0.6419159
"Canada",2014,0.49532167,0.125234345965285,0.3331343,0.6603646
"Canada",2015,0.5025910985,0.127260698247468,0.3386613,0.675609
"Canada",2016,0.512243167,0.126138418916115,0.3441061,0.6767394
"Canada",2017,0.521784184,0.122597075735323,0.3614155,0.6819865
"Canada",2018,0.5313767055,0.109539096224059,0.3825018,0.6712646
"Canada",2019,0.5407575835,0.0871306337342986,0.4300644,0.6487607
"Canada",2020,0.5557006725,0.0401257445036255,0.5025121,0.6072404
"Chile",1990,0.569383044,0.0493459554186273,0.5048169,0.6323773
"Chile",1991,0.5405488175,0.0826091228343876,0.4300181,0.6483388
"Chile",1992,0.5149742645,0.0963209504306746,0.3893609,0.6406582
"Chile",1993,0.485233415,0.0941949712336579,0.363246,0.6104287
"Chile",1994,0.4578149315,0.0816108686005405,0.3527508,0.5663786
"Chile",1995,0.4277513005,0.0419408848484165,0.373668,0.4803669
"Chile",1996,0.399433409,0.040131826308008,0.3470947,0.4522734
"Chile",1997,0.4230972495,0.0782032869982645,0.3232002,0.5303418
"Chile",1998,0.4440410635,0.0869215381606859,0.3328811,0.5568758
"Chile",1999,0.4694027365,0.0727061142365878,0.3780649,0.5637014
"Chile",2000,0.4922414005,0.0281367279322679,0.4571431,0.5282114
"Chile",2001,0.4492524925,0.0385293703870717,0.4001583,0.4995945
"Chile",2002,0.3192279175,0.0554906977482802,0.2480836,0.3926134
"Chile",2003,0.2097014305,0.0234715309447981,0.1802972,0.2408472
"Chile",2004,0.303540606,0.0563303236044535,0.2295502,0.3773863
"Chile",2005,0.4113080405,0.0269084441344484,0.3767386,0.4455288
"Chile",2006,0.3542203025,0.0292872717939988,0.3172417,0.3926364
"Chile",2007,0.288150185,0.0311464982350654,0.2499086,0.3282799
"Chile",2008,0.328472674,0.0336173456231169,0.2854241,0.3729232
"Chile",2009,0.377603103,0.0342188833828104,0.3342387,0.4209872
"Chile",2010,0.3932880695,0.0289377381143077,0.3553142,0.430948
"Chile",2011,0.280821276,0.0298791209462408,0.2426677,0.3187988
"Chile",2012,0.2789310275,0.0312043260338427,0.2396932,0.3201958
"Chile",2013,0.2177923605,0.0277643533622584,0.1817531,0.252797
"Chile",2014,0.213768802,0.0283908036097537,0.1775443,0.2519819
"Chile",2015,0.20955627315,0.0451945556469316,0.1541808,0.2714228
"Chile",2016,0.203008439,0.0368137852935296,0.1575568,0.2513747
"Chile",2017,0.24684497545,0.0538130397453028,0.182767,0.318796
"Chile",2018,0.2937308905,0.0384074701889837,0.2457242,0.3437819
"China",1990,0.6232307845,0.0416382069824629,0.5698175,0.676257
"China",1991,0.628350925,0.0827176897499632,0.5200353,0.7326662
"China",1992,0.633749385,0.103140514397379,0.4948582,0.7621369
"China",1993,0.639836623,0.114482555053365,0.4828388,0.7818269
"China",1994,0.646783376,0.118444420718556,0.4894019,0.7949832
"China",1995,0.651850371,0.123967782433119,0.4785078,0.8089588
"China",1996,0.65884941,0.125152475953517,0.4906765,0.8189346
"China",1997,0.6647729715,0.122691817666248,0.4956386,0.8181604
"China",1998,0.673230778,0.113093403347711,0.515422,0.8137871
"China",1999,0.6838832135,0.0959278101020835,0.5554995,0.8053731
"China",2000,0.6923854435,0.0737976261414814,0.5936076,0.7848306
"China",2001,0.7029531835,0.0338021752916591,0.6581121,0.7464262
"China",2002,0.8204643525,0.0202646704942953,0.7940363,0.845156
"China",2003,0.8184494165,0.0510014801954031,0.7503426,0.8801504
"China",2004,0.819266925,0.0588132464313548,0.7407244,0.8913671
"China",2005,0.820902796,0.0587731485161858,0.7406452,0.8906526
"China",2006,0.8274054175,0.0490420203253189,0.7619843,0.8849568
"China",2007,0.8353518385,0.0243272718723821,0.8038556,0.8659733
"China",2008,0.723542946,0.0251514687870143,0.6910873,0.7556323
"China",2009,0.702813201,0.0609724178551511,0.6234288,0.7769374
"China",2010,0.68812484,0.0616000451883033,0.6107695,0.7641859
"China",2011,0.67757155,0.0250613240183809,0.6456759,0.7095938
"China",2012,0.7863585405,0.0272593580867564,0.750009,0.8201118
"China",2013,0.782741168,0.0276600125249288,0.7460571,0.8165725
"China",2014,0.724399408,0.0515310353862847,0.6564769,0.7895925
"China",2015,0.662047936,0.0253053734261722,0.6288418,0.6935249
"China",2016,0.7309633365,0.058935707064248,0.654588,0.8022754
"China",2017,0.7936495165,0.0492959766460862,0.7283381,0.8522869
"China",2018,0.847886922,0.023287049110612,0.8173289,0.8762706
"Colombia",1996,0.17426772715,0.0287785574752067,0.1383994,0.2125853
"Colombia",1997,0.2430738825,0.0336761367278545,0.200127,0.2864911
"Colombia",1998,0.21729374,0.0321457339641273,0.1754927,0.2598926
"Colombia",1999,0.2059038151,0.0512903082106375,0.144667,0.2747157
"Colombia",2000,0.191495056,0.0477886932950546,0.1338397,0.2546582
"Colombia",2001,0.17323622805,0.0278621491659118,0.1372668,0.2083419
"Colombia",2002,0.15447442105,0.0370078389478699,0.107998,0.2030988
"Colombia",2003,0.13502623585,0.0202459466224345,0.1095474,0.1615596
"Colombia",2004,0.19821490275,0.0429139588251801,0.1462376,0.2560635
"Colombia",2005,0.2752613205,0.0309980598441714,0.2359733,0.3154786
"Colombia",2006,0.3026573095,0.0423632339195885,0.2484647,0.3591483
"Colombia",2007,0.2705884645,0.038999760333607,0.2207185,0.3216711
"Colombia",2008,0.3497879975,0.0377697341379036,0.301361,0.4002385
"Colombia",2009,0.3293884335,0.03649765673181,0.2829231,0.3765847
"Colombia",2010,0.27780693,0.0334449840762412,0.2349228,0.3206871
"Colombia",2011,0.232392375,0.0298838130524646,0.1947348,0.2702947
"Colombia",2012,0.17521380335,0.0261389143147808,0.1426462,0.2096653
"Colombia",2013,0.17467750495,0.0273547872914415,0.1397327,0.2110753
"Colombia",2014,0.1677324573,0.0467102629318239,0.1100259,0.2307152
"Colombia",2015,0.15823405535,0.0527825237142968,0.09591768,0.2324463
"Colombia",2016,0.1503705064,0.0503085066089204,0.09018143,0.2189367
"Colombia",2017,0.1396490612,0.0412728570927716,0.09061973,0.1947604
"Colombia",2018,0.12676636465,0.0227101423153186,0.09808825,0.1568464
"Costa Rica",1996,0.1704555015,0.0340973172361826,0.1273818,0.2148991
"Costa Rica",1997,0.18639213405,0.0561377059196003,0.1182475,0.261713
"Costa Rica",1998,0.2014269783,0.0675313345357825,0.1204536,0.2941315
"Costa Rica",1999,0.21477616445,0.0680018604859597,0.1322971,0.3039163
"Costa Rica",2000,0.2276312493,0.0612699555518787,0.153725,0.3092007
"Costa Rica",2001,0.2387847075,0.0360567352360955,0.192462,0.2862876
"Costa Rica",2002,0.21015785505,0.0461598695273948,0.1543233,0.270226
"Costa Rica",2003,0.1805475825,0.026134761354769,0.1475593,0.2145532
"Costa Rica",2004,0.2387581731,0.050325456930467,0.1779992,0.3044398
"Costa Rica",2005,0.3013983215,0.035261811885223,0.2573522,0.3465134
"Costa Rica",2006,0.3292891215,0.0492621827687661,0.2679226,0.3941345
"Costa Rica",2007,0.312141762,0.0473762103060053,0.2508514,0.3754307
"Costa Rica",2008,0.2989694375,0.0353206868651702,0.254121,0.3459865
"Costa Rica",2009,0.3943304495,0.0388464023630597,0.3446073,0.4431075
"Costa Rica",2010,0.3548953425,0.0374048228842177,0.3077162,0.402455
"Costa Rica",2011,0.251956422,0.0347714448523566,0.2067343,0.2971794
"Costa Rica",2012,0.2337222825,0.0520275303427953,0.1693215,0.3038094
"Costa Rica",2013,0.211978022,0.0369180188490714,0.1646042,0.2600933
"Croatia",1996,0.4027231255,0.0402416447132366,0.351171,0.4539081
"Croatia",1997,0.392400183,0.0702034178960944,0.3031861,0.4836652
"Croatia",1998,0.3793586415,0.0712885232533386,0.2905916,0.4727384
"Croatia",1999,0.367293958,0.0383604122897259,0.3179242,0.4157661
"Croatia",2000,0.3282449475,0.0651294752576082,0.2450074,0.4158487
"Croatia",2001,0.2887381405,0.0610416317713445,0.2133296,0.3687455
"Croatia",2002,0.2516521275,0.0304137453075589,0.2125855,0.2920177
"Croatia",2003,0.2629708895,0.0606500320742834,0.1853578,0.3435237
"Croatia",2004,0.2709607054,0.0714592637532616,0.1815374,0.3627486
"Croatia",2005,0.2782114114,0.0673413270352887,0.1966663,0.3713988
"Croatia",2006,0.2837888525,0.0412419757496365,0.2321173,0.3394895
"Croatia",2007,0.3277712405,0.048844810197597,0.265854,0.3910556
"Croatia",2008,0.268415545,0.0293910202784878,0.2304107,0.3065512
"Croatia",2009,0.23271526,0.0363431902239639,0.1872324,0.2797243
"Croatia",2010,0.23519871025,0.0561841111615499,0.1670186,0.3089322
"Croatia",2011,0.2358665915,0.0479038918422966,0.1762108,0.2976459
"Croatia",2012,0.19411655545,0.0420335269528537,0.1421561,0.2462918
"Croatia",2013,0.229299623,0.043481079258289,0.1753922,0.2858685
"Croatia",2014,0.21675678535,0.0398134122356172,0.1686732,0.2699774
"Croatia",2015,0.251831546,0.0448737652433071,0.1955468,0.3124335
"Croatia",2016,0.2517299745,0.0469944803915788,0.1928382,0.3138571
"Croatia",2017,0.2397968165,0.0294082357781221,0.2020499,0.2776054
"Croatia",2018,0.2123111964,0.0468258514353247,0.1536961,0.2730903
"Croatia",2019,0.2074518876,0.0521946324141993,0.1450068,0.2765563
"Croatia",2020,0.24922084005,0.058967625249458,0.1754435,0.3260845
"Croatia",2021,0.27293883705,0.0621232418623787,0.1969769,0.3547454
"Croatia",2022,0.292603547,0.0687709205783257,0.2081697,0.3853552
"Cyprus",1996,0.6071253,0.0480797098893964,0.5447557,0.6680815
"Cyprus",1997,0.6086127645,0.082925951353753,0.5022711,0.7141627
"Cyprus",1998,0.6143531545,0.0938245112057406,0.4925853,0.733987
"Cyprus",1999,0.6217299025,0.0936476558233178,0.5008628,0.7419909
"Cyprus",2000,0.62687306,0.0884155907859038,0.5086985,0.735933
"Cyprus",2001,0.6341916495,0.0644050720128868,0.5492024,0.7160908
"Cyprus",2002,0.649343576,0.0603684862569264,0.5705663,0.7266866
"Cyprus",2003,0.6615711255,0.0534261662656949,0.5916913,0.7296969
"Cyprus",2004,0.6927660475,0.0305690934505169,0.6556997,0.7325244
"Cyprus",2005,0.6434197205,0.0603571189319475,0.5649189,0.7187346
"Cyprus",2006,0.59333719,0.0358434939103982,0.5471249,0.6384948
"Cyprus",2007,0.625574886,0.0445140241869196,0.5669826,0.6822944
"Cyprus",2008,0.592724572,0.0360879840954278,0.545415,0.6387314
"Cyprus",2009,0.518833633,0.0433434829748315,0.4636923,0.5741551
"Cyprus",2010,0.5070146575,0.0493852783939933,0.4441251,0.5699532
"Cyprus",2011,0.469839409,0.0372357569177443,0.4229051,0.5169064
"Cyprus",2012,0.323390147,0.0431739057070749,0.2696116,0.3798008
"Cyprus",2013,0.2550297375,0.0443053274964973,0.1995878,0.3127412
"Cyprus",2014,0.2615747375,0.0443723318356255,0.2069053,0.3187211
"Cyprus",2015,0.294322979,0.0489657466913666,0.2336457,0.359031
"Cyprus",2016,0.3489260295,0.0597686286415748,0.2715486,0.4273659
"Cyprus",2017,0.3842011295,0.0645492895485174,0.3025613,0.4666991
"Cyprus",2018,0.414749542,0.0624703644699528,0.3373594,0.4964954
"Cyprus",2019,0.414279632,0.0378346024354201,0.3657807,0.4640697
"Cyprus",2020,0.370392567,0.0616634790688698,0.2898529,0.4517992
"Cyprus",2021,0.3842665365,0.0676779047601876,0.2966465,0.4714598
"Cyprus",2022,0.4160046245,0.0768851184775191,0.3152582,0.5152061
"Czechia",1991,0.3630802195,0.0368559223266844,0.3155743,0.4109977
"Czechia",1992,0.3564484395,0.0731725391918117,0.2638593,0.4538923
"Czechia",1993,0.353402144,0.0864644589832892,0.2446564,0.4698537
"Czechia",1994,0.344518063,0.0851835494997404,0.2412364,0.4583942
"Czechia",1995,0.336759481,0.0765875312894805,0.2406351,0.4363527
"Czechia",1996,0.329288124,0.0499234977328268,0.2651936,0.3952868
"Czechia",1997,0.3338343625,0.062717042628939,0.2534093,0.4151417
"Czechia",1998,0.333922293,0.0320507708142729,0.2926531,0.3745868
"Czechia",1999,0.290758059,0.0280573579121774,0.255513,0.3273928
"Czechia",2000,0.293495158,0.0270406569074982,0.2582668,0.3281538
"Czechia",2001,0.287595305,0.0488035266230054,0.2267072,0.3515097
"Czechia",2002,0.2566925364,0.0487433435045484,0.1954037,0.3202748
"Czechia",2003,0.2689185785,0.0466872791405926,0.2117019,0.3311201
"Czechia",2004,0.3867266075,0.0502402499870356,0.3217269,0.4494873
"Czechia",2005,0.342497422,0.0670584041814641,0.2562995,0.4294858
"Czechia",2006,0.298600328,0.0393190313261483,0.2507238,0.3488866
"Czechia",2007,0.309693127,0.0427988799299643,0.2548311,0.3662891
"Czechia",2008,0.3368006555,0.0320590840436323,0.2962539,0.3778939
"Czechia",2009,0.3481724495,0.0420009172152694,0.2957131,0.4030492
"Czechia",2010,0.3411513805,0.04230670865213,0.2878929,0.3946741
"Czechia",2011,0.300660517,0.048381263733391,0.2393636,0.3638975
"Czechia",2012,0.280691334,0.042699767544515,0.2251783,0.3369754
"Czechia",2013,0.302898519,0.0488504610666967,0.2413027,0.3654931
"Czechia",2014,0.327999116,0.0437498814354205,0.2711508,0.3829091
"Czechia",2015,0.342993537,0.0523392484482218,0.2794178,0.4098672
"Czechia",2016,0.3767302475,0.0431497985501288,0.3220574,0.4314499
"Czechia",2017,0.3714314025,0.033146809152013,0.3288368,0.4141567
"Czechia",2018,0.4260013365,0.0575226261097452,0.3523894,0.50185
"Czechia",2019,0.4556069415,0.0620233377122642,0.3753192,0.5349888
"Czechia",2020,0.4567858,0.064590161901835,0.3733167,0.5398414
"Czechia",2021,0.3264240085,0.0582451500884566,0.2531828,0.4032117
"Czechia",2022,0.382539977,0.065875229311828,0.3005405,0.4701515
"Denmark",1990,0.5291899285,0.0403823579989724,0.477799,0.5811139
"Denmark",1991,0.529584305,0.0840517624243198,0.4206534,0.6375405
"Denmark",1992,0.5319727505,0.0991153023869315,0.4035567,0.6582043
"Denmark",1993,0.5299846765,0.108404439525595,0.3850279,0.6723972
"Denmark",1994,0.5290790295,0.108500771381492,0.3835463,0.6683262
"Denmark",1995,0.532208721,0.106854273408044,0.3932723,0.668653
"Denmark",1996,0.5328042345,0.0923354481696865,0.4132729,0.6508672
"Denmark",1997,0.5350650345,0.0586818556019725,0.461979,0.6115711
"Denmark",1998,0.543305946,0.0682565520293294,0.453903,0.6295326
"Denmark",1999,0.550812467,0.0191442442454325,0.526239,0.5750643
"Denmark",2000,0.539822795,0.0493566497544907,0.4764245,0.6021934
"Denmark",2001,0.600732596,0.0298578718019898,0.562374,0.6403736
"Denmark",2002,0.6093988945,0.0542373993288243,0.5412341,0.6782321
"Denmark",2003,0.662554607,0.0724009940755935,0.5701114,0.7554166
"Denmark",2004,0.711792226,0.0696710439703244,0.6186393,0.7959977
"Denmark",2005,0.756907664,0.041897040659874,0.7018942,0.8089677
"Denmark",2006,0.70381422,0.050193890700487,0.6389765,0.7689944
"Denmark",2007,0.6917330085,0.0482880139520372,0.6270782,0.7529742
"Denmark",2008,0.690419247,0.0279092847722266,0.6557045,0.7262398
"Denmark",2009,0.6763774695,0.0427780174839017,0.6219802,0.7300466
"Denmark",2010,0.644171329,0.047509558349063,0.5825966,0.7018105
"Denmark",2011,0.639766142,0.0543087049837348,0.5702,0.7072647
"Denmark",2012,0.7186077395,0.044821345880751,0.6597107,0.7742889
"Denmark",2013,0.709393508,0.0498778580967557,0.6438677,0.7718693
"Denmark",2014,0.699516334,0.0438253549941427,0.6439021,0.7554779
"Denmark",2015,0.652402623,0.0512017531178869,0.5859742,0.7165537
"Denmark",2016,0.624435133,0.0403985408634304,0.5713727,0.6752957
"Denmark",2017,0.614169861,0.0318582984012987,0.5714969,0.6554538
"Denmark",2018,0.705332065,0.0465526121200344,0.642488,0.7641231
"Denmark",2019,0.734528892,0.0476939465809401,0.6717749,0.794444
"Denmark",2020,0.7252526375,0.0489369097328406,0.6610299,0.7867855
"Denmark",2021,0.5419031265,0.0630710028464391,0.4620721,0.6227587
"Denmark",2022,0.6839025465,0.0574006279887214,0.608106,0.7570952
"Dominican Republic",1996,0.12125504535,0.024676268910023,0.09076669,0.1544135
"Dominican Republic",1997,0.1359030188,0.0449426320829579,0.08237789,0.1979327
"Dominican Republic",1998,0.1520805714,0.0580359564402365,0.08531208,0.2272739
"Dominican Republic",1999,0.16816107395,0.0700140073608743,0.08759475,0.2626845
"Dominican Republic",2000,0.1852234496,0.0789754364765608,0.09522885,0.2862383
"Dominican Republic",2001,0.20050154635,0.0844122750604318,0.104558,0.3153731
"Dominican Republic",2002,0.21658702115,0.0824969384953333,0.1197537,0.3273504
"Dominican Republic",2003,0.2320922417,0.0788268894905865,0.1385891,0.3396365
"Dominican Republic",2004,0.249061698,0.0659887848144409,0.1693474,0.3357462
"Dominican Republic",2005,0.2665085975,0.0340177542181656,0.2235536,0.3099399
"Dominican Republic",2006,0.27603614,0.0346528221265176,0.232725,0.320766
"Dominican Republic",2007,0.170635725,0.0296527769070837,0.1335074,0.2093895
"Dominican Republic",2008,0.269590379,0.0322540670569963,0.2293395,0.3111951
"Dominican Republic",2009,0.241750262,0.032882287189135,0.2003608,0.2845277
"Dominican Republic",2010,0.212489681,0.0308115988583738,0.1730088,0.2521664
"Dominican Republic",2011,0.15700024235,0.0260873353320807,0.1248001,0.1915953
"Dominican Republic",2012,0.1795338394,0.0431093700970098,0.1276475,0.2352793
"Dominican Republic",2013,0.19984568995,0.0373316111709168,0.152557,0.2488671
"Ecuador",1996,0.259239001,0.0407993963180334,0.2077545,0.3129163
"Ecuador",1997,0.25042358305,0.0669085354626227,0.1702205,0.3384818
"Ecuador",1998,0.24151816575,0.0749779825921598,0.1540462,0.344158
"Ecuador",1999,0.2308529647,0.0727872019640092,0.145608,0.3292593
"Ecuador",2000,0.21781918095,0.059339132873999,0.1476458,0.2972798
"Ecuador",2001,0.2027942855,0.0298317773956444,0.1651407,0.2413712
"Ecuador",2002,0.1364758003,0.0328872413792311,0.09795014,0.1803277
"Ecuador",2003,0.0870692623,0.0144832958547458,0.06940501,0.1064071
"Ecuador",2004,0.13129829405,0.0323991047611336,0.09215364,0.1755158
"Ecuador",2005,0.188805969,0.0242682480073802,0.1586028,0.2201552
"Ecuador",2006,0.14761185155,0.0246694450127547,0.1178503,0.1800219
"Ecuador",2007,0.1248408909,0.0213116901225322,0.09848624,0.1528834
"Ecuador",2008,0.2118838505,0.0298458683402853,0.1742787,0.2508254
"Ecuador",2009,0.237114188,0.0300239338805975,0.1993633,0.2760792
"Ecuador",2010,0.304839146,0.033525432954327,0.2608285,0.3482637
"Ecuador",2011,0.365971161,0.0389146398162323,0.3163655,0.4143226
"Ecuador",2012,0.3073962025,0.0559252657027345,0.2382678,0.3802281
"Ecuador",2013,0.248932256,0.0354155672578538,0.2031976,0.2952382
"Ecuador",2014,0.2135424227,0.0584142103050521,0.1436153,0.2905522
"Ecuador",2015,0.17989160745,0.0603170951814015,0.1092646,0.2601479
"Ecuador",2016,0.14873853475,0.0523090338476329,0.08612827,0.2195206
"Ecuador",2017,0.11977908355,0.0383434882487309,0.07552672,0.1724969
"Ecuador",2018,0.09496566955,0.0205744173445158,0.06974884,0.1221276
"Egypt",2001,0.7286904815,0.0431649426550397,0.6719799,0.7851819
"Egypt",2002,0.707251368,0.0734900196043198,0.6063359,0.800616
"Egypt",2003,0.6891898945,0.0915672633932074,0.566818,0.7996925
"Egypt",2004,0.6693395725,0.102450427147705,0.531842,0.795085
"Egypt",2005,0.652771896,0.105048934683414,0.5084,0.7837749
"Egypt",2006,0.6353591485,0.0997548353243027,0.502136,0.76032
"Egypt",2007,0.617471807,0.086787605987971,0.5031296,0.7295106
"Egypt",2008,0.598872658,0.0501509058528256,0.5328855,0.6621875
"Egypt",2009,0.5218089835,0.0852905449925945,0.4115954,0.6323181
"Egypt",2010,0.444459705,0.0949657931013091,0.3216172,0.5685763
"Egypt",2011,0.3721212325,0.0902848912036464,0.2560582,0.4923953
"Egypt",2012,0.300438899,0.0714047608520186,0.2115633,0.3925578
"Egypt",2013,0.237108056,0.0386522847021779,0.1899937,0.289409
"Egypt",2014,0.25427435125,0.0662452634550265,0.1751634,0.3426392
"Egypt",2015,0.26993279515,0.0768348004201209,0.1739124,0.3728544
"Egypt",2016,0.28314217955,0.0800908242022234,0.1844523,0.3908278
"Egypt",2017,0.2951499835,0.0704920247939085,0.207114,0.3893539
"Egypt",2018,0.3054093205,0.0430867691421315,0.2529431,0.3633805
"El Salvador",1996,0.365695358,0.045598058666405,0.3082411,0.4263734
"El Salvador",1997,0.3344935305,0.0762666862496781,0.2368653,0.4348836
"El Salvador",1998,0.302198616,0.0832134375201957,0.1995208,0.4138704
"El Salvador",1999,0.2705989698,0.0803051954635862,0.1711346,0.3788146
"El Salvador",2000,0.24083461265,0.0668087607837153,0.1584277,0.3291646
"El Salvador",2001,0.2094424855,0.0357284006198461,0.1650158,0.2566272
"El Salvador",2002,0.18635195125,0.0416314938331952,0.1372454,0.2424493
"El Salvador",2003,0.1636714726,0.0250665911388138,0.1318768,0.1967131
"El Salvador",2004,0.1996047004,0.045173596069042,0.1439679,0.2597414
"El Salvador",2005,0.234509522,0.0311441570290165,0.1951438,0.2752364
"El Salvador",2006,0.2752151485,0.0427042878057572,0.221475,0.3290133
"El Salvador",2007,0.1799307049,0.0300579129968932,0.1430795,0.2188107
"El Salvador",2008,0.378576345,0.0380001194773269,0.3302924,0.4283707
"El Salvador",2009,0.444505499,0.0385311142535459,0.3955143,0.4942065
"El Salvador",2010,0.3560286225,0.0364667333265916,0.3109765,0.4050652
"El Salvador",2011,0.3241430545,0.0364711999688262,0.2778323,0.3712339
"El Salvador",2012,0.24279069,0.0515212303867657,0.1784857,0.3129023
"El Salvador",2013,0.17367763375,0.029844817228718,0.1367852,0.2112485
"Estonia",1996,0.525875143,0.0273952223551935,0.4907914,0.5602561
"Estonia",1997,0.490895907,0.0712520535804974,0.4000607,0.5869312
"Estonia",1998,0.4548151475,0.0729740001319812,0.3616646,0.5502642
"Estonia",1999,0.419842838,0.0355071314463803,0.3745539,0.4640147
"Estonia",2000,0.4331887805,0.069867959390131,0.3421717,0.5247785
"Estonia",2001,0.4457864835,0.0634571575447921,0.3659394,0.5269598
"Estonia",2002,0.4832111385,0.06501635477893,0.3971436,0.5680882
"Estonia",2003,0.511035288,0.0676948612176263,0.4256774,0.5999994
"Estonia",2004,0.5101884355,0.0828479072039233,0.4018956,0.6144255
"Estonia",2005,0.5096117995,0.0794407416796546,0.4056047,0.6122916
"Estonia",2006,0.507919598,0.0541502508315978,0.4364273,0.5776147
"Estonia",2007,0.528018768,0.0503216611822905,0.4629492,0.591208
"Estonia",2008,0.5613558915,0.0314924220343645,0.521291,0.600609
"Estonia",2009,0.5885778275,0.042334593014172,0.5365621,0.6432685
"Estonia",2010,0.66118582,0.0417813815245337,0.6087839,0.7124794
"Estonia",2011,0.652296942,0.0298270022408383,0.6136996,0.6890685
"Estonia",2012,0.5836395865,0.0443798477559798,0.5286277,0.6402221
"Estonia",2013,0.591376819,0.0505342505430051,0.5251662,0.6567433
"Estonia",2014,0.649576495,0.0464837656841511,0.5913096,0.7099234
"Estonia",2015,0.651106547,0.0534288410580016,0.5798606,0.7170912
"Estonia",2016,0.6289880775,0.0562955460891911,0.5554489,0.7010481
"Estonia",2017,0.6469806695,0.0534737617787047,0.5772051,0.7147486
"Estonia",2018,0.6621857495,0.0340579871069862,0.6175519,0.7060037
"Estonia",2019,0.6631224205,0.056434018952962,0.588945,0.7349384
"Estonia",2020,0.556008455,0.0650476903450044,0.4719217,0.6364564
"Estonia",2021,0.4161650895,0.0656604160146743,0.3331182,0.5033335
"Estonia",2022,0.505808175,0.0720823469325605,0.4138181,0.5986503
"Finland",1990,0.3579875475,0.0384512291555098,0.308162,0.4070553
"Finland",1991,0.361550987,0.0763541416530605,0.2656003,0.4643294
"Finland",1992,0.361479849,0.0909976863164205,0.2496844,0.4827536
"Finland",1993,0.36342866175,0.0987887352968013,0.2429999,0.5002075
"Finland",1994,0.36231472125,0.0920191637565276,0.245756,0.4836019
"Finland",1995,0.3593678975,0.0749051285209923,0.2637204,0.4507376
"Finland",1996,0.355326595,0.0347479602101815,0.3114246,0.399873
"Finland",1997,0.330012028,0.0459881149397327,0.2720241,0.3904047
"Finland",1998,0.361885392,0.0654848936763605,0.2797503,0.446878
"Finland",1999,0.39227846,0.0487589605365383,0.3290777,0.4542615
"Finland",2000,0.443471474,0.0189824396024314,0.4192017,0.4684022
"Finland",2001,0.4082049775,0.0463055325993196,0.3495663,0.468018
"Finland",2002,0.429021142,0.0529142656561233,0.3598169,0.4978917
"Finland",2003,0.5602539355,0.0667128699925334,0.4737378,0.6445393
"Finland",2004,0.682971749,0.0388763757516154,0.6332326,0.7315934
"Finland",2005,0.6039338105,0.0332495665449236,0.5603009,0.6463345
"Finland",2006,0.612801927,0.0390065960187268,0.56276,0.6639213
"Finland",2007,0.6316682455,0.0451900440909577,0.5740324,0.6869373
"Finland",2008,0.6395822295,0.04286794443272,0.5829001,0.6925021
"Finland",2009,0.544285058,0.0309385637647023,0.5043626,0.5836854
"Finland",2010,0.539580491,0.0377281492067422,0.4919422,0.589574
"Finland",2011,0.6371855865,0.0216430041044641,0.6097282,0.6655548
"Finland",2012,0.636467406,0.0370149815874887,0.5897361,0.6824641
"Finland",2013,0.61445294,0.0456446588173543,0.5558275,0.6718502
"Finland",2014,0.6236203815,0.0371376400019093,0.5766822,0.6721309
"Finland",2015,0.6431104795,0.0218018981837772,0.6158374,0.6717353
"Finland",2016,0.6250457475,0.0373038287658256,0.5769397,0.6719942
"Finland",2017,0.6157959095,0.0296278966260609,0.5778118,0.6529642
"Finland",2018,0.647179851,0.0281884822985905,0.6113256,0.6832154
"Finland",2019,0.6860509585,0.0223165532783154,0.6581848,0.7141065
"Finland",2020,0.76341625,0.0254082016706332,0.731079,0.795768
"Finland",2021,0.4756172285,0.056208572118789,0.4042758,0.5474929
"Finland",2022,0.594958509,0.0578648891724022,0.5203317,0.6705956
"France",1990,0.440560438,0.0430189818051745,0.3859078,0.495903
"France",1991,0.4445487375,0.083077050070057,0.3390679,0.553753
"France",1992,0.4468904725,0.102351486735028,0.316671,0.585352
"France",1993,0.4504911375,0.106894295198236,0.3133011,0.5888351
"France",1994,0.45477489,0.107031401374167,0.3151814,0.5955728
"France",1995,0.459456786,0.104157328034521,0.3240871,0.5960828
"France",1996,0.4639329115,0.088173210652942,0.3480149,0.5777203
"France",1997,0.466237226,0.0493206486728802,0.4033068,0.5299075
"France",1998,0.460301235,0.0686845699141876,0.3731125,0.5501456
"France",1999,0.4480823335,0.0352268008151764,0.4027917,0.4938247
"France",2000,0.6000450975,0.0338958320142752,0.5571028,0.6437334
"France",2001,0.509988532,0.0546784427448467,0.4399384,0.5803644
"France",2002,0.4771715415,0.0589628514777437,0.4030161,0.5544048
"France",2003,0.5111128975,0.0748070521311278,0.4124618,0.6064185
"France",2004,0.5435281815,0.0521885482350583,0.4753614,0.610017
"France",2005,0.515779708,0.0680605242465563,0.4279023,0.6010871
"France",2006,0.4885290555,0.0327579060896772,0.4475749,0.5298532
"France",2007,0.52811022,0.0455901846691553,0.4686275,0.5872217
"France",2008,0.5500605725,0.0338061467947813,0.5065258,0.5927363
"France",2009,0.550264046,0.0404713036936199,0.4979974,0.6022067
"France",2010,0.521430667,0.0457238539651551,0.4630402,0.5789587
"France",2011,0.512621312,0.0526022168332623,0.4464909,0.5811159
"France",2012,0.541807309,0.0482715012860976,0.4784911,0.604003
"France",2013,0.4954214945,0.0548330849025744,0.4251111,0.5651232
"France",2014,0.4765814105,0.0480336099318126,0.4177572,0.539439
"France",2015,0.518554117,0.0556607689164594,0.4466996,0.5900309
"France",2016,0.5163299945,0.0462237834314742,0.4570511,0.5751302
"France",2017,0.5626719585,0.0521474221546613,0.4956216,0.6294352
"France",2018,0.53705447,0.0355895925948954,0.4921858,0.5832989
"France",2019,0.5508229295,0.0566374577887278,0.4776282,0.6238376
"France",2020,0.528828531,0.0592269656721278,0.4538204,0.6077352
"France",2021,0.419452496,0.0601129460072523,0.3427584,0.4990895
"France",2022,0.51995281,0.0700432991985044,0.4286838,0.6089574
"Georgia",1996,0.5060414995,0.0475904905033366,0.4441326,0.5655135
"Georgia",1997,0.5034217055,0.0898705909782959,0.3854878,0.6177687
"Georgia",1998,0.5002829685,0.108938396322914,0.3583877,0.6429792
"Georgia",1999,0.4996847968,0.121171844356292,0.3417234,0.6567949
"Georgia",2000,0.497752603,0.12900627194337,0.3299691,0.6662921
"Georgia",2001,0.4979256145,0.133991961952058,0.3229861,0.6723554
"Georgia",2002,0.496620315,0.139001718057858,0.3125973,0.6765067
"Georgia",2003,0.492953788,0.141464378830227,0.3106135,0.6792242
"Georgia",2004,0.490630439,0.133817514387769,0.3150139,0.6639363
"Georgia",2005,0.4880653405,0.121728683501195,0.3333028,0.6504486
"Georgia",2006,0.4860320825,0.107154921396427,0.3504582,0.6301233
"Georgia",2007,0.4856699175,0.0825762918604511,0.3785526,0.5925697
"Georgia",2008,0.4855005745,0.0420743471323413,0.4321342,0.5399428
"Georgia",2009,0.4235042425,0.0392871246834843,0.3745521,0.4738732
"Georgia",2010,0.473158987,0.080809092656822,0.3681598,0.5818696
"Georgia",2011,0.5255717645,0.0903509508719403,0.4102306,0.6415723
"Georgia",2012,0.576266367,0.0773038566879411,0.4781615,0.671771
"Georgia",2013,0.6295623865,0.036215109344962,0.5826263,0.6751682
"Georgia",2014,0.5189344235,0.0392957163280302,0.469081,0.5689721
"Georgia",2015,0.5563861275,0.0691410687896921,0.466804,0.6456732
"Georgia",2016,0.595897787,0.0432260316905738,0.5406999,0.6507427
"Georgia",2017,0.590531549,0.0666007633127318,0.5061789,0.6765566
"Georgia",2018,0.587728853,0.0446656094704088,0.5308201,0.6443403
"Germany",1990,0.3747919545,0.0343657774848249,0.3315729,0.4194493
"Germany",1991,0.4513765635,0.0278801382574871,0.4158431,0.4882031
"Germany",1992,0.4530351975,0.0698679227802954,0.3653297,0.5460517
"Germany",1993,0.4579315585,0.0707679743657997,0.3693874,0.5527615
"Germany",1994,0.455804749,0.0253438833625975,0.4238736,0.4880677
"Germany",1995,0.42809561,0.0637828594344179,0.3477677,0.5100535
"Germany",1996,0.398976613,0.0434660711905344,0.3433786,0.455958
"Germany",1997,0.416926217,0.0303123117887584,0.3782154,0.4550873
"Germany",1998,0.4838759215,0.0286295313785402,0.4468994,0.5215255
"Germany",1999,0.4115995545,0.0305294550102953,0.3724714,0.4509021
"Germany",2000,0.421158178,0.0210357075208743,0.3950652,0.4486993
"Germany",2001,0.5963302095,0.0213201890619767,0.5679712,0.6236792
"Germany",2002,0.5513429205,0.0265393787443348,0.5182456,0.5858443
"Germany",2003,0.4767568535,0.0654146346441287,0.39366,0.5608154
"Germany",2004,0.404679985,0.0464157492239627,0.3447567,0.4638658
"Germany",2005,0.3818672185,0.0616344113562575,0.3058245,0.4634474
"Germany",2006,0.3581224835,0.0263830735108832,0.3243233,0.3926262
"Germany",2007,0.3997145545,0.0409866018577284,0.3480483,0.451726
"Germany",2008,0.447822959,0.0256778988114293,0.4145141,0.4813381
"Germany",2009,0.4725802635,0.0231808913784094,0.4425761,0.5023459
"Germany",2010,0.45645952,0.0404624191088678,0.4043019,0.509353
"Germany",2011,0.512234577,0.0484994559305447,0.4501127,0.5733312
"Germany",2012,0.576050521,0.0409735456748637,0.522129,0.629468
"Germany",2013,0.5721760555,0.0315159500430016,0.5317453,0.6129462
"Germany",2014,0.5984629645,0.0398720222520689,0.5467468,0.6507367
"Germany",2015,0.5898707555,0.0473496786474071,0.5294189,0.6511703
"Germany",2016,0.570003302,0.0367944454886903,0.5232175,0.6177802
"Germany",2017,0.59356704,0.0309555056991958,0.5546475,0.6348678
"Germany",2018,0.6136341225,0.0260541771439018,0.580717,0.6471464
"Germany",2019,0.6501179715,0.0452375812291331,0.5916201,0.7070246
"Germany",2020,0.6264030155,0.0491932989236823,0.5630651,0.6893798
"Germany",2021,0.489261361,0.0534983744548872,0.4210027,0.5587734
"Germany",2022,0.6059543545,0.0536263008971231,0.5354599,0.6750234
"Greece",1997,0.291677111,0.0627214764509715,0.2112639,0.3739109
"Greece",1998,0.2324870278,0.0556635722943035,0.1648882,0.3073447
"Greece",1999,0.181386486,0.0265053626057867,0.1479972,0.2153229
"Greece",2000,0.1889223555,0.026607061890828,0.1558676,0.2227083
"Greece",2001,0.2181727765,0.0440232897347538,0.1633566,0.2766684
"Greece",2002,0.2222933701,0.0500959542712453,0.1613134,0.2874797
"Greece",2003,0.22439741055,0.0636478961829969,0.1478329,0.3131522
"Greece",2004,0.22364272605,0.0682962465659394,0.140001,0.3172859
"Greece",2005,0.22087739355,0.0613298083650206,0.145987,0.3050453
"Greece",2006,0.21634271365,0.045127028220589,0.1611798,0.2759839
"Greece",2007,0.230920071,0.0440893298843245,0.1769425,0.288867
"Greece",2008,0.235182834,0.0304402742610015,0.1960961,0.2751235
"Greece",2009,0.2602842955,0.0420982285860726,0.2051074,0.3146654
"Greece",2010,0.19529366685,0.0402334929240198,0.1447354,0.2472057
"Greece",2011,0.1746828237,0.0385844082567003,0.1275593,0.2243073
"Greece",2012,0.1248219541,0.0274718534839114,0.09099193,0.1626459
"Greece",2013,0.1404104988,0.0329191392922028,0.1012905,0.184794
"Greece",2014,0.1616466774,0.0344955717299787,0.1194612,0.2071231
"Greece",2015,0.1893004223,0.0399228755166714,0.1408605,0.2407849
"Greece",2016,0.1742776952,0.0348221012725235,0.131538,0.2205986
"Greece",2017,0.2144593945,0.0271443702321958,0.1797854,0.2489492
"Greece",2018,0.16519081565,0.0352749482059431,0.12421,0.2110616
"Greece",2019,0.18435306435,0.0415860358976004,0.1331005,0.2393785
"Greece",2020,0.2313840493,0.0499379541929266,0.1686347,0.2961723
"Greece",2021,0.2460486015,0.0504761784498703,0.18373,0.3147049
"Greece",2022,0.22373479085,0.0519822028867862,0.1602292,0.2898984
"Guatemala",1996,0.459144532,0.0431311604464302,0.4044533,0.5139809
"Guatemala",1997,0.397787507,0.0780320941066769,0.2965885,0.4971511
"Guatemala",1998,0.3380869435,0.0837323022145598,0.2359438,0.4556415
"Guatemala",1999,0.28261349705,0.0780164044406172,0.1914061,0.3864281
"Guatemala",2000,0.230235789,0.0606292138442746,0.1559922,0.3120513
"Guatemala",2001,0.18215078025,0.0282978812200067,0.1477902,0.2193781
"Guatemala",2002,0.1358591269,0.032430490508563,0.09552122,0.177225
"Guatemala",2003,0.0974283277,0.0158686084491949,0.07818092,0.1184318
"Guatemala",2004,0.11364506295,0.0199221827978527,0.08866887,0.1398577
"Guatemala",2005,0.1687434606,0.0227745235775283,0.1407584,0.1990156
"Guatemala",2006,0.22823812,0.0368135872316735,0.1823577,0.276906
"Guatemala",2007,0.1325752639,0.0242227191274206,0.1026653,0.1641586
"Guatemala",2008,0.1642156423,0.0264222236461586,0.1320379,0.1985357
"Guatemala",2009,0.2047611885,0.0278869745112062,0.1699572,0.2418218
"Guatemala",2010,0.201094423,0.0283077835101885,0.165534,0.2374735
"Guatemala",2011,0.16634397475,0.0261298601001566,0.1328975,0.2002504
"Guatemala",2012,0.1725671065,0.0396373195888509,0.1245839,0.2251229
"Guatemala",2013,0.1755525541,0.0297767484310575,0.1395702,0.214476
"Guatemala",2014,0.1639050037,0.0499313735843221,0.1050336,0.2300738
"Guatemala",2015,0.1510509375,0.0550731698651023,0.08771318,0.2246511
"Guatemala",2016,0.13974696715,0.0584344184338673,0.07330962,0.2141753
"Guatemala",2017,0.12705584575,0.0540392981827169,0.06697624,0.2009942
"Guatemala",2018,0.11473807895,0.0458809219172494,0.06289604,0.175488
"Guatemala",2019,0.10208864735,0.0353954563332834,0.06152366,0.1474553
"Guatemala",2020,0.08822745715,0.0189985794565847,0.0646016,0.1128444
"Honduras",1996,0.3609152545,0.0412740566374253,0.3071187,0.4131257
"Honduras",1997,0.3177494615,0.0719235107189686,0.2276327,0.4123375
"Honduras",1998,0.27646209775,0.0757885915003868,0.1841181,0.3765765
"Honduras",1999,0.23803159735,0.0745650968404125,0.1502769,0.3361105
"Honduras",2000,0.20119036195,0.0560145877384896,0.1325533,0.2760037
"Honduras",2001,0.1672181316,0.0296741498596791,0.1301997,0.2049381
"Honduras",2002,0.15949126,0.0388407339480806,0.1110118,0.2102994
"Honduras",2003,0.1485973531,0.0249257453109441,0.11841,0.1819057
"Honduras",2004,0.19217829205,0.0445410401567611,0.1380824,0.251408
"Honduras",2005,0.242573311,0.037741283104254,0.1957665,0.29122
"Honduras",2006,0.25392921,0.0460395251631631,0.1986831,0.3116918
"Honduras",2007,0.21939521145,0.0409710417888626,0.169019,0.2743389
"Honduras",2008,0.176432992,0.029725204726498,0.140268,0.2159615
"Honduras",2009,0.176790728,0.0299361628756019,0.1408137,0.2170239
"Honduras",2010,0.19327839285,0.0316107809579245,0.15329,0.2343957
"Honduras",2011,0.1768221898,0.0325105783679478,0.1371164,0.2208531
"Honduras",2012,0.1212331467,0.0337441342347809,0.08199366,0.1643755
"Honduras",2013,0.07929318325,0.0197324318759593,0.05549403,0.1047831
"Hong Kong SAR China",2001,0.629923828,0.0248901901480125,0.5978058,0.6620145
"Hong Kong SAR China",2002,0.6225540895,0.0701217844125496,0.5274222,0.712122
"Hong Kong SAR China",2003,0.6163894185,0.0796581108769822,0.5089434,0.7187941
"Hong Kong SAR China",2004,0.60839973,0.0711003870528116,0.5173638,0.7005654
"Hong Kong SAR China",2005,0.603061252,0.0335691965925375,0.5603048,0.6461166
"Hong Kong SAR China",2006,0.684115771,0.0562154603469505,0.6103135,0.7537359
"Hong Kong SAR China",2007,0.76073667,0.0211339941337203,0.7340427,0.787402
"Hong Kong SAR China",2008,0.7429905475,0.0579295674415986,0.6679262,0.8141254
"Hong Kong SAR China",2009,0.7249482355,0.0736254789474348,0.6240136,0.8149254
"Hong Kong SAR China",2010,0.708131287,0.0771338265249938,0.6034808,0.8049272
"Hong Kong SAR China",2011,0.6954178295,0.0659229287923004,0.6122582,0.7810585
"Hong Kong SAR China",2012,0.683386736,0.0233630666931368,0.6548627,0.7134835
"Hong Kong SAR China",2013,0.650750078,0.0581156937409458,0.5732329,0.7206392
"Hong Kong SAR China",2014,0.621081024,0.0364493829680531,0.5741045,0.6669296
"Hong Kong SAR China",2015,0.5976696235,0.0617306470615615,0.5145735,0.6764131
"Hong Kong SAR China",2016,0.5816293035,0.0266414953986619,0.5470943,0.6156881
"Hong Kong SAR China",2017,0.5771053875,0.062948599856234,0.4934513,0.6560882
"Hong Kong SAR China",2018,0.5709862855,0.037357779463389,0.5227349,0.618871
"Hungary",1991,0.4068436625,0.0263957182858604,0.3731149,0.4402439
"Hungary",1992,0.398625877,0.0767679011583423,0.3025431,0.4993562
"Hungary",1993,0.386936516,0.089974390026941,0.2745609,0.5078907
"Hungary",1994,0.3746074085,0.0947802766885242,0.2579274,0.50075
"Hungary",1995,0.3585798415,0.080364144330369,0.2581405,0.4686856
"Hungary",1996,0.3452349815,0.0526606734246907,0.2794404,0.414435
"Hungary",1997,0.4218134555,0.0706433778243314,0.3310963,0.5147233
"Hungary",1998,0.4965964105,0.0392851603705733,0.4465175,0.5468079
"Hungary",1999,0.475869166,0.0396159994662169,0.4248588,0.5260564
"Hungary",2000,0.4896326045,0.0719432296967664,0.3956959,0.5828501
"Hungary",2001,0.504282079,0.064572967354817,0.4202457,0.5870023
"Hungary",2002,0.5069858915,0.0648559057319292,0.4238618,0.5887665
"Hungary",2003,0.4704942975,0.0581955336425654,0.397661,0.5457567
"Hungary",2004,0.471973427,0.0550311613112635,0.4021292,0.5415243
"Hungary",2005,0.4715999395,0.07158301080948,0.3809388,0.5665579
"Hungary",2006,0.470403056,0.0442507013217259,0.414191,0.5275222
"Hungary",2007,0.428348354,0.0462108547201701,0.3709292,0.4904673
"Hungary",2008,0.3909829795,0.0336761028525384,0.3480436,0.4350563
"Hungary",2009,0.400440406,0.0323812119123516,0.3611977,0.4422254
"Hungary",2010,0.4503013915,0.0492218928951774,0.3874217,0.5129986
"Hungary",2011,0.4487931575,0.0532341274469415,0.3808112,0.5159796
"Hungary",2012,0.429508842,0.0490542166619262,0.366845,0.4935164
"Hungary",2013,0.5404418135,0.0534069901967023,0.4706605,0.609104
"Hungary",2014,0.5064846085,0.0499411706745688,0.4437544,0.5710968
"Hungary",2015,0.5093108275,0.055200632028138,0.4382785,0.5767159
"Hungary",2016,0.5061819,0.0482266450663135,0.4439637,0.5670285
"Hungary",2017,0.5467149635,0.0572581000348157,0.4704694,0.6183675
"Hungary",2018,0.562419045,0.0387884557073887,0.5131055,0.6113829
"Hungary",2019,0.570124076,0.0591464270850208,0.4936036,0.6448089
"Hungary",2020,0.5856257105,0.0636752926405613,0.5021214,0.6676642
"Hungary",2021,0.5340625965,0.0683240931112842,0.445631,0.6202252
"Hungary",2022,0.5859548195,0.0735137579103801,0.4871612,0.6786039
"Iceland",1990,0.4792444665,0.0408105370738,0.4263318,0.5310589
"Iceland",1991,0.488018876,0.0891170679013077,0.3709758,0.601114
"Iceland",1992,0.498617348,0.109172953194349,0.3573995,0.6384218
"Iceland",1993,0.508297948,0.120587727832285,0.3499379,0.66758
"Iceland",1994,0.517196611,0.123425459272826,0.3513718,0.6758155
"Iceland",1995,0.5250407545,0.125182472144747,0.3578629,0.6910957
"Iceland",1996,0.5363931695,0.117043039980204,0.3791391,0.6912281
"Iceland",1997,0.544458026,0.101883383070274,0.4087634,0.6760816
"Iceland",1998,0.556794777,0.0809773919455636,0.4501121,0.6610617
"Iceland",1999,0.568964477,0.0384179865838913,0.5188855,0.6176847
"Iceland",2000,0.572088628,0.0851970263735951,0.4580952,0.6806789
"Iceland",2001,0.570954882,0.104967766623946,0.4286327,0.7009733
"Iceland",2002,0.5719703555,0.117020855234313,0.4146733,0.7207628
"Iceland",2003,0.5725983865,0.123499077031956,0.4091204,0.7324815
"Iceland",2004,0.5729992285,0.125005906973164,0.4033276,0.7299837
"Iceland",2005,0.574861342,0.125664970738637,0.4038625,0.7369915
"Iceland",2006,0.578199748,0.119944566531055,0.4184996,0.7324879
"Iceland",2007,0.5829144695,0.103055013347605,0.4440032,0.7181316
"Iceland",2008,0.5857353775,0.0836143601023212,0.4762393,0.6918557
"Iceland",2009,0.5872048145,0.0362492910436421,0.5387663,0.6326547
"Iceland",2010,0.544843922,0.0756371469600027,0.4466843,0.6425694
"Iceland",2011,0.5038911095,0.0842717835686087,0.3935729,0.6110687
"Iceland",2012,0.461526955,0.0680710930764836,0.3721653,0.5477521
"Iceland",2013,0.49203688,0.092925585191777,0.3729625,0.6142561
"Iceland",2014,0.5208494705,0.0942672280866139,0.393475,0.6438695
"Iceland",2015,0.551970334,0.0666475031744336,0.4639866,0.6359139
"Iceland",2016,0.54775867,0.0692197136203043,0.4590814,0.6356843
"Iceland",2017,0.546589487,0.0290501377968821,0.5104761,0.5823229
"Iceland",2018,0.5345037545,0.0829786243309031,0.4283792,0.6405689
"Iceland",2019,0.521707891,0.105287730530277,0.3838075,0.6562407
"Iceland",2020,0.5112566435,0.110439113629162,0.3641302,0.6555313
"Iceland",2021,0.49899032,0.110954426830669,0.3567434,0.6448461
"Iceland",2022,0.579134895,0.11188619941131,0.4324516,0.7210551
"India",1990,0.7669099675,0.0368119556144539,0.7190607,0.8135351
"India",1991,0.7534973795,0.0644551733325274,0.6686296,0.8316349
"India",1992,0.742678308,0.0753444014397439,0.6432158,0.832649
"India",1993,0.7321405685,0.0766077686764215,0.6299168,0.8237419
"India",1994,0.7220492265,0.0650818129468857,0.6350266,0.8066526
"India",1995,0.714320618,0.0397561215348633,0.6609134,0.7641675
"India",1996,0.6821672145,0.0730315416964051,0.5878929,0.771557
"India",1997,0.650514461,0.0917052118194539,0.5287483,0.763836
"India",1998,0.6175823045,0.100189624281882,0.4828514,0.7438753
"India",1999,0.5857576665,0.0994156988843896,0.4545476,0.7134144
"India",2000,0.5544196465,0.0880642216168634,0.4426363,0.6648903
"India",2001,0.521637603,0.0530674934372281,0.4518371,0.5895219
"India",2002,0.5426585085,0.0832155480663614,0.4337014,0.6487194
"India",2003,0.5646332965,0.0890022005482438,0.4474337,0.6752282
"India",2004,0.5844771005,0.0807864719504417,0.4797597,0.6878392
"India",2005,0.608750119,0.0499280274738604,0.544896,0.6723261
"India",2006,0.629813776,0.0483076803580509,0.5679632,0.6924372
"India",2007,0.643272953,0.0815718603088523,0.5372173,0.7480287
"India",2008,0.6565658625,0.0939199536580601,0.5385456,0.7732454
"India",2009,0.6689161045,0.0976493994950581,0.5415465,0.7909781
"India",2010,0.6853376945,0.0894884366450144,0.5656241,0.7947572
"India",2011,0.7043649915,0.0722751191209216,0.6101797,0.7936151
"India",2012,0.721474412,0.0435464035723652,0.6635828,0.7766733
"India",2013,0.746657328,0.0382298504248338,0.6980708,0.7952364
"India",2014,0.735078569,0.0642949443288768,0.6500378,0.8150386
"India",2015,0.7270019705,0.0642267278260324,0.6372957,0.8058243
"India",2016,0.720982979,0.0411665192759749,0.6671967,0.7731249
"India",2017,0.7541076935,0.0537249857711997,0.6851491,0.8177975
"India",2018,0.788462152,0.0360172750144375,0.7413086,0.8338096
"India",2019,0.6997903495,0.04016411103763,0.6474274,0.7505965
"Indonesia",2000,0.6855580055,0.0306259099621215,0.6468935,0.7241873
"Indonesia",2001,0.62477654,0.0344818710226114,0.5794565,0.6682292
"Indonesia",2002,0.633156165,0.0748958336392154,0.5354672,0.7261283
"Indonesia",2003,0.6445888365,0.0890936059464708,0.5236478,0.7547865
"Indonesia",2004,0.6547453155,0.0851175384707441,0.5436811,0.7632602
"Indonesia",2005,0.666472439,0.0694130745824501,0.5744155,0.752061
"Indonesia",2006,0.6796262115,0.0252682127612905,0.6466581,0.7117859
"Indonesia",2007,0.675193571,0.0678448032868065,0.5839591,0.7596696
"Indonesia",2008,0.6716244735,0.081484464287442,0.5630974,0.7714726
"Indonesia",2009,0.6700212445,0.0801710885860499,0.5616313,0.7719511
"Indonesia",2010,0.672689902,0.0670830798330275,0.5828559,0.7563994
"Indonesia",2011,0.6762612935,0.0247579577763795,0.6441369,0.7086618
"Indonesia",2012,0.675554571,0.0661866375477096,0.5894347,0.7581491
"Indonesia",2013,0.676541716,0.0809343504167238,0.5668699,0.7770278
"Indonesia",2014,0.6789459335,0.0819943789349217,0.5708204,0.7792058
"Indonesia",2015,0.680821798,0.0704476848818241,0.5902185,0.766692
"Indonesia",2016,0.6849100445,0.0245981902920996,0.6540906,0.7166422
"Indonesia",2017,0.7156757745,0.0527711559626039,0.6482422,0.7816018
"Indonesia",2018,0.750018879,0.0300618635536375,0.7103193,0.7878722
"Indonesia",2019,0.665664327,0.02375097375598,0.6337458,0.6951012
"Iran",2000,0.4340874295,0.0485324461931786,0.3739584,0.4986786
"Iran",2001,0.434255685,0.0848066068395652,0.3252817,0.5487397
"Iran",2002,0.433898582,0.100536521550634,0.3057239,0.5671014
"Iran",2003,0.4317480265,0.109102839429758,0.292854,0.5756085
"Iran",2004,0.4291501385,0.111098509370493,0.2869257,0.5785848
"Iran",2005,0.4273568755,0.0999519461475831,0.2998866,0.560278
"Iran",2006,0.424023707,0.0801773123709237,0.3213762,0.5277275
"Iran",2007,0.4183070505,0.0413211706595455,0.3652941,0.4707112
"Iran",2008,0.4433205905,0.0873498186736354,0.3303123,0.5577771
"Iran",2009,0.468855883,0.108708301948639,0.3291867,0.6101326
"Iran",2010,0.494059624,0.125492408052966,0.3321172,0.6586798
"Iran",2011,0.518431813,0.136392375543886,0.3328001,0.6975007
"Iran",2012,0.5418781455,0.141945397452409,0.3491211,0.7263742
"Iran",2013,0.564226487,0.145223212838177,0.366631,0.7501372
"Iran",2014,0.5871280695,0.142050075545059,0.3919893,0.771119
"Iran",2015,0.607156264,0.134284972799588,0.4304989,0.7793829
"Iran",2016,0.629210563,0.126495445029454,0.4636396,0.7888712
"Iran",2017,0.652747395,0.114940936256617,0.4966347,0.7926362
"Iran",2018,0.6758004765,0.100019340472174,0.5427511,0.7992088
"Iran",2019,0.6999269865,0.0790162314906742,0.5954541,0.8025346
"Iran",2020,0.72334005,0.0441024215224808,0.6662105,0.7788889
"Iraq",2013,0.18690536105,0.0360069973052574,0.1416015,0.2312184
"Iraq",2014,0.19271491585,0.0572351315401622,0.1222563,0.2711768
"Iraq",2015,0.1955604977,0.0649262914015397,0.1168525,0.2799886
"Iraq",2016,0.2001673788,0.0679580696577131,0.1206192,0.2935442
"Iraq",2017,0.19901870845,0.0576039279667658,0.129689,0.2748952
"Iraq",2018,0.19731215805,0.0365330765019009,0.1524344,0.2443348
"Iraq",2019,0.1481988545,0.030396136941321,0.1113499,0.1888717
"Ireland",1990,0.588811593,0.0389265126150742,0.5392884,0.6382218
"Ireland",1991,0.533651369,0.0294306370609225,0.495976,0.570832
"Ireland",1992,0.543957681,0.0777314979180675,0.4455559,0.6451173
"Ireland",1993,0.556150119,0.0922335581073364,0.4304093,0.6760927
"Ireland",1994,0.56562011,0.0974437369036963,0.4417966,0.6901157
"Ireland",1995,0.577772253,0.0884816550409143,0.4564322,0.691396
"Ireland",1996,0.591358777,0.0606420273536106,0.5138067,0.6696946
"Ireland",1997,0.5936225375,0.0575341593397788,0.5200559,0.6659868
"Ireland",1998,0.607666484,0.0689283452879061,0.5180634,0.6945113
"Ireland",1999,0.6268362095,0.0344940815991134,0.581291,0.6701238
"Ireland",2000,0.6219054465,0.0340093919823134,0.576843,0.6636081
"Ireland",2001,0.5974016785,0.0494264631479514,0.5346946,0.6601129
"Ireland",2002,0.5341028465,0.0305490765292559,0.4948658,0.5721019
"Ireland",2003,0.574671743,0.0363650276181221,0.5283503,0.6223008
"Ireland",2004,0.591572204,0.0743893133545408,0.4928897,0.6827517
"Ireland",2005,0.60436131,0.0741632822050414,0.5082862,0.6994777
"Ireland",2006,0.619385327,0.0494075805186454,0.5566267,0.6805636
"Ireland",2007,0.603578953,0.0529872109113877,0.5347747,0.6713849
"Ireland",2008,0.5368167445,0.0367442483924652,0.4898419,0.5826842
"Ireland",2009,0.4552897195,0.0494827482335632,0.3938709,0.5203234
"Ireland",2010,0.4460005865,0.059934023374678,0.3731936,0.5245446
"Ireland",2011,0.454853894,0.0639934533986776,0.3726815,0.537628
"Ireland",2012,0.458585185,0.0566800912369069,0.3862773,0.5324511
"Ireland",2013,0.563745099,0.0591696317886312,0.4879226,0.6375892
"Ireland",2014,0.562886986,0.0598778803229941,0.4857721,0.6380798
"Ireland",2015,0.53461186,0.0626122441862565,0.4542158,0.6146809
"Ireland",2016,0.459411633,0.0615800616995775,0.3809658,0.5384834
"Ireland",2017,0.4388293355,0.0641715327129429,0.3571462,0.5230166
"Ireland",2018,0.458802511,0.0666095662724236,0.375122,0.5453196
"Ireland",2019,0.4713341295,0.0664930344087271,0.3858464,0.5565577
"Ireland",2020,0.438854952,0.062578958646308,0.3589749,0.5206071
"Ireland",2021,0.317638142,0.0560220178856655,0.2493122,0.391152
"Ireland",2022,0.5182007665,0.0706584354792204,0.430174,0.6104548
"Israel",1991,0.311530603,0.0332349020885094,0.2702439,0.3528982
"Israel",1992,0.359834386,0.0763813245169752,0.2628972,0.4597089
"Israel",1993,0.410390824,0.0952685446984182,0.2890749,0.5354729
"Israel",1994,0.460235504,0.102872552715674,0.3261747,0.5954239
"Israel",1995,0.5114280675,0.096054135987432,0.3866654,0.6357489
"Israel",1996,0.5617596605,0.0785813700157551,0.4562373,0.6604152
"Israel",1997,0.5512098055,0.0915669446538614,0.4306116,0.6634583
"Israel",1998,0.543380774,0.0939486771034785,0.420597,0.663542
"Israel",1999,0.535263945,0.0793402851120084,0.4337661,0.6380523
"Israel",2000,0.527186051,0.039425268609229,0.475552,0.5761897
"Israel",2001,0.502757363,0.0819490148343798,0.3991537,0.612098
"Israel",2002,0.479519495,0.100777039937464,0.347414,0.6082739
"Israel",2003,0.455131755,0.102720444264021,0.3211513,0.5881263
"Israel",2004,0.4342038305,0.0951104994280993,0.3130886,0.5559527
"Israel",2005,0.4098909715,0.0737977532635925,0.3142262,0.5042611
"Israel",2006,0.390810472,0.100361830516858,0.2600803,0.5203225
"Israel",2007,0.3703757845,0.107258751630292,0.2296088,0.5127648
"Israel",2008,0.3489145996,0.109877738291588,0.2130166,0.4956985
"Israel",2009,0.3286501629,0.105612297980266,0.1927849,0.4706025
"Israel",2010,0.30354626185,0.0913376266707032,0.1903622,0.4238604
"Israel",2011,0.2798987675,0.0673714714137644,0.1934433,0.3664997
"Israel",2012,0.349358469,0.0940042770057231,0.2316398,0.4748401
"Israel",2013,0.425461641,0.100154997282774,0.296175,0.5558987
"Israel",2014,0.502427643,0.0821187566241618,0.3944864,0.6115441
"Israel",2015,0.486155606,0.0946923540316207,0.3643222,0.6099636
"Israel",2016,0.47078596,0.0833320283207929,0.3645415,0.5813103
"Italy",1990,0.2263642185,0.0239543358451168,0.196773,0.2573759
"Italy",1991,0.21647539395,0.0575743116778722,0.1445621,0.2947599
"Italy",1992,0.206412975,0.0662255015415527,0.1264692,0.2934862
"Italy",1993,0.1948062301,0.0676805861470005,0.1145799,0.2873148
"Italy",1994,0.1812706584,0.0611939033805026,0.1091034,0.2653763
"Italy",1995,0.16763880495,0.0494229373499071,0.1109345,0.235203
"Italy",1996,0.15329299805,0.02673589943993,0.1207262,0.1885931
"Italy",1997,0.2273378925,0.0428551054479792,0.1742027,0.2827543
"Italy",1998,0.273323848,0.0545761255792908,0.2044597,0.3477524
"Italy",1999,0.3187858145,0.0312522025540814,0.2788233,0.3585993
"Italy",2000,0.2849269565,0.0293951188391609,0.248936,0.3230334
"Italy",2001,0.342514802,0.0300192209412696,0.3047541,0.3816267
"Italy",2002,0.35089451,0.0507747335815959,0.2861261,0.4173585
"Italy",2003,0.3581920145,0.0641118610044118,0.2787329,0.4399868
"Italy",2004,0.362789963,0.0343681214184096,0.3187519,0.4070287
"Italy",2005,0.3831726165,0.035507388739486,0.3371497,0.4278047
"Italy",2006,0.407085108,0.0494479378229751,0.3430068,0.4705645
"Italy",2007,0.408193054,0.0514982567261844,0.3419809,0.4733451
"Italy",2008,0.326452262,0.0480833884521138,0.2670344,0.3869012
"Italy",2009,0.360187336,0.0330308479090516,0.3180714,0.4025334
"Italy",2010,0.401241846,0.0525034369150747,0.334323,0.4690937
"Italy",2011,0.390195035,0.0562678487751368,0.3179371,0.4626527
"Italy",2012,0.2591242965,0.0417746261128574,0.208525,0.3139197
"Italy",2013,0.2464527815,0.0452912660457154,0.1905777,0.3065851
"Italy",2014,0.227483281,0.0422986773658408,0.1751049,0.2842988
"Italy",2015,0.2161905606,0.0414165212939172,0.1661016,0.2696277
"Italy",2016,0.2231624265,0.0424572872947956,0.1691245,0.2792086
"Italy",2017,0.256289812,0.0438645863380126,0.2009518,0.3151849
"Italy",2018,0.3138887685,0.0314890901974261,0.2731255,0.3547119
"Italy",2019,0.3010329965,0.047520715257283,0.2410073,0.3629422
"Italy",2020,0.2935075715,0.0513915720108538,0.2287791,0.3610396
"Italy",2021,0.3255145815,0.0555935566072137,0.2527285,0.397066
"Italy",2022,0.340306407,0.0613596815967308,0.2612603,0.420715
"Japan",1990,0.3772734725,0.0387975996686428,0.3283721,0.42735
"Japan",1991,0.3812747865,0.0770996316144082,0.2843448,0.4831895
"Japan",1992,0.38316681795,0.0891379720717507,0.2682747,0.5028233
"Japan",1993,0.381686216,0.0877038580641355,0.2727495,0.4980481
"Japan",1994,0.383296799,0.0760862758212134,0.2849883,0.4831861
"Japan",1995,0.3829905585,0.0367771691673592,0.3361302,0.4287902
"Japan",1996,0.37579752,0.0489724273960269,0.3151085,0.4386429
"Japan",1997,0.37166105,0.0783552099557209,0.2728716,0.4695229
"Japan",1998,0.365893551,0.0828391927473458,0.2638413,0.4727445
"Japan",1999,0.3564638175,0.0672517041933783,0.2741598,0.4428531
"Japan",2000,0.34461874,0.0209538118794777,0.317393,0.3720591
"Japan",2001,0.2937271665,0.0350449065309449,0.2487008,0.3389228
"Japan",2002,0.2870368875,0.0349302478703915,0.2421452,0.332307
"Japan",2003,0.1951660925,0.0191352393718985,0.1710974,0.2209134
"Japan",2004,0.313572831,0.0376868380471277,0.2646555,0.361849
"Japan",2005,0.29576613,0.0263596077054704,0.2622988,0.3300567
"Japan",2006,0.270264688,0.0294735644075008,0.2338902,0.3083643
"Japan",2007,0.31977963,0.0244905810123864,0.2884287,0.3516389
"Japan",2008,0.269300968,0.0335395135200491,0.2269876,0.3107212
"Japan",2009,0.2951345495,0.0545751318815676,0.2279605,0.3687569
"Japan",2010,0.321958019,0.0239592714478925,0.2911756,0.3526584
"Japan",2011,0.3304061595,0.0236680400610026,0.3004737,0.3610642
"Japan",2012,0.371677303,0.0270672180617993,0.3361704,0.4061036
"Japan",2013,0.373064594,0.0603864835685276,0.2953302,0.449697
"Japan",2014,0.3738904955,0.0412340973454,0.3231218,0.4268867
"Japan",2015,0.3772168835,0.0406762644012789,0.3234831,0.4305803
"Japan",2016,0.411488099,0.0260793758010863,0.3780784,0.4447767
"Japan",2017,0.399553675,0.0674473509291585,0.3136917,0.487771
"Japan",2018,0.382638485,0.0680226169389813,0.295986,0.4717222
"Japan",2019,0.3653108905,0.0280761309681477,0.3292802,0.4015397
"Jordan",2001,0.744491913,0.0474942959209518,0.6848793,0.8060112
"Jordan",2002,0.740619451,0.0741617743813704,0.6428558,0.8305173
"Jordan",2003,0.7378650885,0.0835110833526786,0.6240666,0.8370543
"Jordan",2004,0.735621974,0.086840518898528,0.6141004,0.8370328
"Jordan",2005,0.7338801795,0.0848600791919352,0.6195963,0.834957
"Jordan",2006,0.7330205215,0.0744774527691034,0.6334448,0.8240735
"Jordan",2007,0.735197437,0.0509723107437687,0.6689591,0.7987742
"Jordan",2008,0.6978082,0.0789506279326864,0.59146,0.7954661
"Jordan",2009,0.665121767,0.0982842749020474,0.5324621,0.7874155
"Jordan",2010,0.631458587,0.109317013782826,0.4829713,0.7646285
"Jordan",2011,0.593330901,0.112290072399001,0.4454549,0.7329302
"Jordan",2012,0.554597922,0.105577209404695,0.4152413,0.6896345
"Jordan",2013,0.518223068,0.0882850502202585,0.4066168,0.6300271
"Jordan",2014,0.4787782215,0.0503899453094026,0.4144034,0.546935
"Jordan",2015,0.4630722455,0.0803481621116475,0.3610371,0.5687175
"Jordan",2016,0.4469907165,0.0854116482967957,0.3406306,0.5604669
"Jordan",2017,0.43031498,0.0781691642055158,0.333455,0.5310482
"Jordan",2018,0.4136341835,0.0491406596091896,0.3497442,0.475854
"Kyrgyzstan",2003,0.383016547,0.0475816524504009,0.3238813,0.4453766
"Kyrgyzstan",2004,0.411468677,0.0857370457870565,0.3039377,0.5259985
"Kyrgyzstan",2005,0.438899966,0.104520138925713,0.309577,0.5745012
"Kyrgyzstan",2006,0.467564536,0.114129375475694,0.3235257,0.6186912
"Kyrgyzstan",2007,0.491952403,0.114246067844152,0.345522,0.640415
"Kyrgyzstan",2008,0.518383058,0.112862553616548,0.3725844,0.6641388
"Kyrgyzstan",2009,0.548940279,0.106649179332958,0.4080175,0.6887553
"Kyrgyzstan",2010,0.5776188695,0.0865322914369783,0.4613032,0.6838428
"Kyrgyzstan",2011,0.606392289,0.0440725284838635,0.5514222,0.6632834
"Kyrgyzstan",2012,0.599801859,0.0855667456744603,0.4852949,0.7110818
"Kyrgyzstan",2013,0.5964333335,0.102298777396407,0.4592799,0.7291119
"Kyrgyzstan",2014,0.592383701,0.115425581549259,0.4395884,0.7417718
"Kyrgyzstan",2015,0.589691963,0.119926699935374,0.4300743,0.7441083
"Kyrgyzstan",2016,0.585852206,0.124219652536496,0.4190681,0.7469717
"Kyrgyzstan",2017,0.5834768525,0.117032407715554,0.4289003,0.7321474
"Kyrgyzstan",2018,0.579703391,0.105167614990345,0.4346948,0.717887
"Kyrgyzstan",2019,0.5773674685,0.0864030487606866,0.4657218,0.6850121
"Kyrgyzstan",2020,0.574276191,0.0492577923979697,0.5118113,0.6392944
"Latvia",1996,0.477200422,0.025080401427186,0.4441555,0.5095417
"Latvia",1997,0.4605049585,0.0692483050599985,0.3715972,0.5511465
"Latvia",1998,0.4438763385,0.0728776607078468,0.352628,0.5393895
"Latvia",1999,0.424629816,0.0369973239520096,0.3770018,0.4711896
"Latvia",2000,0.2656394935,0.0274045210206663,0.2307949,0.3011549
"Latvia",2001,0.3720392685,0.055711430001067,0.3007036,0.44571
"Latvia",2002,0.407620458,0.0633612450912701,0.3235267,0.488363
"Latvia",2003,0.466933322,0.0626695667511169,0.3847564,0.5471367
"Latvia",2004,0.5274757715,0.0554486364358456,0.4571545,0.6009279
"Latvia",2005,0.496058607,0.0726527543327617,0.401647,0.5902627
"Latvia",2006,0.4653828505,0.0500875224640773,0.4016758,0.5310106
"Latvia",2007,0.501699857,0.0423336922730735,0.4482412,0.5561296
"Latvia",2008,0.4633033435,0.034392273533992,0.4200191,0.5078084
"Latvia",2009,0.303662735,0.0386276716458702,0.2548523,0.3531267
"Latvia",2010,0.263699142,0.0398827988009736,0.2129305,0.3164813
"Latvia",2011,0.2964396335,0.0422385605427024,0.242389,0.3503968
"Latvia",2012,0.4489000205,0.0498803803619279,0.383944,0.5134639
"Latvia",2013,0.504082754,0.0552766367962925,0.4332993,0.5746584
"Latvia",2014,0.5049365275,0.0547861008305606,0.4363905,0.5759219
"Latvia",2015,0.4598231375,0.0579014227171573,0.3820956,0.5338691
"Latvia",2016,0.4302380045,0.0471453630157879,0.3726427,0.4923168
"Latvia",2017,0.3971577625,0.0598143364916979,0.3216547,0.4740947
"Latvia",2018,0.419284933,0.0662521754769851,0.3342336,0.5046186
"Latvia",2019,0.4328232305,0.0697456716411829,0.3445364,0.5262709
"Latvia",2020,0.4243318285,0.0705276444416679,0.3316382,0.51498
"Latvia",2021,0.36519301,0.0648186003235402,0.2827651,0.4493719
"Latvia",2022,0.383610631,0.0736670750622418,0.2904103,0.4829571
"Libya",2014,0.466414121,0.0581332382910625,0.3935468,0.5402515
"Libya",2015,0.41096285,0.0859347676003244,0.3006134,0.5249591
"Libya",2016,0.3576408265,0.0942301648011486,0.2406416,0.4879574
"Libya",2017,0.3096584722,0.0888687417450286,0.1998027,0.4343281
"Libya",2018,0.2612159309,0.0676767716537616,0.1793258,0.3488669
"Libya",2019,0.2166571695,0.0356511764647877,0.1715493,0.2627447
"Libya",2020,0.255928715,0.0617613036313912,0.1815437,0.338501
"Libya",2021,0.29329377545,0.0655678073803587,0.2114927,0.3792703
"Libya",2022,0.333217672,0.0422262664347077,0.2794196,0.3879385
"Lithuania",1996,0.456325372,0.0313880084776131,0.4154465,0.4968696
"Lithuania",1997,0.412414143,0.0322040894094041,0.3722725,0.4537519
"Lithuania",1998,0.320948206,0.0589813581902498,0.2475791,0.3995795
"Lithuania",1999,0.236393966,0.0277919017143357,0.20254,0.2728217
"Lithuania",2000,0.229386048,0.050163769702866,0.1683095,0.2955325
"Lithuania",2001,0.21800897095,0.0406268874533484,0.1673042,0.2706326
"Lithuania",2002,0.2688566775,0.0487741398132736,0.2072064,0.3336971
"Lithuania",2003,0.302303509,0.0529680866781507,0.2369749,0.3720126
"Lithuania",2004,0.31586475,0.0709849389048068,0.2262978,0.4077773
"Lithuania",2005,0.3265481885,0.0715585353499404,0.2381594,0.4219118
"Lithuania",2006,0.3367075325,0.0487587905690638,0.2738232,0.3988337
"Lithuania",2007,0.380839748,0.0501245873596131,0.318704,0.4445343
"Lithuania",2008,0.3495222275,0.0313587642474525,0.309648,0.3898267
"Lithuania",2009,0.351961208,0.0425006368630709,0.2973071,0.4066693
"Lithuania",2010,0.3083434875,0.0393117460395386,0.2581352,0.3582981
"Lithuania",2011,0.2842035865,0.0430770560979571,0.2289106,0.3389837
"Lithuania",2012,0.304098957,0.0419048177570882,0.2503845,0.357272
"Lithuania",2013,0.376929935,0.0524197831592139,0.3105299,0.4441437
"Lithuania",2014,0.4054509455,0.0520321406090573,0.3362376,0.4739497
"Lithuania",2015,0.3663964845,0.0427934118875002,0.3125014,0.4211719
"Lithuania",2016,0.3092836405,0.0307661007639149,0.2700071,0.3480484
"Lithuania",2017,0.37191353,0.0474365895750881,0.312927,0.4338711
"Lithuania",2018,0.432799319,0.033355315363473,0.3906402,0.4754676
"Lithuania",2019,0.431848581,0.053666732172422,0.3625413,0.5011242
"Lithuania",2020,0.4157115415,0.0581231918932555,0.3431075,0.4914537
"Lithuania",2021,0.2890056745,0.0487304876932189,0.2277,0.3513523
"Lithuania",2022,0.363613392,0.0597203703274885,0.288148,0.4430086
"Luxembourg",1997,0.5685618405,0.0721690946595081,0.472204,0.6606458
"Luxembourg",1998,0.578591921,0.073698577249463,0.4830552,0.6725812
"Luxembourg",1999,0.5901943325,0.0397458329132744,0.5364622,0.6393627
"Luxembourg",2000,0.655192901,0.0599984825691993,0.5766478,0.7309571
"Luxembourg",2001,0.64107814,0.0668097929600449,0.5530377,0.7231524
"Luxembourg",2002,0.634926654,0.0681962807495784,0.5452515,0.7193319
"Luxembourg",2003,0.632017263,0.0892888309074503,0.5147856,0.7445743
"Luxembourg",2004,0.629087096,0.095748094475298,0.4996102,0.7480475
"Luxembourg",2005,0.6286420705,0.0861994045873644,0.5148983,0.7391291
"Luxembourg",2006,0.6304872865,0.0635181757017837,0.5449987,0.7097701
"Luxembourg",2007,0.6756055435,0.0548214741722011,0.6042771,0.7452694
"Luxembourg",2008,0.6902058395,0.0345013404702754,0.6444411,0.7339499
"Luxembourg",2009,0.7591058275,0.0418640603236491,0.7034874,0.8117911
"Luxembourg",2010,0.7955054565,0.0421667417946288,0.7401495,0.8473077
"Luxembourg",2011,0.835894744,0.0382168633196062,0.7840096,0.8826575
"Luxembourg",2012,0.8412819045,0.0344808330367007,0.7947802,0.8833124
"Luxembourg",2013,0.829213527,0.0384896714460942,0.7795386,0.8764304
"Luxembourg",2014,0.824289899,0.0377863096491209,0.7729076,0.8693397
"Luxembourg",2015,0.8337997125,0.0383611027494638,0.7827014,0.8794252
"Luxembourg",2016,0.8377105735,0.0398711852574452,0.7844905,0.8864075
"Luxembourg",2017,0.8352911565,0.0431645983892827,0.7781901,0.8882027
"Luxembourg",2018,0.834698677,0.0448715796612435,0.7752275,0.8908216
"Luxembourg",2019,0.807825694,0.0493321695147891,0.7416768,0.8700735
"Luxembourg",2020,0.7181349815,0.062727527328706,0.6391436,0.7963778
"Luxembourg",2021,0.503341819,0.0765269989456012,0.4043078,0.603558
"Luxembourg",2022,0.6550841915,0.0730035231967841,0.5604763,0.7459047
"Malaysia",2000,0.739291686,0.0390046185534695,0.6903511,0.7869653
"Malaysia",2001,0.730600519,0.0677586421808372,0.639625,0.8130313
"Malaysia",2002,0.72654567,0.081347948231451,0.6162321,0.826796
"Malaysia",2003,0.7206571895,0.0836398715597583,0.6016876,0.8213682
"Malaysia",2004,0.71766007,0.0817562562500272,0.6051127,0.8161043
"Malaysia",2005,0.7177813125,0.0659144365543921,0.6289006,0.7995675
"Malaysia",2006,0.7186034075,0.033258714701868,0.6753387,0.7614659
"Malaysia",2007,0.7573329515,0.0243636002374118,0.7253478,0.788782
"Malaysia",2008,0.769361323,0.0575967899899573,0.6938996,0.8375051
"Malaysia",2009,0.7847657985,0.0593624065012927,0.7051882,0.8557243
"Malaysia",2010,0.7972862175,0.0501423691361456,0.7298619,0.8562273
"Malaysia",2011,0.814149586,0.021885616184277,0.7851647,0.8416363
"Malaysia",2012,0.782719923,0.0275923992084797,0.7470148,0.8175187
"Malaysia",2013,0.78091285,0.046801931572564,0.7187656,0.8372777
"Malaysia",2014,0.7841513345,0.0245806557316055,0.7516339,0.8151621
"Malaysia",2015,0.7515526915,0.0577561804709386,0.6740298,0.8210429
"Malaysia",2016,0.718588991,0.0716195475240643,0.6266652,0.8057023
"Malaysia",2017,0.684840594,0.0671943508010826,0.5991645,0.7671736
"Malaysia",2018,0.6517878125,0.0369129789908554,0.6036809,0.6991072
"Malaysia",2019,0.632852185,0.0321620660276102,0.591205,0.67343
"Malta",1991,0.4153652675,0.0530594048083773,0.3494198,0.4830282
"Malta",1992,0.424122843,0.0886970422752165,0.3106907,0.5439754
"Malta",1993,0.43096749,0.104938256647264,0.290925,0.5672947
"Malta",1994,0.4385342145,0.11138439901278,0.2936904,0.5867627
"Malta",1995,0.443885569,0.116282255393447,0.2958737,0.6015053
"Malta",1996,0.449282496,0.112814312737441,0.3048895,0.599559
"Malta",1997,0.456038504,0.106125067037222,0.3196152,0.5967917
"Malta",1998,0.4613326665,0.0861433890124051,0.3498407,0.5728228
"Malta",1999,0.467932208,0.0466252319466485,0.4076709,0.5278789
"Malta",2000,0.513932014,0.0789517466920755,0.4098889,0.6163386
"Malta",2001,0.5571843045,0.0793223541800677,0.4528205,0.6594869
"Malta",2002,0.5327234485,0.0824908938383411,0.4247959,0.6389515
"Malta",2003,0.554149526,0.082979880995934,0.4462836,0.658692
"Malta",2004,0.552671777,0.0930167795820365,0.431221,0.6694524
"Malta",2005,0.5527976785,0.0859511473382614,0.4397637,0.6617354
"Malta",2006,0.5531652155,0.0604829580863279,0.4738407,0.6314338
"Malta",2007,0.6320331095,0.0544336769609151,0.5604019,0.7006076
"Malta",2008,0.5853100435,0.0407495698643639,0.5327415,0.6368907
"Malta",2009,0.52063874,0.0537923797643938,0.4502899,0.5895215
"Malta",2010,0.5267727725,0.0638802223354659,0.4442221,0.6086889
"Malta",2011,0.4937314145,0.0641140865130386,0.4109902,0.574438
"Malta",2012,0.580666823,0.0625793025517671,0.4983648,0.6594569
"Malta",2013,0.701930006,0.0545695905526375,0.6324737,0.7697123
"Malta",2014,0.7462020665,0.0515952817326411,0.6794924,0.8117637
"Malta",2015,0.6335681575,0.067486766444135,0.5457239,0.7201076
"Malta",2016,0.613622573,0.0758654743233496,0.5143327,0.7122556
"Malta",2017,0.620285836,0.0816582087318584,0.5134051,0.7248436
"Malta",2018,0.613510877,0.084500064547852,0.5008549,0.719062
"Malta",2019,0.611816066,0.0850708056176668,0.4975664,0.71869
"Malta",2020,0.5883028215,0.0862850166863861,0.4750869,0.6978869
"Malta",2021,0.4645711175,0.0894740404111854,0.3491124,0.5823489
"Malta",2022,0.4815394695,0.0950663607121183,0.3577325,0.6048428
"Mexico",1990,0.207313152,0.0336572572166326,0.1662618,0.2513008
"Mexico",1991,0.2324786713,0.0613190948275884,0.1587265,0.3145324
"Mexico",1992,0.2570874733,0.0744671627542795,0.168964,0.3585978
"Mexico",1993,0.2809291945,0.0780817034025782,0.1850725,0.3847755
"Mexico",1994,0.305701131,0.0679592456275449,0.2203943,0.3991094
"Mexico",1995,0.3291214395,0.0386925275010764,0.279717,0.3795637
"Mexico",1996,0.2511075185,0.0332138230654041,0.2096406,0.294986
"Mexico",1997,0.2366086801,0.0607438372749945,0.1598888,0.3168175
"Mexico",1998,0.2194003285,0.0621452079969266,0.1443445,0.3038513
"Mexico",1999,0.20209427285,0.0531187497500989,0.1386462,0.273977
"Mexico",2000,0.18369784345,0.0271520058396752,0.1496406,0.2185061
"Mexico",2001,0.29012928,0.0255883054316426,0.257829,0.32303
"Mexico",2002,0.19179871705,0.0417359399483543,0.1395623,0.247729
"Mexico",2003,0.117936095,0.0185218582826518,0.09458806,0.1423539
"Mexico",2004,0.15885153855,0.0374176042315336,0.1133228,0.2086414
"Mexico",2005,0.201454489,0.0253136181386327,0.1699755,0.2345389
"Mexico",2006,0.2027560195,0.029086014737581,0.1661628,0.2406993
"Mexico",2007,0.21217474,0.0331574778394518,0.1707607,0.2564419
"Mexico",2008,0.2211603915,0.0308169622753309,0.1817639,0.2632351
"Mexico",2009,0.2400330945,0.0316305382233644,0.2004226,0.2817904
"Mexico",2010,0.232558584,0.0312060199474144,0.1930694,0.2744759
"Mexico",2011,0.204390718,0.026511308267747,0.1706992,0.2399411
"Mexico",2012,0.1474299608,0.0235318498992811,0.118491,0.177502
"Mexico",2013,0.1502858171,0.0270092279595432,0.1167837,0.1862037
"Mexico",2014,0.1339488874,0.0417325341814678,0.08304881,0.1887272
"Mexico",2015,0.1185338876,0.0448993378123668,0.0668574,0.1765707
"Mexico",2016,0.1024506727,0.0383888018547206,0.05912956,0.152487
"Mexico",2017,0.08809334465,0.0308745578794531,0.05268717,0.128989
"Mexico",2018,0.07476032905,0.019935248175126,0.05114864,0.1009828
"Moldova",1996,0.510606572,0.0457919257561532,0.4513925,0.5680825
"Moldova",1997,0.458382456,0.08258589985728,0.3519488,0.5709393
"Moldova",1998,0.407475001,0.0942281140499093,0.2898796,0.53667
"Moldova",1999,0.358013847,0.0886572174462138,0.2447022,0.4786029
"Moldova",2000,0.3110575705,0.0703350612449808,0.2235097,0.4003167
"Moldova",2001,0.2623278945,0.0227357420429044,0.2338326,0.292014
"Moldova",2002,0.392535022,0.0377983035577847,0.3450406,0.4425558
"Moldova",2003,0.3334115465,0.0733238343338546,0.2415621,0.4335431
"Moldova",2004,0.27846814435,0.0738573555463276,0.1911327,0.3776866
"Moldova",2005,0.2287729632,0.0575016132483461,0.158446,0.3046476
"Moldova",2006,0.18195398665,0.0256722368000127,0.150163,0.2151295
"Moldova",2007,0.2622873205,0.0529665904070996,0.1986945,0.3322434
"Moldova",2008,0.3608538755,0.0368465702386691,0.3148412,0.4085824
"Mongolia",2003,0.3896942965,0.0350321324871451,0.345054,0.4339322
"Mongolia",2004,0.4709022515,0.0708666959412746,0.3805864,0.562923
"Mongolia",2005,0.552409777,0.072810366833532,0.4579835,0.6473828
"Mongolia",2006,0.630907465,0.0343240922621063,0.587862,0.6747344
"Mongolia",2007,0.593221225,0.075307543243968,0.4954194,0.6875722
"Mongolia",2008,0.5621828845,0.0869404560167899,0.4477045,0.6756417
"Mongolia",2009,0.527289403,0.0773462366431491,0.4262567,0.6286971
"Mongolia",2010,0.4899653725,0.0347143134473635,0.4465649,0.5350352
"Mongolia",2011,0.4993917265,0.077878083353753,0.398456,0.6020956
"Mongolia",2012,0.5041873695,0.0900769590463926,0.3876332,0.6216591
"Mongolia",2013,0.511561625,0.0780524580494245,0.4087104,0.6094314
"Mongolia",2014,0.514814654,0.034148517073285,0.4731474,0.5603823
"Mongolia",2015,0.4979175435,0.0760034330808889,0.400845,0.5989063
"Mongolia",2016,0.4848741015,0.0883690448574993,0.3702398,0.6025201
"Mongolia",2017,0.4683146485,0.0772472923191828,0.3719247,0.5659487
"Mongolia",2018,0.452452381,0.0335124261773747,0.4091314,0.4957609
"Mongolia",2019,0.441699403,0.064784032455175,0.3583601,0.5268992
"Mongolia",2020,0.4291006315,0.0443212869546155,0.3729189,0.4875066
"Montenegro",1996,0.470188385,0.0534112972281386,0.4009016,0.5380173
"Montenegro",1997,0.432085613,0.081272989528254,0.3294478,0.541089
"Montenegro",1998,0.3967102715,0.0893665477404063,0.2822975,0.5156373
"Montenegro",1999,0.3605312465,0.0861910146764395,0.2480457,0.4709666
"Montenegro",2000,0.323478277,0.0732988275448046,0.2303821,0.4170924
"Montenegro",2001,0.286832151,0.0365895156238094,0.2405663,0.334141
"Montenegro",2002,0.3169502715,0.074836331481872,0.2222129,0.4152213
"Montenegro",2003,0.345665351,0.0942295795806272,0.2298272,0.4747384
"Montenegro",2004,0.374247484,0.100028522158554,0.2511796,0.5125841
"Montenegro",2005,0.404668439,0.103716559607411,0.2730168,0.5478521
"Montenegro",2006,0.432549535,0.0993469657142285,0.3047293,0.5646574
"Montenegro",2007,0.4629763515,0.0828676210362229,0.3555636,0.5717405
"Montenegro",2008,0.497396509,0.0444417616651598,0.4400535,0.5537118
"Montenegro",2009,0.4891281195,0.0852212178701399,0.3799767,0.6039042
"Montenegro",2010,0.4823015255,0.105686248374465,0.3433879,0.6232543
"Montenegro",2011,0.4749914555,0.119615609103723,0.3206799,0.6297204
"Montenegro",2012,0.4668178065,0.121783078089444,0.3092301,0.6294483
"Montenegro",2013,0.457270414,0.120650818835731,0.2980596,0.6157419
"Montenegro",2014,0.450301719,0.110754324048376,0.3004823,0.5938105
"Montenegro",2015,0.4407789625,0.101482038470569,0.3104287,0.5719266
"Montenegro",2016,0.4327201935,0.0802118584242379,0.3297659,0.535544
"Montenegro",2017,0.409185705,0.0748327829816944,0.313839,0.5048105
"Montenegro",2018,0.454958575,0.0703201595854164,0.3667571,0.5465777
"Montenegro",2019,0.381498859,0.0426350922830608,0.3274549,0.4374218
"Montenegro",2020,0.321740038,0.0690075413033092,0.2346863,0.4147609
"Montenegro",2021,0.264538982,0.0615053688767901,0.1891489,0.347518
"Montenegro",2022,0.328862383,0.0791094795640115,0.228982,0.4309942
"Morocco",2001,0.345521779,0.0540413517006372,0.2781926,0.417414
"Morocco",2002,0.37621073,0.0857934972969066,0.2661953,0.4869429
"Morocco",2003,0.407504047,0.102340995727744,0.2726307,0.5456982
"Morocco",2004,0.4354030955,0.10588606359189,0.2976918,0.5781023
"Morocco",2005,0.466792292,0.105124534702932,0.3321437,0.6076684
"Morocco",2006,0.4964039415,0.0878393754537856,0.3828829,0.6075137
"Morocco",2007,0.528322249,0.0510496063699835,0.4624712,0.5929217
"Morocco",2008,0.5259109025,0.0852830062764662,0.4144187,0.6364281
"Morocco",2009,0.5250193835,0.0906067587221146,0.408113,0.6396195
"Morocco",2010,0.5247495455,0.081449628762983,0.4194261,0.6304006
"Morocco",2011,0.5218958605,0.0521369560097827,0.4546047,0.5893966
"Morocco",2012,0.501251534,0.0880096934866816,0.388085,0.6114817
"Morocco",2013,0.477296959,0.104283164584636,0.3481193,0.612801
"Morocco",2014,0.4560537,0.111098087432694,0.3192272,0.6063045
"Morocco",2015,0.435064154,0.108029565943121,0.2971818,0.5797275
"Morocco",2016,0.412262507,0.0995117601859529,0.2823923,0.5403088
"Morocco",2017,0.3901192185,0.0847430160779267,0.2804793,0.501924
"Morocco",2018,0.366007634,0.0448684030576587,0.3092189,0.4241397
"Morocco",2019,0.359031098,0.0738138872112559,0.265706,0.4566336
"Morocco",2020,0.3483841765,0.0696708956775252,0.2614079,0.4420194
"Morocco",2021,0.336939473,0.0409818477105677,0.285219,0.3900367
"Myanmar (Burma)",2015,0.5249516235,0.0409588512340123,0.473094,0.5773576
"Myanmar (Burma)",2016,0.569389863,0.0772276764888803,0.4703279,0.668323
"Myanmar (Burma)",2017,0.6131923725,0.0846362115811084,0.50349,0.7191131
"Myanmar (Burma)",2018,0.6549086365,0.0720661291303361,0.562895,0.7477988
"Myanmar (Burma)",2019,0.698545222,0.0350743391407992,0.6527311,0.7428461
"Myanmar (Burma)",2020,0.7795383725,0.0345096707024095,0.7338035,0.8211854
"Netherlands",1990,0.464900511,0.0344162476775138,0.4213512,0.5107355
"Netherlands",1991,0.476055126,0.025667539500196,0.443322,0.5076568
"Netherlands",1992,0.4744585265,0.0824459980358013,0.3712967,0.5838433
"Netherlands",1993,0.4735953775,0.0965451138307749,0.3492259,0.6026301
"Netherlands",1994,0.471371865,0.100004596646949,0.3413563,0.6061806
"Netherlands",1995,0.4708321405,0.102617340830175,0.3397593,0.6023074
"Netherlands",1996,0.470289937,0.0906668316449256,0.3538786,0.5888847
"Netherlands",1997,0.465842241,0.0580242662301359,0.3935257,0.5410549
"Netherlands",1998,0.4501157865,0.0688940063298324,0.3622716,0.5385576
"Netherlands",1999,0.43580218,0.031553450000849,0.3956973,0.4759297
"Netherlands",2000,0.512499665,0.0267397835442767,0.4788649,0.5461793
"Netherlands",2001,0.5131513215,0.0190268701792109,0.489255,0.537522
"Netherlands",2002,0.4681386965,0.0509110026432741,0.4028087,0.5326832
"Netherlands",2003,0.4436998065,0.0773320353752098,0.3433656,0.5434372
"Netherlands",2004,0.421944898,0.0745700547350153,0.3278135,0.5213594
"Netherlands",2005,0.396414557,0.0424500362904236,0.3420669,0.4519396
"Netherlands",2006,0.3925422125,0.0258048691015091,0.3600233,0.424247
"Netherlands",2007,0.4869646015,0.0422478983284528,0.4331962,0.541392
"Netherlands",2008,0.4417908875,0.0301251960796152,0.4032015,0.4817838
"Netherlands",2009,0.400693189,0.0360680768197865,0.3560616,0.4464095
"Netherlands",2010,0.372981615,0.0429847823313997,0.3184236,0.4288244
"Netherlands",2011,0.392532503,0.0375731609680042,0.3449225,0.4401204
"Netherlands",2012,0.387265465,0.0272374144696458,0.3528606,0.4220509
"Netherlands",2013,0.3423046895,0.0429465552764729,0.2890745,0.3983743
"Netherlands",2014,0.4424014705,0.0389895136750953,0.3934226,0.4910378
"Netherlands",2015,0.4567491175,0.0478373634707705,0.3950976,0.5187572
"Netherlands",2016,0.4716610635,0.0463795725416162,0.4120577,0.5301313
"Netherlands",2017,0.4731907685,0.0310225460606629,0.4322423,0.5137835
"Netherlands",2018,0.553529658,0.0516209885601196,0.4870655,0.6207074
"Netherlands",2019,0.544667558,0.0526476761849037,0.4769473,0.6115821
"Netherlands",2020,0.515748199,0.0534154397512583,0.4490977,0.5852454
"Netherlands",2021,0.323080029,0.0453870432084176,0.2644595,0.3845292
"Netherlands",2022,0.451087193,0.0584443596808795,0.3776475,0.5244592
"New Zealand",1991,0.2783886385,0.0277592100958473,0.2417517,0.314049
"New Zealand",1992,0.2954417375,0.0675631149835155,0.213132,0.3845704
"New Zealand",1993,0.30835801655,0.0845130159454301,0.2026664,0.4196267
"New Zealand",1994,0.3225321375,0.0938655359638216,0.206378,0.453525
"New Zealand",1995,0.3334421846,0.0913272637605236,0.2183185,0.4538801
"New Zealand",1996,0.3438563205,0.0824294080189465,0.2415998,0.4512207
"New Zealand",1997,0.3538669985,0.054528781955058,0.2845797,0.4246437
"New Zealand",1998,0.3390194915,0.0317712372024543,0.2979643,0.3804789
"New Zealand",1999,0.390139856,0.062370019772351,0.3106609,0.4734949
"New Zealand",2000,0.4408251895,0.0312176505070798,0.4013872,0.4804401
"New Zealand",2001,0.447764792,0.0756052276846143,0.3494137,0.5451269
"New Zealand",2002,0.449968159,0.0858252684460738,0.3422241,0.5625765
"New Zealand",2003,0.4569828965,0.0777804159993844,0.3595536,0.5585129
"New Zealand",2004,0.462273253,0.035058504327293,0.4185785,0.5054087
"New Zealand",2005,0.463910743,0.0694177099966107,0.3731302,0.5542867
"New Zealand",2006,0.4649134675,0.0639258152684721,0.3857035,0.5483218
"New Zealand",2007,0.4713591065,0.0880916144860255,0.3585946,0.5866783
"New Zealand",2008,0.47991162,0.0924846434354931,0.3581397,0.5973315
"New Zealand",2009,0.4855793275,0.081988798440196,0.3826768,0.5964778
"New Zealand",2010,0.491703951,0.0489703341716497,0.4292187,0.5559549
"New Zealand",2011,0.511427078,0.0375654906798903,0.462796,0.5604569
"New Zealand",2012,0.527769883,0.0793407255233502,0.4242171,0.6277106
"New Zealand",2013,0.5404815395,0.0969019567408086,0.4139529,0.6627186
"New Zealand",2014,0.553361392,0.0974043832318891,0.4206866,0.6777357
"New Zealand",2015,0.5675889355,0.0895135111454586,0.4516617,0.6802638
"New Zealand",2016,0.583392488,0.0633065671430901,0.5028946,0.6633895
"New Zealand",2017,0.573537577,0.0855528927789792,0.461325,0.6847517
"New Zealand",2018,0.5646433525,0.0916910000411083,0.451009,0.6803054
"New Zealand",2019,0.559924092,0.0796620669820741,0.4575688,0.6628302
"New Zealand",2020,0.5536194535,0.0398817644461163,0.5030487,0.6043484
"Nicaragua",1996,0.4828029885,0.046826107365869,0.4233554,0.5424156
"Nicaragua",1997,0.400974128,0.0812567786754678,0.2973943,0.5107209
"Nicaragua",1998,0.3278893715,0.0875519374305583,0.2216532,0.4416075
"Nicaragua",1999,0.2611863514,0.0768975966141396,0.1672877,0.3638743
"Nicaragua",2000,0.1999479441,0.055086702140323,0.1326192,0.2730566
"Nicaragua",2001,0.14982402305,0.0277851338390136,0.1166258,0.187409
"Nicaragua",2002,0.11317917595,0.0291181165650198,0.08018844,0.150385
"Nicaragua",2003,0.08250758445,0.0159329942689402,0.06307311,0.1033971
"Nicaragua",2004,0.098382595,0.0276105046067589,0.06673481,0.1338535
"Nicaragua",2005,0.1122939197,0.0214272255360228,0.08564844,0.1399738
"Nicaragua",2006,0.1755149578,0.0351181256441842,0.1326,0.2209118
"Nicaragua",2007,0.21285586375,0.0388844883252978,0.1626625,0.2636632
"Nicaragua",2008,0.200281046,0.0318401357662729,0.1606728,0.2419236
"Nicaragua",2009,0.15030635895,0.0260718948344636,0.1181933,0.1848664
"Nicaragua",2010,0.17170396295,0.0287134531310594,0.1364923,0.2096334
"Nicaragua",2011,0.1873159366,0.0316178103610298,0.1473726,0.2283473
"Nicaragua",2012,0.1981462953,0.0486444709914743,0.138256,0.2625969
"Nicaragua",2013,0.20481742295,0.0373154366739426,0.1590694,0.2526769
"Nicaragua",2014,0.19136686865,0.0570707122765761,0.1220415,0.267643
"Nicaragua",2015,0.1771718218,0.064552726889929,0.1011387,0.2608476
"Nicaragua",2016,0.16299092585,0.0656361037346545,0.08579366,0.2512408
"Nicaragua",2017,0.148308726,0.0619084076760241,0.0775298,0.2322598
"Nicaragua",2018,0.133402951,0.0531300723511276,0.0727116,0.2057971
"Nicaragua",2019,0.11821331615,0.0420932617349589,0.06790787,0.1756566
"Nicaragua",2020,0.1050201773,0.0276966595003861,0.0710139,0.141319
"Nigeria",1990,0.883170417,0.0269458397912579,0.847572,0.9161191
"Nigeria",1991,0.8556114645,0.0448223754107083,0.7962987,0.9097623
"Nigeria",1992,0.825665304,0.0601887893685477,0.7443117,0.8965114
"Nigeria",1993,0.793229774,0.0687318405105153,0.7002526,0.8749156
"Nigeria",1994,0.75788363,0.0679350824417714,0.6656201,0.8377927
"Nigeria",1995,0.719937911,0.0458644985237766,0.66046,0.7776257
"Nigeria",1996,0.740359782,0.0701118074207432,0.6447546,0.8242493
"Nigeria",1997,0.7604112105,0.0727146339293676,0.6623634,0.8474619
"Nigeria",1998,0.7807647225,0.0711229406638873,0.6859298,0.8659073
"Nigeria",1999,0.8021939045,0.0590489030122054,0.7232638,0.8733563
"Nigeria",2000,0.8238740325,0.0353473155591491,0.7779738,0.8670566
"Nigeria",2001,0.806772254,0.0626506621910173,0.7237021,0.8820785
"Nigeria",2002,0.7920549565,0.0769419889289247,0.6861598,0.8820652
"Nigeria",2003,0.778275719,0.0891417789718052,0.6527496,0.8848943
"Nigeria",2004,0.762580319,0.0997452400035004,0.6225221,0.8819267
"Nigeria",2005,0.7468816615,0.106918195394484,0.5973898,0.8740112
"Nigeria",2006,0.731960323,0.109818760903417,0.5842998,0.8637484
"Nigeria",2007,0.7171335065,0.111246098695421,0.5687978,0.8491859
"Nigeria",2008,0.7017830415,0.110677620968597,0.5519839,0.8400691
"Nigeria",2009,0.6867450965,0.10919169921193,0.5340124,0.8187005
"Nigeria",2010,0.672669104,0.100026588931393,0.537766,0.7960838
"Nigeria",2011,0.6584709375,0.0797745255021685,0.5523323,0.7582401
"Nigeria",2012,0.6428576235,0.0442846380861011,0.5870674,0.698122
"Nigeria",2013,0.6180423585,0.0807948517578023,0.5111351,0.7189762
"Nigeria",2014,0.596052158,0.0963427843258844,0.4692619,0.7162119
"Nigeria",2015,0.5748814305,0.102580038980773,0.4394847,0.703054
"Nigeria",2016,0.553224254,0.0996727296151709,0.4234303,0.6820862
"Nigeria",2017,0.532144406,0.08597191076179,0.4211197,0.6437078
"Nigeria",2018,0.5096438145,0.0507747365449955,0.4433949,0.5751274
"North Macedonia",1998,0.16447522725,0.0308295824754824,0.1258328,0.2040788
"North Macedonia",1999,0.1633433066,0.0440507601746712,0.1100265,0.2202027
"North Macedonia",2000,0.1603452043,0.0427922122232406,0.1080705,0.2175337
"North Macedonia",2001,0.15551035435,0.0267002729912967,0.1225236,0.1889772
"North Macedonia",2002,0.20087928255,0.0557051368213875,0.1335951,0.2743416
"North Macedonia",2003,0.25255196765,0.0796044422762839,0.1563679,0.3584446
"North Macedonia",2004,0.3099242069,0.0947997852234728,0.1915155,0.4410228
"North Macedonia",2005,0.3727876445,0.10192686841654,0.2464432,0.5093235
"North Macedonia",2006,0.4387714265,0.0943338241540454,0.3149231,0.5642148
"North Macedonia",2007,0.507558405,0.0696836539762714,0.4195653,0.6003553
"North Macedonia",2008,0.418631703,0.0459516375545177,0.3607877,0.476784
"North Macedonia",2009,0.378718066,0.0602102327796142,0.3030766,0.459484
"North Macedonia",2010,0.3747355205,0.090523003410204,0.2599438,0.4935584
"North Macedonia",2011,0.3678293685,0.104405313781922,0.2371419,0.5099689
"North Macedonia",2012,0.3610526321,0.110255634668054,0.2235281,0.5120531
"North Macedonia",2013,0.35369818115,0.107818770662708,0.2162457,0.5014833
"North Macedonia",2014,0.3466377665,0.106862635842833,0.2156587,0.4938532
"North Macedonia",2015,0.3362863805,0.0932518521802556,0.2210267,0.460379
"North Macedonia",2016,0.3288218985,0.0805597187908078,0.2296602,0.43921
"North Macedonia",2017,0.3166861715,0.0746153827078667,0.2243847,0.4133405
"North Macedonia",2018,0.33102325,0.0678463179311516,0.2487402,0.4192762
"North Macedonia",2019,0.3330312845,0.0459758978474375,0.2749099,0.3924171
"North Macedonia",2020,0.337048054,0.07574295866027,0.2390724,0.4372217
"North Macedonia",2021,0.3373256155,0.0782140617227123,0.2366159,0.4361
"North Macedonia",2022,0.3453810375,0.0859738527793594,0.2413627,0.4544525
"Northern Ireland",1990,0.581486175,0.0414333276435067,0.5294729,0.6344533
"Northern Ireland",1991,0.5351250225,0.0291132718607376,0.498134,0.5727536
"Northern Ireland",1992,0.5304662685,0.0811320840363197,0.4244043,0.6311672
"Northern Ireland",1993,0.5255650155,0.104224223093122,0.3855409,0.6589837
"Northern Ireland",1994,0.5206936715,0.115355632658556,0.3724775,0.6678949
"Northern Ireland",1995,0.516191892,0.114294425011571,0.3651612,0.6603205
"Northern Ireland",1996,0.508269583,0.11625512913434,0.3593324,0.6629642
"Northern Ireland",1997,0.5058389195,0.10645693897767,0.3679706,0.6426755
"Northern Ireland",1998,0.4993664675,0.0817153032796121,0.3942263,0.6045494
"Northern Ireland",1999,0.496115689,0.0406411036857598,0.4450786,0.5483491
"Northern Ireland",2000,0.404896427,0.0327961624635847,0.3621796,0.446099
"Northern Ireland",2001,0.419781969,0.0816990332062716,0.3154117,0.5272744
"Northern Ireland",2002,0.4349676375,0.10035311451967,0.3092688,0.5676151
"Northern Ireland",2003,0.4508910045,0.113994211700937,0.3064032,0.6059483
"Northern Ireland",2004,0.4644472275,0.113622475865084,0.3192567,0.6167595
"Northern Ireland",2005,0.4777065055,0.111842366753049,0.3309362,0.625908
"Northern Ireland",2006,0.492191698,0.100969647283236,0.3600094,0.6260043
"Northern Ireland",2007,0.506013364,0.0823122819391099,0.3951157,0.611886
"Northern Ireland",2008,0.522558328,0.0433435394232322,0.4669711,0.5786588
"Norway",1990,0.4725925235,0.035430032894536,0.4271091,0.5187135
"Norway",1991,0.5502681365,0.0290791166208259,0.5134924,0.5875091
"Norway",1992,0.545687372,0.0798873932661785,0.4434095,0.6492244
"Norway",1993,0.5395482195,0.0942161324658401,0.41674,0.6615344
"Norway",1994,0.5348410635,0.0933091560432373,0.4144364,0.6545899
"Norway",1995,0.532873979,0.0795936677876985,0.4300622,0.6382398
"Norway",1996,0.5262712455,0.0330695626351736,0.4841059,0.5682012
"Norway",1997,0.5372011035,0.0770839755415186,0.440841,0.6354295
"Norway",1998,0.549878077,0.0883140439701935,0.43583,0.6630916
"Norway",1999,0.5590620695,0.0773402908900409,0.4581414,0.6616686
"Norway",2000,0.572658281,0.030561633486411,0.5343757,0.6126251
"Norway",2001,0.447652257,0.0207559407526427,0.4217916,0.4748714
"Norway",2002,0.4683191335,0.0742389025695089,0.3725133,0.5661664
"Norway",2003,0.488502968,0.0794579108604369,0.3869382,0.5915889
"Norway",2004,0.5092351655,0.0618537649445045,0.4286324,0.5885136
"Norway",2005,0.523022274,0.0744306021560526,0.4267628,0.6166847
"Norway",2006,0.537969163,0.0495292124457292,0.4740295,0.6027752
"Norway",2007,0.573921608,0.0318454326979584,0.533505,0.6155072
"Norway",2008,0.567643656,0.0350966872984806,0.5230739,0.6132336
"Norway",2009,0.580045911,0.0738260941750927,0.4838185,0.6748495
"Norway",2010,0.593902607,0.0791011592300854,0.4893035,0.6938872
"Norway",2011,0.610523059,0.0601643206827944,0.5333806,0.6883889
"Norway",2012,0.5833545755,0.070235693829549,0.4898392,0.6718877
"Norway",2013,0.608523663,0.0792872520882916,0.5056633,0.7096235
"Norway",2014,0.6300118475,0.0597990485113741,0.5545514,0.7056105
"Norway",2015,0.68385319,0.0582239426312893,0.6116958,0.7578079
"Norway",2016,0.6720414475,0.0474511726808794,0.6070859,0.7317591
"Norway",2017,0.673497168,0.0608934223871001,0.5925861,0.7494189
"Norway",2018,0.6783066425,0.0345655164213617,0.6342595,0.720306
"Norway",2019,0.6453812765,0.0730344972516855,0.5500912,0.7405003
"Norway",2020,0.612390526,0.0905663161248514,0.4910151,0.7274571
"Norway",2021,0.5770606915,0.101195913286774,0.4443756,0.7066857
"Norway",2022,0.7451829655,0.0861019880601968,0.6322978,0.8467411
"Pakistan",1997,0.6109646295,0.0407383037023819,0.5594319,0.6627164
"Pakistan",1998,0.581996782,0.0784814136921095,0.4780251,0.679852
"Pakistan",1999,0.552418878,0.0899097517220656,0.4365202,0.6692302
"Pakistan",2000,0.523544033,0.081317338649063,0.4162391,0.6268377
"Pakistan",2001,0.4931269685,0.0498704670646779,0.4283225,0.5575001
"Pakistan",2002,0.4381807245,0.0792022068292223,0.3391361,0.5418302
"Pakistan",2003,0.386574005,0.0846619240475474,0.2774856,0.4996801
"Pakistan",2004,0.3327106915,0.0739239942841483,0.2398036,0.430558
"Pakistan",2005,0.282204516,0.046567385237177,0.2251044,0.3434516
"Pakistan",2006,0.3016847073,0.081225664277069,0.2016078,0.4084851
"Pakistan",2007,0.3164388763,0.0942789633165515,0.2006779,0.4405878
"Pakistan",2008,0.33446406395,0.106237176011071,0.205699,0.4790204
"Pakistan",2009,0.350694458,0.106160390773917,0.2146986,0.4966417
"Pakistan",2010,0.36492199295,0.100225189079913,0.2398696,0.4962697
"Pakistan",2011,0.3795064005,0.0836056295782927,0.2729365,0.4878925
"Pakistan",2012,0.395570433,0.0480772668920501,0.3348399,0.4594192
"Pakistan",2013,0.501911558,0.0473643856435755,0.4428237,0.5633754
"Pakistan",2014,0.5206233635,0.0858808302381594,0.4090918,0.6294284
"Pakistan",2015,0.539461145,0.0974541574154163,0.4088104,0.6651338
"Pakistan",2016,0.554467081,0.097912638316887,0.4253084,0.678935
"Pakistan",2017,0.5722117515,0.0898770327000966,0.4573049,0.6840315
"Pakistan",2018,0.5890704015,0.0612336957741682,0.5106258,0.6685215
"Panama",1996,0.2686519645,0.0378736499253184,0.2204548,0.3193103
"Panama",1997,0.2724501955,0.0674808947449948,0.1923238,0.3634052
"Panama",1998,0.27482734775,0.077845529570642,0.1815483,0.3785509
"Panama",1999,0.27374215895,0.0779465409162685,0.1765148,0.3793927
"Panama",2000,0.27282346775,0.0700669366063043,0.188177,0.3688019
"Panama",2001,0.2691016815,0.0375985946344581,0.2215328,0.3178139
"Panama",2002,0.18193154325,0.0411074382040639,0.131411,0.2370216
"Panama",2003,0.1139762173,0.0190309251500883,0.09080789,0.1380626
"Panama",2004,0.17059420415,0.0401207638449537,0.1219628,0.2241948
"Panama",2005,0.240693552,0.0301160349558508,0.2022272,0.2795003
"Panama",2006,0.2519239685,0.0385374476978957,0.203627,0.3024085
"Panama",2007,0.17293423455,0.0306048465434034,0.1348459,0.213604
"Panama",2008,0.1705958125,0.0250688790968988,0.1398436,0.2027714
"Panama",2009,0.314826933,0.0369361230788311,0.2692469,0.3620732
"Panama",2010,0.3342178075,0.0378992188837242,0.2849233,0.3834795
"Panama",2011,0.334779446,0.038386800313366,0.285555,0.3836994
"Panama",2012,0.2551888195,0.0529124463321849,0.1907354,0.3260878
"Panama",2013,0.18446890775,0.0313148850659718,0.1451139,0.2253887
"Paraguay",1995,0.1698875877,0.0299499961351995,0.1328299,0.2086403
"Paraguay",1996,0.2186029765,0.0353831362645245,0.1753332,0.2655902
"Paraguay",1997,0.2153887494,0.0577629935568605,0.1455096,0.2934181
"Paraguay",1998,0.20894109395,0.0671541301508009,0.1295209,0.2994141
"Paraguay",1999,0.20126475815,0.0654295920957599,0.1232294,0.292411
"Paraguay",2000,0.1914675992,0.0533298950369196,0.1278685,0.2657717
"Paraguay",2001,0.1813110667,0.0298319624726771,0.144371,0.2205822
"Paraguay",2002,0.20091581,0.0450276842113604,0.1460224,0.2613205
"Paraguay",2003,0.216076137,0.0278431812288881,0.1820928,0.2528422
"Paraguay",2004,0.2265624425,0.0468573420914976,0.1684155,0.2883914
"Paraguay",2005,0.230794021,0.0292257193622788,0.1942878,0.2691227
"Paraguay",2006,0.20940176,0.0352693451850228,0.1654911,0.2557495
"Paraguay",2007,0.20339768175,0.0351511453250769,0.1609412,0.2485463
"Paraguay",2008,0.2893617445,0.0342238408553696,0.2463804,0.3326491
"Paraguay",2009,0.3496846945,0.0361676365124903,0.3041963,0.3965668
"Paraguay",2010,0.3041645865,0.0356480379020873,0.2602285,0.3504665
"Paraguay",2011,0.2664552985,0.0338765985988811,0.2247578,0.3104819
"Paraguay",2012,0.221403516,0.0474718766122563,0.1625293,0.2838228
"Paraguay",2013,0.1785926545,0.02887984072046,0.1422138,0.2157043
"Peru",1995,0.25600002,0.0359399387728763,0.2107711,0.303212
"Peru",1996,0.197926032,0.0282184047316069,0.1636515,0.2351114
"Peru",1997,0.1972281649,0.0518923509417304,0.1336777,0.2655015
"Peru",1998,0.19432901695,0.057518768796653,0.1261314,0.2728184
"Peru",1999,0.191513108,0.0591523389651875,0.1223081,0.2711453
"Peru",2000,0.1858619957,0.0508817356361804,0.1251743,0.2527811
"Peru",2001,0.17791237585,0.0258400573495318,0.1462319,0.2121985
"Peru",2002,0.12777252495,0.0313267736644867,0.09007741,0.1693496
"Peru",2003,0.0884526991,0.0139480493832779,0.07101367,0.1068872
"Peru",2004,0.12230747375,0.0295824680801015,0.08750037,0.1621097
"Peru",2005,0.1615167981,0.0207837755979586,0.1353195,0.1882732
"Peru",2006,0.13569373405,0.018079413205333,0.1125644,0.1590348
"Peru",2007,0.1392077279,0.021871906659001,0.1119823,0.167283
"Peru",2008,0.14325720805,0.0213870996651108,0.1160541,0.1719313
"Peru",2009,0.174257421,0.0244537640129482,0.1434759,0.2060706
"Peru",2010,0.193357093,0.026251835665878,0.1604424,0.2279855
"Peru",2011,0.1942844645,0.0262676113099327,0.161408,0.2270034
"Peru",2012,0.12238787895,0.0195011324202054,0.09816369,0.1471376
"Peru",2013,0.12395587045,0.0216031925166971,0.09702386,0.151998
"Peru",2014,0.10718049085,0.0329782816903037,0.06848045,0.1523713
"Peru",2015,0.09099999315,0.0349172121148441,0.05176181,0.136622
"Peru",2016,0.07539603135,0.0298334447335643,0.04136583,0.1156056
"Peru",2017,0.0612937602,0.0228821875692568,0.03618399,0.09249828
"Peru",2018,0.04879623415,0.0125264287847522,0.03359089,0.06509521
"Philippines",1991,0.609817051,0.0301225985351804,0.5716206,0.6493833
"Philippines",1992,0.6246633095,0.0740741012922522,0.5273878,0.7199502
"Philippines",1993,0.641181079,0.0866542157294472,0.5288646,0.7507506
"Philippines",1994,0.6571394705,0.0896590731804144,0.533997,0.7689542
"Philippines",1995,0.6748120275,0.0727370460255364,0.5786877,0.7662131
"Philippines",1996,0.693932269,0.03410293946628,0.6496615,0.7373058
"Philippines",1997,0.6923964145,0.0669297028565863,0.6024249,0.7763382
"Philippines",1998,0.6931837095,0.0753281386424607,0.5916499,0.7844783
"Philippines",1999,0.695536989,0.0634579413086766,0.613699,0.7739599
"Philippines",2000,0.699255955,0.0260681945177007,0.6655583,0.7328078
"Philippines",2001,0.715663305,0.0330814935353778,0.6726328,0.7578503
"Philippines",2002,0.6099083305,0.0311391002260938,0.5700628,0.6501974
"Philippines",2003,0.5625737195,0.0676805501741878,0.475939,0.6494476
"Philippines",2004,0.518614045,0.0446599909456059,0.4605913,0.5762023
"Philippines",2005,0.535528306,0.0321229016038883,0.494342,0.5780211
"Philippines",2006,0.5409040625,0.0532741202759011,0.4726543,0.6110021
"Philippines",2007,0.5584708565,0.0816881279286296,0.4532156,0.6634113
"Philippines",2008,0.576493649,0.0832297086733741,0.467505,0.6856331
"Philippines",2009,0.5927274625,0.0732992904648123,0.4979142,0.6852968
"Philippines",2010,0.6090199015,0.030183559725265,0.5694012,0.6474498
"Philippines",2011,0.6483104085,0.060502846355392,0.5670334,0.7200155
"Philippines",2012,0.6887530945,0.0369513554837385,0.6416275,0.7349978
"Philippines",2013,0.6509535595,0.0569419223764742,0.5729068,0.7224506
"Philippines",2014,0.613601866,0.0284422089625328,0.5769439,0.6502628
"Philippines",2015,0.705840146,0.0550562632630469,0.6341798,0.7739511
"Philippines",2016,0.785785289,0.0379921766978756,0.7348523,0.8326227
"Philippines",2017,0.755767116,0.0527391341077549,0.6854792,0.8213894
"Philippines",2018,0.7258417,0.0298396139020583,0.6865896,0.7645593
"Philippines",2019,0.798188378,0.030219171712865,0.7593961,0.8362718
"Poland",1989,0.762272984,0.0337447035679999,0.7203438,0.8046642
"Poland",1990,0.448937325,0.0389290241639262,0.4016076,0.4987076
"Poland",1991,0.3541407215,0.0293637429239903,0.316289,0.3919386
"Poland",1992,0.3568537705,0.0766305468390266,0.2611561,0.4597573
"Poland",1993,0.3578494425,0.0910539878358775,0.2432574,0.4723567
"Poland",1994,0.3577781873,0.0966459360066733,0.2380044,0.488538
"Poland",1995,0.356098222,0.0888342529717521,0.2457623,0.4752606
"Poland",1996,0.357515581,0.0740681664592472,0.2656103,0.4537532
"Poland",1997,0.3543546315,0.0320547930935272,0.3131952,0.3948646
"Poland",1998,0.3453761395,0.058187891360278,0.2707421,0.4219681
"Poland",1999,0.334241617,0.0362638302092462,0.2883372,0.3813077
"Poland",2000,0.311640765,0.0614792710751253,0.2363241,0.3933729
"Poland",2001,0.286980517,0.0524506884280273,0.2206485,0.3562165
"Poland",2002,0.2971816975,0.0562288760888843,0.2260312,0.3696962
"Poland",2003,0.252635528,0.0495735959011499,0.1911346,0.317834
"Poland",2004,0.25529911,0.05321514421948,0.1900101,0.3262731
"Poland",2005,0.2560948705,0.0256712095726748,0.2233055,0.2888209
"Poland",2006,0.2919056285,0.0341069111534261,0.2479876,0.3356475
"Poland",2007,0.300516091,0.0395930203519511,0.2513753,0.3522218
"Poland",2008,0.2885415415,0.0278983300600654,0.2543681,0.324065
"Poland",2009,0.3196283885,0.0370950538139291,0.2727419,0.3668901
"Poland",2010,0.344627554,0.0410116229901991,0.292572,0.3962407
"Poland",2011,0.3163934265,0.0435101094167129,0.2617212,0.372576
"Poland",2012,0.255559728,0.0239118928083884,0.2245775,0.2857235
"Poland",2013,0.2930126415,0.0402149747575993,0.2419809,0.3445289
"Poland",2014,0.2987415075,0.04122381729724,0.2475326,0.3508231
"Poland",2015,0.2845388895,0.0324358901783521,0.2440722,0.3259498
"Poland",2016,0.3609122495,0.0494660393447816,0.2982656,0.4256635
"Poland",2017,0.3908553405,0.0357852478474204,0.3452678,0.4361987
"Poland",2018,0.4077601975,0.0584348106027356,0.3324768,0.4816819
"Poland",2019,0.4118693415,0.0612070277652069,0.3342428,0.4899593
"Poland",2020,0.423871088,0.0642282319158077,0.344644,0.5057279
"Poland",2021,0.425201349,0.0646280612517951,0.3434763,0.5070033
"Poland",2022,0.395614836,0.0648406998986422,0.3152736,0.4812178
"Portugal",1990,0.336383177,0.038505392397124,0.287174,0.3878167
"Portugal",1991,0.3513921355,0.076895496871629,0.2539484,0.4549518
"Portugal",1992,0.3656720985,0.0952522341983519,0.248133,0.4925944
"Portugal",1993,0.3772786536,0.103780990343607,0.2506904,0.512697
"Portugal",1994,0.39059776735,0.106807288882971,0.2566283,0.5311405
"Portugal",1995,0.401318499,0.101503891877145,0.2717517,0.5373812
"Portugal",1996,0.4143413895,0.0897313827785768,0.2968967,0.5276647
"Portugal",1997,0.424774096,0.0594726693217222,0.347833,0.5016412
"Portugal",1998,0.4634000645,0.0677232303310435,0.3748624,0.551057
"Portugal",1999,0.503794135,0.0342552639821972,0.4594208,0.5483031
"Portugal",2000,0.5299454465,0.0257724821659194,0.4960146,0.5625641
"Portugal",2001,0.433201334,0.0206221835076394,0.4075306,0.4594605
"Portugal",2002,0.4991717015,0.05135585008364,0.4346528,0.5662015
"Portugal",2003,0.5204068915,0.0706693227426595,0.4312019,0.6112065
"Portugal",2004,0.5431273625,0.0556186244420203,0.4694766,0.614415
"Portugal",2005,0.4868483475,0.0707072485758096,0.3937329,0.5785956
"Portugal",2006,0.43060446,0.0356632997953155,0.3845798,0.4762966
"Portugal",2007,0.419609212,0.0463029881151666,0.3607132,0.4787991
"Portugal",2008,0.411831944,0.0353834228042248,0.366428,0.4572528
"Portugal",2009,0.482463311,0.0421442896996309,0.4287026,0.5358524
"Portugal",2010,0.4544287375,0.0505839246833001,0.3893636,0.5175118
"Portugal",2011,0.4449416135,0.0506846592826904,0.3791532,0.5110427
"Portugal",2012,0.4114536755,0.0462114171639147,0.3530508,0.4709134
"Portugal",2013,0.3943112585,0.0465191681411969,0.3338956,0.4555315
"Portugal",2014,0.4372380615,0.0501711131275552,0.3729805,0.5027175
"Portugal",2015,0.3991521815,0.0517464123784981,0.3350357,0.4632734
"Portugal",2016,0.385881123,0.0501645644952228,0.3223899,0.4485437
"Portugal",2017,0.4145297295,0.0521603498165304,0.3484022,0.4800094
"Portugal",2018,0.431879909,0.0552495347531085,0.3621218,0.502589
"Portugal",2019,0.436533477,0.0504744304608744,0.3724603,0.5024591
"Portugal",2020,0.468024199,0.034643731883875,0.4237986,0.5131272
"Portugal",2021,0.3675670345,0.048818647464165,0.3062288,0.4313099
"Portugal",2022,0.4797551655,0.0609009870195311,0.4013783,0.5565629
"Puerto Rico",1995,0.5817933245,0.0446293116144625,0.5245864,0.638129
"Puerto Rico",1996,0.533665909,0.0854237467566934,0.4236138,0.6469346
"Puerto Rico",1997,0.4893781425,0.0983901015533373,0.363819,0.6215216
"Puerto Rico",1998,0.4423287375,0.102033270334721,0.3135287,0.5794608
"Puerto Rico",1999,0.3982763995,0.0951437701552107,0.2788929,0.5245322
"Puerto Rico",2000,0.3509356955,0.0774637796016684,0.2549443,0.4575036
"Puerto Rico",2001,0.3034981655,0.0415246558476256,0.2497112,0.3564904
"Puerto Rico",2002,0.2916512485,0.0774715176741499,0.1983285,0.3932875
"Puerto Rico",2003,0.2803696336,0.0955016821496933,0.1628139,0.4058485
"Puerto Rico",2004,0.26703939225,0.104492893338486,0.1376466,0.4124001
"Puerto Rico",2005,0.25480294385,0.108655284514394,0.125366,0.3970789
"Puerto Rico",2006,0.24326752435,0.110653555106701,0.1151533,0.397332
"Puerto Rico",2007,0.23076077025,0.109810271244676,0.1041016,0.375571
"Puerto Rico",2008,0.22096393455,0.112596590087131,0.09399247,0.3704707
"Puerto Rico",2009,0.20969002565,0.111351122089371,0.08248757,0.3619335
"Puerto Rico",2010,0.1985178071,0.108526188744596,0.07957363,0.3450862
"Puerto Rico",2011,0.1870760101,0.102250148567122,0.07484975,0.3260231
"Puerto Rico",2012,0.17488844485,0.0957626546166945,0.06944394,0.3116529
"Puerto Rico",2013,0.1626845352,0.0871555236773981,0.06730659,0.2779506
"Puerto Rico",2014,0.1503853764,0.0781637869499115,0.06462547,0.2502639
"Puerto Rico",2015,0.13868854665,0.0675589935768213,0.06530836,0.2304846
"Puerto Rico",2016,0.1274034464,0.0572500691469051,0.0646301,0.2027284
"Puerto Rico",2017,0.11663426635,0.0445983743887873,0.06595785,0.1756895
"Puerto Rico",2018,0.10557202615,0.0262093002845391,0.07325052,0.1387386
"Romania",1993,0.283150602,0.0399873731848657,0.2335258,0.334216
"Romania",1994,0.2870782569,0.0698006006675418,0.2008458,0.3812453
"Romania",1995,0.2875215267,0.0790029335649907,0.1930587,0.3951171
"Romania",1996,0.2870180537,0.0810999090492372,0.18783,0.3940833
"Romania",1997,0.28251938,0.0683166441624983,0.1981161,0.373475
"Romania",1998,0.275236456,0.0345120437145026,0.231093,0.3189123
"Romania",1999,0.2701825405,0.0334168744366064,0.229323,0.3142962
"Romania",2000,0.3340840135,0.0583020630639866,0.2602936,0.4103444
"Romania",2001,0.4011141365,0.0245156574408835,0.3687489,0.4319021
"Romania",2002,0.343968096,0.0526520000994836,0.2797693,0.4138893
"Romania",2003,0.3027829005,0.0536240996881279,0.2340572,0.3717187
"Romania",2004,0.2871067035,0.0596976801816463,0.2118284,0.3651045
"Romania",2005,0.267965487,0.0331710989481438,0.2257477,0.3116782
"Romania",2006,0.2903139055,0.0458603494577807,0.2344569,0.3536592
"Romania",2007,0.315035851,0.045006870380371,0.2584977,0.3739647
"Romania",2008,0.299374041,0.0321346562876232,0.2582635,0.3410344
"Romania",2009,0.286822614,0.0380779987216677,0.2390614,0.3375034
"Romania",2010,0.17120391365,0.0303672709139994,0.1338356,0.2119695
"Romania",2011,0.1669265777,0.0315786495763412,0.128018,0.2072429
"Romania",2012,0.244580752,0.0279288365632796,0.2096459,0.2815933
"Romania",2013,0.3215210545,0.0474266904472462,0.2610809,0.382715
"Romania",2014,0.2898650395,0.045200840263774,0.2342353,0.349101
"Romania",2015,0.2794591755,0.0452759678031178,0.2220856,0.3377526
"Romania",2016,0.2784109295,0.0512975979810248,0.2142011,0.3474863
"Romania",2017,0.2976541075,0.0521050722644906,0.2311312,0.3660582
"Romania",2018,0.268580363,0.0342180564534861,0.2252005,0.3126544
"Romania",2019,0.3152512015,0.0552291706547229,0.2445117,0.3856266
"Romania",2020,0.35242732,0.0618046739400024,0.2731694,0.4321842
"Romania",2021,0.3315832655,0.0620207423355601,0.2532801,0.4139138
"Romania",2022,0.3423472245,0.0703653349430735,0.2539668,0.4338405
"Russia",1990,0.4330037875,0.04212654119349,0.3792628,0.4865033
"Russia",1991,0.317166565,0.0308377684674459,0.2787002,0.3566686
"Russia",1992,0.3035191515,0.0650136935315928,0.2231666,0.3927586
"Russia",1993,0.2883922345,0.0631104943043087,0.2109939,0.3708772
"Russia",1994,0.269043306,0.0296675425627439,0.2308538,0.3061196
"Russia",1995,0.3860158115,0.0368364077363066,0.3401848,0.4326651
"Russia",1996,0.283035511,0.0286981858298019,0.2465417,0.3191436
"Russia",1997,0.3698887885,0.051670931886456,0.3026476,0.4363969
"Russia",1998,0.344429048,0.0639093856351696,0.2611,0.4282723
"Russia",1999,0.315270971,0.0345340799961973,0.2724482,0.3594074
"Russia",2000,0.2386540245,0.0197955151509362,0.2133952,0.2630866
"Russia",2001,0.2739530345,0.0618230619212359,0.195166,0.3531188
"Russia",2002,0.31247842555,0.0811883415857685,0.2126419,0.4168217
"Russia",2003,0.3539628155,0.0890351897470608,0.239685,0.4726172
"Russia",2004,0.3912747605,0.0816554617012846,0.2881922,0.5026664
"Russia",2005,0.431532513,0.052317447607676,0.3658828,0.5003329
"Russia",2006,0.4605281915,0.0388894751838574,0.4102371,0.5106475
"Russia",2007,0.3986857945,0.0508915777348811,0.3306141,0.463553
"Russia",2008,0.48908176,0.0406402861269411,0.4360198,0.5418236
"Russia",2009,0.4757126605,0.0660904468542159,0.3915889,0.561007
"Russia",2010,0.461872892,0.0525931105570431,0.3963958,0.5292583
"Russia",2011,0.4723560475,0.0425993924581225,0.4167903,0.5270535
"Russia",2012,0.503873571,0.0782764128499722,0.4039473,0.6064523
"Russia",2013,0.537147932,0.079127251954357,0.4323074,0.6410171
"Russia",2014,0.5723981765,0.0542319294007378,0.503825,0.6424902
"Russia",2015,0.5445587185,0.0702401241614176,0.454528,0.6337185
"Russia",2016,0.5185014335,0.054002947177997,0.4476416,0.5858162
"Russia",2017,0.572700093,0.0427271080732888,0.5173629,0.6261624
"Serbia",1996,0.306829965,0.0409945955307299,0.2548502,0.3590686
"Serbia",1997,0.334820489,0.0694839000687228,0.2497905,0.4260867
"Serbia",1998,0.3652301495,0.0787217741654686,0.265836,0.4689198
"Serbia",1999,0.391237282,0.0713126696369576,0.3016733,0.4866332
"Serbia",2000,0.417132082,0.0322869057760816,0.3762189,0.4576007
"Serbia",2001,0.298433657,0.0327849919470759,0.2583479,0.3409289
"Serbia",2002,0.3079167575,0.0307819135061849,0.2677542,0.3478869
"Serbia",2003,0.286498599,0.0625167907521745,0.2084333,0.3694403
"Serbia",2004,0.2657430929,0.0681467530690848,0.1813846,0.35634
"Serbia",2005,0.243205142,0.0585804149771943,0.1711085,0.3199025
"Serbia",2006,0.2190596315,0.0298661784459979,0.1817542,0.2567513
"Serbia",2007,0.236227593,0.0503269318238134,0.1741914,0.3041885
"Serbia",2008,0.247811732,0.030536481341365,0.2096391,0.2867046
"Serbia",2009,0.24752259515,0.0668443705830359,0.165707,0.3374724
"Serbia",2010,0.24456224385,0.0821856634018894,0.1444276,0.3585961
"Serbia",2011,0.2391678638,0.0903686369780886,0.1318085,0.3683876
"Serbia",2012,0.23212889295,0.0881186628498124,0.1323969,0.3558884
"Serbia",2013,0.22715957655,0.0840140620942825,0.1282997,0.3355573
"Serbia",2014,0.22158915525,0.0775905689051623,0.1287062,0.3272809
"Serbia",2015,0.2137398034,0.0664624764769792,0.1338916,0.3029009
"Serbia",2016,0.2041555804,0.0442064773525358,0.1499872,0.2618834
"Serbia",2017,0.1993911515,0.0283196126371196,0.1639958,0.235499
"Serbia",2018,0.255996971,0.0317902241783195,0.2142992,0.2964852
"Serbia",2019,0.2754423665,0.052030794831509,0.2098586,0.3450471
"Serbia",2020,0.28883640745,0.0680830443847845,0.2055767,0.3801734
"Serbia",2021,0.3017416865,0.0620707953859473,0.2213241,0.3828053
"Serbia",2022,0.3412793305,0.072315195794471,0.2492692,0.4370045
"Singapore",2000,0.8683764875,0.0223326440199163,0.8393122,0.8968699
"Singapore",2001,0.8612545805,0.0455699215010771,0.8013165,0.9148902
"Singapore",2002,0.8561206075,0.0515909579559621,0.7867702,0.9170487
"Singapore",2003,0.851528018,0.0555556265959525,0.7800048,0.917302
"Singapore",2004,0.848571326,0.0525496434364151,0.7770442,0.9101464
"Singapore",2005,0.8474311285,0.0424925525202339,0.7899316,0.8994087
"Singapore",2006,0.8454512075,0.0196619920385729,0.8206581,0.8693643
"Singapore",2007,0.8322577865,0.0453303457738401,0.7729773,0.8867553
"Singapore",2008,0.8190184295,0.0594949006745467,0.7398272,0.8884289
"Singapore",2009,0.807341376,0.0607422150536135,0.731783,0.8771835
"Singapore",2010,0.7988017055,0.0526030510841477,0.7284976,0.8612896
"Singapore",2011,0.790367808,0.0227057695165746,0.7609061,0.8193292
"Singapore",2012,0.782546015,0.0281731519599503,0.7463123,0.8196144
"Singapore",2013,0.7960744245,0.0447911780353363,0.735974,0.851628
"Singapore",2014,0.8146551685,0.0222945588219108,0.7847241,0.8428195
"Singapore",2015,0.8059524385,0.0520226708231421,0.7374315,0.8683928
"Singapore",2016,0.798910734,0.0666232470219151,0.7104675,0.8787856
"Singapore",2017,0.792588074,0.0714510443281924,0.6965581,0.8771429
"Singapore",2018,0.78740554,0.0682936009095434,0.6955413,0.8697173
"Singapore",2019,0.784945802,0.0576532953137031,0.7089592,0.8549775
"Singapore",2020,0.784556827,0.0294824895251465,0.7471098,0.8215309
"Slovakia",1990,0.33287089,0.0349018185182927,0.2895024,0.3778312
"Slovakia",1991,0.372649746,0.0367533557325489,0.3263189,0.4183735
"Slovakia",1992,0.3772893215,0.081112021517704,0.2755865,0.4827143
"Slovakia",1993,0.3790484605,0.0945172407140547,0.2617541,0.5042193
"Slovakia",1994,0.3793230575,0.103213159322738,0.2499971,0.5226183
"Slovakia",1995,0.379600622,0.102489784219998,0.2489304,0.5194698
"Slovakia",1996,0.381044869,0.0990739187063313,0.2534343,0.5156153
"Slovakia",1997,0.380034712,0.0803996687813398,0.2772221,0.4864682
"Slovakia",1998,0.378334597,0.0352241539226193,0.3330927,0.4237612
"Slovakia",1999,0.3697573305,0.0354676875528197,0.3267136,0.4148563
"Slovakia",2000,0.3597381325,0.0658417820364456,0.277676,0.4452207
"Slovakia",2001,0.350893934,0.058503897073657,0.2756132,0.4280289
"Slovakia",2002,0.3513272115,0.0580082666153077,0.2780881,0.423478
"Slovakia",2003,0.402063246,0.0603342934242458,0.3249866,0.4805402
"Slovakia",2004,0.418296202,0.0736989910834032,0.3256988,0.5144603
"Slovakia",2005,0.431090122,0.0501707233567066,0.365498,0.4970568
"Slovakia",2006,0.3794938365,0.0444390143927367,0.3226114,0.4370152
"Slovakia",2007,0.45278525,0.0482574061636068,0.3893965,0.5141441
"Slovakia",2008,0.4989248895,0.0358390964431055,0.4525001,0.5455042
"Slovakia",2009,0.4662192975,0.043032958872051,0.4091856,0.5220886
"Slovakia",2010,0.515209235,0.055020436264584,0.4447707,0.5839642
"Slovakia",2011,0.480397502,0.0554395718744815,0.4090575,0.5517442
"Slovakia",2012,0.441909156,0.0517808466965437,0.3757068,0.5087693
"Slovakia",2013,0.459508724,0.0571410937845897,0.3862075,0.5325145
"Slovakia",2014,0.445766035,0.0460546207790416,0.3861925,0.5046953
"Slovakia",2015,0.457454702,0.0577760191044345,0.3851248,0.5302384
"Slovakia",2016,0.4596248745,0.0480537419960158,0.3984859,0.5212608
"Slovakia",2017,0.48199163,0.037761134948905,0.43481,0.5309967
"Slovakia",2018,0.500933449,0.0598196087409084,0.4243967,0.5769001
"Slovakia",2019,0.490737923,0.0659576181111819,0.4068086,0.5796949
"Slovakia",2020,0.4965885925,0.0640428311188637,0.414316,0.5800338
"Slovakia",2021,0.4305860235,0.0629657074592343,0.350673,0.5127606
"Slovakia",2022,0.4985336105,0.0712970787695213,0.4065366,0.5882206
"Slovenia",1992,0.41556276,0.0428478678899867,0.3607847,0.4705408
"Slovenia",1993,0.390381979,0.0720888235125548,0.2953603,0.4846108
"Slovenia",1994,0.361894442,0.0686589688240774,0.2758813,0.4514535
"Slovenia",1995,0.3325464385,0.0323439223863137,0.2923677,0.3742188
"Slovenia",1996,0.3231581285,0.0653124044659937,0.2409113,0.4100322
"Slovenia",1997,0.31420724985,0.0760631164468592,0.2198619,0.415188
"Slovenia",1998,0.302235268,0.0656554527297448,0.2202203,0.3899951
"Slovenia",1999,0.2884650815,0.0331138245167168,0.247742,0.3311716
"Slovenia",2000,0.3493142195,0.0292064513726713,0.3116359,0.3864734
"Slovenia",2001,0.4441079725,0.022752363565719,0.4147666,0.4734257
"Slovenia",2002,0.3578583195,0.0486697235477513,0.293888,0.4212098
"Slovenia",2003,0.3289450275,0.0357421497248028,0.283846,0.374505
"Slovenia",2004,0.2882971565,0.0534515428695054,0.222461,0.3583372
"Slovenia",2005,0.245928823,0.0284092224017203,0.2107145,0.2820255
"Slovenia",2006,0.4333655045,0.0368070446691339,0.3856933,0.4794577
"Slovenia",2007,0.464036691,0.045550858083406,0.4059872,0.5234002
"Slovenia",2008,0.442559692,0.0311702917869753,0.402851,0.4824046
"Slovenia",2009,0.3805414035,0.0377874503947985,0.3327529,0.4308927
"Slovenia",2010,0.292593699,0.0401886001128543,0.2425409,0.3457882
"Slovenia",2011,0.16871834,0.0195122851816979,0.1435902,0.194948
"Slovenia",2012,0.203336708,0.0297572297028727,0.1667826,0.2422113
"Slovenia",2013,0.1471285406,0.0221732525608652,0.120176,0.1766722
"Slovenia",2014,0.1574480222,0.0272495120597249,0.1237171,0.1930279
"Slovenia",2015,0.2443592945,0.0324632773587358,0.202754,0.2857751
"Slovenia",2016,0.299642377,0.045429303389994,0.2434955,0.3574606
"Slovenia",2017,0.298960722,0.0298236659299031,0.2610398,0.3379551
"Slovenia",2018,0.374249753,0.0531533153541767,0.3077628,0.4446956
"Slovenia",2019,0.393409605,0.0576150880730631,0.320782,0.4668066
"Slovenia",2020,0.390884656,0.0598088390810235,0.3141748,0.4698905
"Slovenia",2021,0.3092791415,0.0528384044925103,0.2430896,0.3788675
"Slovenia",2022,0.376818574,0.063628614555903,0.2942343,0.4601674
"South Africa",1990,0.652628551,0.045655207901549,0.593936,0.7106821
"South Africa",1991,0.6495103345,0.0811861160039357,0.5402914,0.7488904
"South Africa",1992,0.645654231,0.0959323683974122,0.512834,0.7651006
"South Africa",1993,0.6427784315,0.101078887442416,0.5061845,0.7706416
"South Africa",1994,0.6440189165,0.0935124095947464,0.5160877,0.7614723
"South Africa",1995,0.641991324,0.0804178156835579,0.5333006,0.7447823
"South Africa",1996,0.6425512115,0.04846934107461,0.5800059,0.7057956
"South Africa",1997,0.6354550655,0.078704913428134,0.5308391,0.7343729
"South Africa",1998,0.6304449685,0.0903971793623719,0.5105265,0.7443329
"South Africa",1999,0.6278823505,0.0884539938300125,0.5089084,0.7414994
"South Africa",2000,0.626390535,0.078298635824047,0.5220978,0.7239202
"South Africa",2001,0.6251603495,0.0466288255981606,0.5657575,0.6842502
"South Africa",2002,0.6276400575,0.0747951203367124,0.5328387,0.7235732
"South Africa",2003,0.633594965,0.0795306292024679,0.5253202,0.7357785
"South Africa",2004,0.6393823405,0.060543276195543,0.5606864,0.7166486
"South Africa",2005,0.6150268515,0.0699036490561625,0.5234647,0.7042682
"South Africa",2006,0.595946999,0.042463381314579,0.5407835,0.6501649
"South Africa",2007,0.5853827655,0.079008060614133,0.478974,0.6877672
"South Africa",2008,0.577674863,0.0873048396857328,0.4688441,0.6890333
"South Africa",2009,0.5704309495,0.0875651206405574,0.4565064,0.681086
"South Africa",2010,0.563312207,0.0687761746419597,0.4718725,0.6538679
"South Africa",2011,0.5299030845,0.0841782250487888,0.424113,0.6386638
"South Africa",2012,0.4960149055,0.0796617104896678,0.3968947,0.5973225
"South Africa",2013,0.463021314,0.047852639994661,0.4000379,0.5232326
"South Africa",2014,0.4888345225,0.0738088579148929,0.3932452,0.5851335
"South Africa",2015,0.5121927665,0.0649492862066193,0.426949,0.5979838
"South Africa",2016,0.521195246,0.0817950893825359,0.412741,0.6286911
"South Africa",2017,0.537679771,0.0719322353422805,0.444231,0.6301386
"South Korea",1990,0.62283122,0.0412119985335117,0.5686537,0.6762175
"South Korea",1991,0.6401130795,0.0757395457333693,0.542145,0.7368472
"South Korea",1992,0.6604225205,0.0885097404136608,0.5408984,0.7734767
"South Korea",1993,0.6809995505,0.0889828326786927,0.5668103,0.7931998
"South Korea",1994,0.701167463,0.0861038834525972,0.5849739,0.8071129
"South Korea",1995,0.7186976355,0.0679096306978871,0.6298346,0.8014779
"South Korea",1996,0.738939624,0.0322881615878015,0.6967608,0.7786438
"South Korea",1997,0.6466145745,0.0702261923692563,0.5554791,0.7365756
"South Korea",1998,0.547231919,0.0883037105142516,0.4312782,0.6596053
"South Korea",1999,0.4487030765,0.0768256848800991,0.349953,0.550858
"South Korea",2000,0.3475120195,0.0340868253130308,0.3045919,0.3904215
"South Korea",2001,0.5622802115,0.0355220940201103,0.5154553,0.605957
"South Korea",2002,0.493599681,0.0626347118232441,0.4148938,0.5729177
"South Korea",2003,0.424068248,0.0260205314211531,0.389702,0.4574122
"South Korea",2004,0.4462551745,0.0423214437284302,0.3934306,0.5014317
"South Korea",2005,0.5261480185,0.0355991244663341,0.4796431,0.5727221
"South Korea",2006,0.31411721,0.0241755154363709,0.283202,0.3455806
"South Korea",2007,0.3484957685,0.0703379578449559,0.2585595,0.4427236
"South Korea",2008,0.379355923,0.0824816897764544,0.2756418,0.4853215
"South Korea",2009,0.4083456485,0.0729777923558566,0.3147765,0.5034644
"South Korea",2010,0.441245359,0.0326535697535038,0.3997306,0.4835907
"South Korea",2011,0.3536567135,0.024596134595398,0.3222218,0.385164
"South Korea",2012,0.423372964,0.0353439751588686,0.3784096,0.4683157
"South Korea",2013,0.425086698,0.0638196826956503,0.3435159,0.5069993
"South Korea",2014,0.427535026,0.04127476675357,0.3745033,0.4811847
"South Korea",2015,0.3831570585,0.0249018107902296,0.3513995,0.4150578
"South Korea",2016,0.3634277045,0.0472291162481257,0.3041151,0.4255763
"South Korea",2017,0.424015215,0.0644885645518161,0.3408211,0.5065897
"South Korea",2018,0.490849066,0.0346784705481718,0.4461689,0.5362898
"South Korea",2019,0.260546294,0.0228489234599183,0.2312469,0.2896505
"Spain",1990,0.342462485,0.0388449461708764,0.2933977,0.3928797
"Spain",1991,0.3559825425,0.0758067571586837,0.2599032,0.4520053
"Spain",1992,0.3669378585,0.090506517263267,0.2544726,0.4815926
"Spain",1993,0.379972439,0.0887213188005348,0.2690386,0.4975924
"Spain",1994,0.3911133955,0.0760581122726256,0.2957559,0.4910939
"Spain",1995,0.3999717185,0.0369497572931172,0.3532237,0.4467638
"Spain",1996,0.420595249,0.030813043491671,0.3808334,0.4596965
"Spain",1997,0.389914989,0.0514042864214856,0.3254937,0.4561761
"Spain",1998,0.3986127925,0.0676046229026192,0.312475,0.4846466
"Spain",1999,0.40674681,0.0324927909273276,0.3667327,0.4503776
"Spain",2000,0.4305692775,0.0244590061951323,0.3983509,0.4623482
"Spain",2001,0.5012126595,0.0310465891730992,0.4605069,0.5416145
"Spain",2002,0.407352358,0.0203474912623933,0.3813228,0.4331099
"Spain",2003,0.455413655,0.0613983746301364,0.377205,0.533571
"Spain",2004,0.502510774,0.0439399249728107,0.4464193,0.557927
"Spain",2005,0.5012599295,0.0659260807562035,0.4162843,0.584689
"Spain",2006,0.495665173,0.0334532060949932,0.4520054,0.5391803
"Spain",2007,0.477296473,0.0287942256926088,0.4415615,0.5142796
"Spain",2008,0.445498446,0.0307181258724493,0.405388,0.484398
"Spain",2009,0.421438479,0.0284964579437029,0.3845155,0.4571646
"Spain",2010,0.3777546225,0.0282222857674208,0.3422206,0.4148316
"Spain",2011,0.3344896345,0.0307607684609157,0.2950523,0.3747724
"Spain",2012,0.2377987565,0.0330797187709961,0.1963337,0.2805294
"Spain",2013,0.19046085625,0.0307491530651498,0.1521088,0.2321055
"Spain",2014,0.245775122,0.0309299577184054,0.2061228,0.2870486
"Spain",2015,0.2708605835,0.0427027894396841,0.2149604,0.3274948
"Spain",2016,0.299661134,0.0357723255778635,0.2545912,0.3466472
"Spain",2017,0.4134429735,0.0358675173326731,0.3691823,0.4589735
"Spain",2018,0.360262402,0.0488774644234399,0.2985916,0.4239701
"Spain",2019,0.378076924,0.0543764140149457,0.3112287,0.4516283
"Spain",2020,0.3838961185,0.0584267985731309,0.3111099,0.4585637
"Spain",2021,0.334522708,0.0550615830006457,0.2631939,0.4035411
"Spain",2022,0.3837027655,0.0637169139661456,0.3028268,0.4672927
"Sweden",1990,0.4466597025,0.0399977580223367,0.3972635,0.4963955
"Sweden",1991,0.4456423445,0.0815428508095952,0.340849,0.5521426
"Sweden",1992,0.443575642,0.0993277002957627,0.3144488,0.5785031
"Sweden",1993,0.4434804805,0.102702679307417,0.3134239,0.5805034
"Sweden",1994,0.4436680785,0.0923962969771673,0.3234096,0.5654959
"Sweden",1995,0.444652047,0.0801465377960904,0.3440269,0.5507124
"Sweden",1996,0.443642901,0.031768274815759,0.4032631,0.4839869
"Sweden",1997,0.4807828,0.0509322574228955,0.4164288,0.546006
"Sweden",1998,0.4804445825,0.067739836268846,0.3917318,0.5684086
"Sweden",1999,0.4818452585,0.032401189463861,0.4396038,0.5230049
"Sweden",2000,0.477067455,0.0315723127564543,0.4366783,0.5182323
"Sweden",2001,0.545391527,0.0284214108916466,0.5088064,0.5825897
"Sweden",2002,0.526107687,0.0207929021746473,0.4988312,0.5533773
"Sweden",2003,0.531742295,0.0644831045305351,0.4491789,0.6151836
"Sweden",2004,0.539112237,0.0467554226508269,0.4776541,0.5994656
"Sweden",2005,0.5447479325,0.0649790491610018,0.4603491,0.6244918
"Sweden",2006,0.550748788,0.0285597895702193,0.5153478,0.5862415
"Sweden",2007,0.587185867,0.0443668866634725,0.5298278,0.6438592
"Sweden",2008,0.5523477275,0.0489202839181516,0.4902874,0.6157254
"Sweden",2009,0.545816631,0.0294531555114326,0.507766,0.5824377
"Sweden",2010,0.572591543,0.0395068958662743,0.5224057,0.6242658
"Sweden",2011,0.579330692,0.0321328913227633,0.5377668,0.6199513
"Sweden",2012,0.6173456275,0.0434380159807733,0.5618935,0.6725076
"Sweden",2013,0.597169771,0.0493589746002117,0.5356978,0.6615901
"Sweden",2014,0.6127274965,0.0399936607928031,0.5618015,0.6640487
"Sweden",2015,0.6329758665,0.0508296091650783,0.5662373,0.6974357
"Sweden",2016,0.6367182695,0.0365665849380809,0.5885612,0.6814032
"Sweden",2017,0.6223204385,0.0300428872591609,0.5848455,0.6608273
"Sweden",2018,0.6267858935,0.0491941640822978,0.5647737,0.6892138
"Sweden",2019,0.6107259305,0.0526233885420303,0.5448592,0.6780828
"Sweden",2020,0.5835181735,0.0523680466427571,0.5178251,0.6498664
"Sweden",2021,0.4060417005,0.0526715159907343,0.3383037,0.473886
"Sweden",2022,0.5582153675,0.0585813803714248,0.4814568,0.6330074
"Switzerland",1996,0.422525794,0.0389974505020186,0.3723642,0.4730262
"Switzerland",1997,0.426933191,0.0679759207144707,0.340593,0.5146156
"Switzerland",1998,0.4335117145,0.0511318378400331,0.3676643,0.5009133
"Switzerland",1999,0.4903432225,0.0660755329102133,0.4073622,0.5737878
"Switzerland",2000,0.55038142,0.0216887357629738,0.521981,0.5786118
"Switzerland",2001,0.5595177785,0.0345455861543673,0.5159848,0.6044163
"Switzerland",2002,0.581581448,0.0768620404320299,0.4797704,0.6797874
"Switzerland",2003,0.6027081075,0.0847930845748272,0.4904726,0.7104038
"Switzerland",2004,0.6220515705,0.080447446488576,0.5158478,0.721945
"Switzerland",2005,0.6417246485,0.0539409364532047,0.5715997,0.7108402
"Switzerland",2006,0.641158436,0.0440356686610311,0.5837076,0.6970195
"Switzerland",2007,0.643287102,0.0317767102565851,0.6028022,0.684833
"Switzerland",2008,0.691502381,0.0317894298917464,0.6517006,0.7324167
"Switzerland",2009,0.6835654475,0.0658909094319931,0.5943786,0.7664095
"Switzerland",2010,0.675109725,0.0695182461202035,0.5861232,0.7615785
"Switzerland",2011,0.670924595,0.0541179583648049,0.5999712,0.7393587
"Switzerland",2012,0.71312345,0.0586713948549854,0.6358253,0.7858277
"Switzerland",2013,0.710122496,0.0765596159437775,0.6082511,0.8043106
"Switzerland",2014,0.7139059015,0.0742666025156962,0.6154592,0.8080604
"Switzerland",2015,0.721253416,0.0478327509130292,0.6584099,0.7838199
"Switzerland",2016,0.6915505545,0.059810576774322,0.610172,0.7683497
"Switzerland",2017,0.66496329,0.0308450369408896,0.6247149,0.7039636
"Switzerland",2018,0.6388682885,0.0747300218497833,0.5396087,0.7334818
"Switzerland",2019,0.6131871235,0.0894363727877756,0.490572,0.7256002
"Switzerland",2020,0.5880944175,0.101098611789921,0.4559315,0.718028
"Switzerland",2021,0.564432515,0.104475535916593,0.4289786,0.698008
"Switzerland",2022,0.75553635,0.0856671090046355,0.6451323,0.8565273
"Taiwan",1998,0.581466509,0.036142021978277,0.5341509,0.628298
"Taiwan",1999,0.566467824,0.0628581601841391,0.4845271,0.6481481
"Taiwan",2000,0.552073894,0.0355818610534606,0.5060185,0.59688
"Taiwan",2001,0.494265257,0.0246178823942625,0.463363,0.5248766
"Taiwan",2002,0.5020508465,0.0722811142151048,0.4082632,0.5940339
"Taiwan",2003,0.506937661,0.0749176375217946,0.4071672,0.6061213
"Taiwan",2004,0.5130354095,0.0380389370919109,0.4634352,0.562084
"Taiwan",2005,0.4972779285,0.062175957415376,0.4163932,0.5792831
"Taiwan",2006,0.4792841345,0.0248545900123045,0.4475222,0.5119551
"Taiwan",2007,0.478929459,0.0756320832701322,0.3807379,0.5765062
"Taiwan",2008,0.479071041,0.0859035106425615,0.3684758,0.5916213
"Taiwan",2009,0.474979333,0.0750961223981154,0.3806092,0.5729029
"Taiwan",2010,0.4735238155,0.0229387046257938,0.4441297,0.502635
"Taiwan",2011,0.4494069035,0.0630958230624195,0.3708594,0.5310364
"Taiwan",2012,0.4222203785,0.035575585222343,0.3763909,0.4674454
"Taiwan",2013,0.4228699955,0.0640609080088469,0.3413969,0.5044213
"Taiwan",2014,0.4248251505,0.022430631731759,0.3971062,0.4540589
"Taiwan",2015,0.468284418,0.0664157253170811,0.3833817,0.5509155
"Taiwan",2016,0.515858985,0.0525807938081057,0.4477362,0.5821125
"Taiwan",2017,0.438961449,0.0646220417844143,0.358393,0.5209502
"Taiwan",2018,0.359729225,0.02445198495594,0.3295929,0.3919204
"Taiwan",2019,0.5788565415,0.0358233368914217,0.5330487,0.6247356
"Thailand",2000,0.6265849705,0.0446745866575858,0.5695475,0.6846054
"Thailand",2001,0.68954785,0.0566405396721436,0.6139599,0.7593689
"Thailand",2002,0.747568458,0.026796371449651,0.7128584,0.7813895
"Thailand",2003,0.7297861185,0.0605717288979793,0.6493209,0.8062372
"Thailand",2004,0.7147520095,0.0712220409456626,0.6189759,0.8016307
"Thailand",2005,0.6977675025,0.0650486872344436,0.6115507,0.7766265
"Thailand",2006,0.680109291,0.0269442993854916,0.6460646,0.7143011
"Thailand",2007,0.53375692,0.0386721038788014,0.4815505,0.5834082
"Thailand",2008,0.593885841,0.0701746540012334,0.5022037,0.6842354
"Thailand",2009,0.650425067,0.064490766411539,0.5654554,0.732371
"Thailand",2010,0.7038269985,0.0283743830611618,0.6673339,0.7408599
"Thailand",2011,0.683456525,0.0650154584503341,0.5983934,0.766526
"Thailand",2012,0.6657546455,0.065135034664374,0.584414,0.7469778
"Thailand",2013,0.648487364,0.0390258095115851,0.597903,0.6979488
"Thailand",2014,0.6807974905,0.0280264684366837,0.6433837,0.7164416
"Thailand",2015,0.6394815725,0.065185128519017,0.5548044,0.7221229
"Thailand",2016,0.601940378,0.0708328531075644,0.5101542,0.6966038
"Thailand",2017,0.5617540405,0.0432662939377574,0.506516,0.6166395
"Thailand",2018,0.5281541845,0.0322260844526299,0.486371,0.5706052
"Tunisia",2013,0.245822124,0.0423569787740469,0.191108,0.2999631
"Tunisia",2014,0.24620539845,0.0658767220713774,0.1640262,0.3312646
"Tunisia",2015,0.24271025965,0.0732110272853442,0.1527042,0.3387277
"Tunisia",2016,0.23979495125,0.072890651982832,0.1511423,0.3364917
"Tunisia",2017,0.23386112195,0.0615082208669462,0.1613217,0.3130646
"Tunisia",2018,0.227896866,0.0362964430593884,0.1814099,0.2735692
"Tunisia",2019,0.1985089295,0.0320095363823852,0.1591237,0.2409212
"Turkey",1990,0.5690401985,0.0543462149831945,0.5013882,0.6392608
"Turkey",1991,0.582036785,0.084839792833981,0.4729789,0.6918185
"Turkey",1992,0.597602515,0.097609528089166,0.4703344,0.7235051
"Turkey",1993,0.6124331295,0.0985713011754864,0.4821372,0.7404374
"Turkey",1994,0.628950751,0.0921092059825584,0.5114228,0.7432889
"Turkey",1995,0.645285954,0.0797606843230154,0.5421476,0.7465186
"Turkey",1996,0.6601416195,0.0443376665158842,0.6037933,0.7156321
"Turkey",1997,0.6385225615,0.0768025262646844,0.5379351,0.7345907
"Turkey",1998,0.618181613,0.0905432101472171,0.4962509,0.7351258
"Turkey",1999,0.5994036335,0.0916582813469024,0.4783466,0.7175805
"Turkey",2000,0.581759912,0.080225804788492,0.4789406,0.6887361
"Turkey",2001,0.5637288255,0.043170514074699,0.5077804,0.619008
"Turkey",2002,0.3354828055,0.0542406326693084,0.2667405,0.405565
"Turkey",2003,0.3155967445,0.0582886494438258,0.2443075,0.3942629
"Turkey",2004,0.406116972,0.0825796976120043,0.3018552,0.5171136
"Turkey",2005,0.5039663525,0.0827314383854403,0.3966333,0.6116039
"Turkey",2006,0.6027627675,0.0534665093444876,0.5330656,0.6715989
"Turkey",2007,0.6087748135,0.0381368486241615,0.5592115,0.656566
"Turkey",2008,0.509743269,0.0562840079003913,0.4380658,0.5833596
"Turkey",2009,0.6057882525,0.0368819205337774,0.5589916,0.6516857
"Turkey",2010,0.5751715535,0.0531397902488897,0.506948,0.6421673
"Turkey",2011,0.6198246345,0.0424368521186218,0.5661778,0.6741631
"Turkey",2012,0.658838996,0.0584293264489471,0.5834987,0.7330724
"Turkey",2013,0.630348883,0.0823146905942806,0.5233892,0.7351795
"Turkey",2014,0.607932988,0.0808055580158443,0.5038936,0.7121944
"Turkey",2015,0.585072821,0.0546723675289864,0.512863,0.6536547
"Turkey",2016,0.595757177,0.0550032147293133,0.5221714,0.6664736
"Turkey",2017,0.5773395485,0.039365712457039,0.5265298,0.628227
"Turkey",2018,0.62537924,0.0354438200706414,0.5799916,0.6712406
"Turkey",2019,0.5889062555,0.0609258599786354,0.5082464,0.6682161
"Turkey",2020,0.546817248,0.07886607891542,0.4432236,0.6476928
"Turkey",2021,0.5061254055,0.0690087560735483,0.4169511,0.5972474
"Turkey",2022,0.516733294,0.0765985613737871,0.4157377,0.6152368
"Ukraine",1996,0.392505289,0.0412439393675211,0.3411535,0.4442722
"Ukraine",1997,0.3814429545,0.0726454508963458,0.2903577,0.4742024
"Ukraine",1998,0.3681422845,0.0713115064179433,0.278154,0.4639905
"Ukraine",1999,0.3564273845,0.0397799605264057,0.3061127,0.4060995
"Ukraine",2000,0.3648928575,0.0771071767958917,0.2694252,0.4652112
"Ukraine",2001,0.3731132305,0.098430806689187,0.2493662,0.5054694
"Ukraine",2002,0.3787761665,0.106824306211122,0.2435747,0.5222745
"Ukraine",2003,0.383853285,0.103957528360279,0.2481174,0.5232304
"Ukraine",2004,0.390048955,0.0964041371658412,0.2664013,0.5161375
"Ukraine",2005,0.3949151355,0.0817786842943477,0.2923813,0.5060102
"Ukraine",2006,0.396890201,0.0413550597789346,0.3446719,0.4478333
"Ukraine",2007,0.353571387,0.0621134219514872,0.2777684,0.4346364
"Ukraine",2008,0.3142568125,0.0382865096754053,0.2645296,0.3649452
"Ukraine",2009,0.338666825,0.0661631398864216,0.2545212,0.427581
"Ukraine",2010,0.362681619,0.0710016531084235,0.271592,0.4570618
"Ukraine",2011,0.385569585,0.0427948914001865,0.3288102,0.4414696
"Ukraine",2012,0.3781367055,0.0817800396945733,0.2736154,0.486873
"Ukraine",2013,0.37130543725,0.10281062228806,0.2453325,0.5094153
"Ukraine",2014,0.362481553,0.110278448669347,0.2257533,0.5083103
"Ukraine",2015,0.3561971627,0.113027164549433,0.2196356,0.5125017
"Ukraine",2016,0.34592108795,0.10961177699136,0.2111583,0.4937093
"Ukraine",2017,0.3365967645,0.104628364049802,0.2103538,0.4771699
"Ukraine",2018,0.32907495265,0.0976984732086795,0.2096934,0.4579551
"Ukraine",2019,0.3170554865,0.078101681846196,0.2187111,0.4235177
"Ukraine",2020,0.304430118,0.04070833921659,0.2532599,0.3568816
"United Kingdom",1990,0.466030405,0.0372402864046549,0.418706,0.5136786
"United Kingdom",1991,0.442869266,0.0259778498266899,0.4099884,0.4761803
"United Kingdom",1992,0.460108468,0.0778263955013937,0.3612259,0.5580412
"United Kingdom",1993,0.478089519,0.0948112568636218,0.3575592,0.6016597
"United Kingdom",1994,0.494540749,0.0957524485278969,0.3710816,0.6204242
"United Kingdom",1995,0.5093567715,0.083070575909092,0.3980077,0.6161995
"United Kingdom",1996,0.526165919,0.0485999331095174,0.4637589,0.5900434
"United Kingdom",1997,0.5442399175,0.0525847749253971,0.4770832,0.6113304
"United Kingdom",1998,0.5115943295,0.0672185042050752,0.4246463,0.5943383
"United Kingdom",1999,0.4801488415,0.0323992291654236,0.4396217,0.5218669
"United Kingdom",2000,0.437273344,0.0238402753170818,0.406757,0.4690806
"United Kingdom",2001,0.519997402,0.049472194149172,0.4551063,0.5832291
"United Kingdom",2002,0.5601892885,0.0551174870906218,0.4911931,0.6316081
"United Kingdom",2003,0.583098668,0.0680143264063391,0.4914836,0.6685177
"United Kingdom",2004,0.6061312485,0.0417083963607478,0.5532558,0.6601653
"United Kingdom",2005,0.448467397,0.0192741256551958,0.4229462,0.4727478
"United Kingdom",2006,0.5379566145,0.0388169263357362,0.488084,0.5872374
"United Kingdom",2007,0.532005312,0.0457961633843821,0.473494,0.5900738
"United Kingdom",2008,0.5258962165,0.0492332633930333,0.4601751,0.5888599
"United Kingdom",2009,0.4924862415,0.0325572630418708,0.4502733,0.535276
"United Kingdom",2010,0.5849661915,0.0385731369833619,0.5329232,0.6335696
"United Kingdom",2011,0.600129816,0.0501651443085725,0.5350465,0.6638117
"United Kingdom",2012,0.640833802,0.0441863955306472,0.581552,0.6953229
"United Kingdom",2013,0.627770535,0.0479840939099193,0.566141,0.6884609
"United Kingdom",2014,0.648603687,0.0292707564378383,0.6105253,0.6864904
"United Kingdom",2015,0.6745340495,0.0464118372034586,0.6136148,0.7325624
"United Kingdom",2016,0.6818910395,0.0271415310932892,0.6462413,0.7151756
"United Kingdom",2017,0.632633212,0.0470837976422172,0.5716918,0.6948782
"United Kingdom",2018,0.631549177,0.0322359578644158,0.5901801,0.6736961
"United Kingdom",2019,0.5500816295,0.0522713439182861,0.4854412,0.6195146
"United Kingdom",2020,0.5148412545,0.0578107720346507,0.4411604,0.587969
"United Kingdom",2021,0.341304849,0.0508211131998664,0.2756534,0.4052245
"United Kingdom",2022,0.4381183475,0.0619987511567874,0.3596127,0.5169417
"United States",1986,0.568513777,0.0500627635915606,0.5036292,0.6333024
"United States",1987,0.53513552,0.0485858109843718,0.4735394,0.5965323
"United States",1988,0.545284631,0.0477284175822674,0.4854473,0.6071278
"United States",1989,0.5910692565,0.0457578055727339,0.5318195,0.649457
"United States",1990,0.6091282985,0.0314592484207744,0.568995,0.6502014
"United States",1991,0.516553249,0.0267412246601789,0.4827024,0.5507125
"United States",1992,0.48372399,0.0660469365851668,0.4006155,0.5687462
"United States",1993,0.451278999,0.0449686700387228,0.394634,0.5081721
"United States",1994,0.4373803965,0.0431448759537888,0.3836819,0.4931011
"United States",1995,0.489419446,0.0352477477706951,0.4460731,0.5345154
"United States",1996,0.384994937,0.0351176563411125,0.3393538,0.4316564
"United States",1997,0.4192432995,0.066372190660738,0.3352146,0.5070321
"United States",1998,0.4529997455,0.0451886734959424,0.3967608,0.5126415
"United States",1999,0.5325324185,0.0365692907997839,0.4852767,0.5785981
"United States",2000,0.459618894,0.0289164381849912,0.4217425,0.4958523
"United States",2001,0.541072299,0.0653237582001088,0.4587241,0.6244976
"United States",2002,0.6180264695,0.0498083136889047,0.5534304,0.6826185
"United States",2003,0.5799203775,0.0679694691905199,0.4915095,0.6683973
"United States",2004,0.543878799,0.0391872644426075,0.4932034,0.594365
"United States",2005,0.5283213645,0.0433273577594786,0.4727201,0.5832226
"United States",2006,0.4557489075,0.0274992691973466,0.4206427,0.4912525
"United States",2007,0.431486206,0.0655733774182983,0.3455377,0.518189
"United States",2008,0.4000443885,0.046168494310027,0.3431987,0.4592916
"United States",2009,0.4131522605,0.0637772959498046,0.3308674,0.4946804
"United States",2010,0.4223512665,0.0362964602742154,0.3763294,0.4692422
"United States",2011,0.460187882,0.0350877555019149,0.4160806,0.5054028
"United States",2012,0.4034624915,0.0355072293369325,0.3575704,0.4485372
"United States",2013,0.393719778,0.0642277896412279,0.3103598,0.4788032
"United States",2014,0.380435962,0.0364810944899018,0.3343707,0.4272572
"United States",2015,0.3953099765,0.0651333889320358,0.3108588,0.4797287
"United States",2016,0.4049891585,0.0366081874689838,0.3574826,0.4513061
"United States",2017,0.4121499585,0.0351751181561971,0.3676481,0.457629
"United States",2018,0.3582171545,0.0421947482015182,0.3052913,0.4109623
"United States",2019,0.352980395,0.0734302346982079,0.2588879,0.4517017
"United States",2020,0.3476579005,0.0711803759428909,0.2584614,0.4413268
"United States",2021,0.337940293,0.0448209718051933,0.2817264,0.3961321
"United States",2022,0.3102958865,0.0458373918866039,0.2515799,0.3699551
"Uruguay",1995,0.427639549,0.0450348485990657,0.3698461,0.4865202
"Uruguay",1996,0.3906085005,0.0420120018140556,0.3364865,0.4450826
"Uruguay",1997,0.4039545685,0.0795207563278279,0.3056163,0.5084318
"Uruguay",1998,0.4169257725,0.0930275815425111,0.3024735,0.54175
"Uruguay",1999,0.428428253,0.0937782324189297,0.3117883,0.5526088
"Uruguay",2000,0.4387333795,0.0810451585899424,0.3354872,0.5451329
"Uruguay",2001,0.44993609,0.0429448742593627,0.3954642,0.5061071
"Uruguay",2002,0.3883328455,0.0594458799149366,0.3127112,0.4644107
"Uruguay",2003,0.3309969955,0.0295681020346157,0.2933511,0.3685869
"Uruguay",2004,0.3240215875,0.0317333050216352,0.2858836,0.3645773
"Uruguay",2005,0.443951269,0.027855107278332,0.4075374,0.4811309
"Uruguay",2006,0.319782211,0.0284859060993437,0.2837466,0.3567625
"Uruguay",2007,0.3361200895,0.0391582161177351,0.2871255,0.3863576
"Uruguay",2008,0.43649868,0.0389828356075415,0.3870355,0.4860685
"Uruguay",2009,0.5334760685,0.0389135634365253,0.4841686,0.5838489
"Uruguay",2010,0.481976339,0.0379364343669686,0.4360412,0.5312164
"Uruguay",2011,0.3584794755,0.0388273320434227,0.3078249,0.4084948
"Uruguay",2012,0.3803236945,0.0627950230718921,0.2997976,0.4604451
"Uruguay",2013,0.4047365745,0.0445305555493665,0.348237,0.4605242
"Venezuela",1995,0.13259106225,0.0277259698305488,0.09847781,0.168477
"Venezuela",1996,0.1392854961,0.0274947104412979,0.1041772,0.174985
"Venezuela",1997,0.16895772955,0.0479612604870605,0.1117379,0.2324334
"Venezuela",1998,0.2017368664,0.0624771148425917,0.1284817,0.2856876
"Venezuela",1999,0.2363686101,0.0637366800287187,0.1602489,0.3222471
"Venezuela",2000,0.272784023,0.0411216810927693,0.2216503,0.3255864
"Venezuela",2001,0.279990183,0.0387562182101723,0.2308427,0.3311803
"Venezuela",2002,0.24111865275,0.0509074753985333,0.1772252,0.310031
"Venezuela",2003,0.202751126,0.0269813270451192,0.1694851,0.2384721
"Venezuela",2004,0.2848834035,0.0467149750986225,0.2248305,0.3494399
"Venezuela",2005,0.419257491,0.0383695246167525,0.3708419,0.4678678
"Venezuela",2006,0.469150327,0.0484142181913806,0.4080636,0.532452
"Venezuela",2007,0.351620968,0.0455534023694025,0.2944362,0.408624
"Venezuela",2008,0.319095645,0.0397669964258472,0.2691483,0.3712384
"Venezuela",2009,0.310120902,0.0384362806052665,0.2622453,0.360793
"Venezuela",2010,0.346235285,0.0426094957707281,0.2909847,0.402236
"Venezuela",2011,0.328149676,0.0428580164623676,0.2732023,0.3842075
"Venezuela",2012,0.3165251575,0.0638501452971324,0.2368172,0.4044762
"Venezuela",2013,0.304951841,0.0507280073341026,0.2405563,0.373
"Venezuela",2014,0.3362813465,0.0691935051793515,0.2499049,0.4258462
"Venezuela",2015,0.369063162,0.061955416080078,0.2904835,0.4498731
"Venezuela",2016,0.3228655375,0.0622489148578598,0.2448474,0.406124
"Venezuela",2017,0.26502724145,0.0735654400584122,0.1750368,0.3641497
"Venezuela",2018,0.21245961955,0.0728485477598963,0.1265939,0.3085551
"Venezuela",2019,0.1669651971,0.0621549716015195,0.09613372,0.248904
"Venezuela",2020,0.12839074205,0.0447302990699105,0.07560115,0.1863384
"Venezuela",2021,0.0958060601,0.0252211255414027,0.06412606,0.129016
"Vietnam",2001,0.880268746,0.0238265857361562,0.8485897,0.9095915
"Vietnam",2002,0.8884144975,0.0344568195715084,0.8423797,0.9295884
"Vietnam",2003,0.898033803,0.0342031402827693,0.8514217,0.9367558
"Vietnam",2004,0.908104954,0.0290031997549563,0.871326,0.9407403
"Vietnam",2005,0.918894066,0.0142789428181377,0.9001477,0.9364796
"Vietnam",2006,0.9316876195,0.0139001437007741,0.9143414,0.9489016
"Vietnam",2007,0.922799029,0.0248172481847986,0.8897091,0.9517595
"Vietnam",2008,0.912904976,0.0299017447923233,0.8720474,0.9475439
"Vietnam",2009,0.9040139415,0.0297391624123743,0.8648775,0.9383637
"Vietnam",2010,0.89765939,0.0163649632137195,0.8758272,0.918109
"Vietnam",2011,0.883005035,0.0367477471728392,0.8346453,0.9263467
"Vietnam",2012,0.870022433,0.044652815020961,0.8090856,0.9230359
"Vietnam",2013,0.857271882,0.0487027842374573,0.7899812,0.9150572
"Vietnam",2014,0.847119368,0.042832842101848,0.792362,0.8983023
"Vietnam",2015,0.838949614,0.0208550632968486,0.8124253,0.8649815
"Vietnam",2016,0.790711222,0.05024537408864,0.7216162,0.852987
"Vietnam",2017,0.73519616,0.0629359027373493,0.6526718,0.8134927
"Vietnam",2018,0.6773566625,0.0321804009839427,0.6348598,0.7182724
"Vietnam",2019,0.7411530025,0.0508914345072685,0.6728649,0.8042327
"Vietnam",2020,0.7975023125,0.0259671006557736,0.7635151,0.8308501
"Zimbabwe",2001,0.6372575885,0.0506324475971487,0.5705484,0.7032591
"Zimbabwe",2002,0.627562795,0.0867868885631937,0.5129556,0.7384214
"Zimbabwe",2003,0.6182308275,0.106808302758568,0.4759359,0.753283
"Zimbabwe",2004,0.608852092,0.121232635714273,0.4409947,0.7614732
"Zimbabwe",2005,0.6034646535,0.127485110245788,0.4281097,0.7634148
"Zimbabwe",2006,0.5975613325,0.128862684453597,0.4233401,0.7616485
"Zimbabwe",2007,0.5925077345,0.13006959271839,0.4183712,0.75942
"Zimbabwe",2008,0.586434797,0.125474186207977,0.4215995,0.7414107
"Zimbabwe",2009,0.578897089,0.120046682011645,0.4174021,0.7344624
"Zimbabwe",2010,0.5741169905,0.111319868826298,0.4229642,0.7179898
"Zimbabwe",2011,0.567318619,0.0884034884952902,0.448346,0.6786475
"Zimbabwe",2012,0.560043231,0.0474313448364173,0.4988539,0.6217321
"Zimbabwe",2013,0.5547815465,0.0862304336872475,0.4396899,0.6644028
"Zimbabwe",2014,0.5491118345,0.104437468719767,0.4087702,0.6789675
"Zimbabwe",2015,0.546926615,0.114091706797132,0.3965416,0.6946222
"Zimbabwe",2016,0.5449024445,0.11793783500377,0.3907364,0.6953587
"Zimbabwe",2017,0.5419250735,0.116223935506618,0.3888578,0.6928583
"Zimbabwe",2018,0.539822401,0.10770588024779,0.4006199,0.6782031
"Zimbabwe",2019,0.537263308,0.0877452943019693,0.4234673,0.6512327
"Zimbabwe",2020,0.533993493,0.0549401653911285,0.4625751,0.6032971
