"country","year","mean","sd","q10","q90"
"Albania",1998,0.4639345895,0.0385023827102504,0.4145926,0.5140677
"Albania",1999,0.49392514725,0.121791961413161,0.3342194,0.6528611
"Albania",2000,0.52072640275,0.135417530234703,0.3403779,0.6958898
"Albania",2001,0.54920989975,0.116535016724549,0.3962849,0.6992442
"Albania",2002,0.5802400875,0.0472652859804799,0.5203052,0.6408569
"Albania",2003,0.4439910705,0.120569845426664,0.2885622,0.6032947
"Albania",2004,0.322466822775,0.119811861145051,0.1775822,0.4857308
"Albania",2005,0.2174333453,0.088689162099753,0.1147128,0.338459
"Albania",2006,0.1296824178,0.0334991629984017,0.08931833,0.1734821
"Albania",2007,0.164830085,0.0618905249975363,0.09275333,0.2451224
"Albania",2008,0.197176190875,0.0337209567707589,0.154571,0.2408585
"Albania",2009,0.176630527975,0.0616105040276573,0.1044828,0.2595867
"Albania",2010,0.150322907575,0.0351271082550536,0.1076832,0.196462
"Albania",2011,0.167847496425,0.0732288639791426,0.08427076,0.2659773
"Albania",2012,0.180240414925,0.089411919442571,0.08043232,0.3077902
"Albania",2013,0.187961241125,0.0881064780071337,0.08662362,0.3092143
"Albania",2014,0.187521814725,0.0584866698031807,0.1181984,0.2651392
"Albania",2015,0.184341903075,0.0518416603033838,0.1215162,0.2520844
"Albania",2016,0.20859753575,0.0259994073139541,0.1754219,0.2423014
"Albania",2017,0.211625313575,0.0546775708014277,0.1435846,0.2847446
"Albania",2018,0.16903328515,0.0319293330483739,0.1289342,0.2097069
"Albania",2019,0.14574686735,0.049812757666656,0.08717842,0.2109761
"Algeria",2002,0.505070615,0.058509263036976,0.4311831,0.579626
"Algeria",2003,0.4761995641,0.13425262281492,0.3056457,0.6499495
"Algeria",2004,0.450556209375,0.162053083852486,0.2420569,0.6694402
"Algeria",2005,0.422185792325,0.174774820546963,0.1984312,0.6648639
"Algeria",2006,0.395941677025,0.179377650314581,0.1730971,0.6493714
"Algeria",2007,0.36988546095,0.173079476764288,0.1554092,0.6095402
"Algeria",2008,0.3427231758,0.162852439167109,0.14053,0.5749065
"Algeria",2009,0.314119934375,0.142455183255118,0.1417296,0.5143065
"Algeria",2010,0.28470851325,0.109732130771278,0.1516373,0.4347984
"Algeria",2011,0.24863779075,0.0397162380554073,0.1984458,0.3009023
"Algeria",2012,0.3590637725,0.0770753199895635,0.2610961,0.4618281
"Algeria",2013,0.680678226,0.0398736829217639,0.6293991,0.7312253
"Algeria",2014,0.48345470625,0.0473367170756627,0.4230502,0.544771
"Algeria",2015,0.36531455625,0.0974521423025715,0.2420358,0.4969464
"Algeria",2016,0.2490893485,0.0417029924504271,0.1960422,0.3034908
"Algeria",2017,0.28086457505,0.0858065481151664,0.1753007,0.3966851
"Algeria",2018,0.299662636,0.0517878219687415,0.2348425,0.3671222
"Argentina",1995,0.26150937275,0.0401260579498717,0.2108831,0.3137511
"Argentina",1996,0.1477966823,0.0283625995936133,0.1122978,0.1847044
"Argentina",1997,0.159892884725,0.066150273634921,0.08573549,0.2477786
"Argentina",1998,0.163980963,0.0675632117041195,0.08509403,0.2556595
"Argentina",1999,0.1594624535,0.0302615938853868,0.121483,0.1988217
"Argentina",2000,0.116878629475,0.0509068356329118,0.05992753,0.1857895
"Argentina",2001,0.0807384861925,0.0368846275991622,0.04023638,0.1300183
"Argentina",2002,0.0505646005,0.0126176119870707,0.03509294,0.06740021
"Argentina",2003,0.33520724175,0.0415870995621576,0.2818773,0.3897186
"Argentina",2004,0.39766712775,0.0444509444549906,0.3422959,0.4547567
"Argentina",2005,0.44814784325,0.0327927907295359,0.4057304,0.4912031
"Argentina",2006,0.4812211885,0.0411494696323868,0.4296273,0.5342469
"Argentina",2007,0.33539338525,0.0391036784843329,0.2866314,0.3866254
"Argentina",2008,0.34446823725,0.0298051964632347,0.3059025,0.3826968
"Argentina",2009,0.225933209,0.032752306661871,0.184629,0.2685154
"Argentina",2010,0.269871439,0.0293379998096579,0.2327296,0.3081292
"Argentina",2011,0.436866786,0.0444092488041347,0.3801103,0.4936077
"Argentina",2012,0.39099649,0.0952215157804226,0.271808,0.5189648
"Argentina",2013,0.3440991105,0.0460174087007697,0.2844237,0.4031042
"Argentina",2014,0.3072627648,0.0863765702577354,0.2011684,0.4201702
"Argentina",2015,0.26106616125,0.0409526178112969,0.209651,0.3140264
"Argentina",2016,0.2685185705,0.0418899640225136,0.2165721,0.3235589
"Argentina",2017,0.180523887875,0.029347872890244,0.1436541,0.2193443
"Argentina",2018,0.14147272555,0.0312342024686141,0.1028764,0.1829226
"Armenia",1997,0.3522862095,0.048166678817666,0.2916456,0.4154281
"Armenia",1998,0.322691046325,0.11385696843547,0.1846054,0.4770834
"Armenia",1999,0.293904643525,0.136696357668382,0.1315414,0.481214
"Armenia",2000,0.26445700325,0.141157871215424,0.103818,0.462716
"Armenia",2001,0.23727726317,0.139474015202536,0.08138805,0.4348325
"Armenia",2002,0.2095068731,0.128243303131214,0.0698045,0.3913015
"Armenia",2003,0.18520177057,0.115951937509233,0.06272617,0.3448478
"Armenia",2004,0.1588212647,0.0958848499958009,0.05862898,0.2898649
"Armenia",2005,0.13209395675,0.0676217806744695,0.05949152,0.2225022
"Armenia",2006,0.104470993325,0.0279977947352402,0.07113145,0.1413881
"Armenia",2007,0.24860421195,0.0796044049844791,0.1511407,0.3571763
"Armenia",2008,0.46830616375,0.0414685919333677,0.4144136,0.5218552
"Armenia",2009,0.51823423675,0.0602087196239455,0.4393214,0.5969311
"Armenia",2010,0.34150999425,0.0537263355205326,0.2728843,0.4135773
"Armenia",2011,0.310125917,0.036769370669546,0.2638497,0.3573368
"Armenia",2012,0.26549951175,0.04562692219591,0.2085654,0.3246615
"Armenia",2013,0.12985446395,0.0296965339606601,0.09382205,0.1692389
"Armenia",2014,0.107625598425,0.03777856371472,0.06440639,0.1580966
"Armenia",2015,0.096579353775,0.0252618358600885,0.06560305,0.1302288
"Armenia",2016,0.067733779925,0.0192544623587478,0.04488311,0.09389956
"Armenia",2017,0.1939009052,0.0398574002503343,0.1443642,0.2466021
"Armenia",2018,0.47627348775,0.0483390658089673,0.4154502,0.5381501
"Armenia",2019,0.86987048325,0.0311266657665844,0.8293439,0.9076666
"Australia",1993,0.36632632,0.0850250480764446,0.2596283,0.477849
"Australia",1994,0.33315129305,0.0956530614413313,0.2136772,0.4614173
"Australia",1995,0.294592696,0.0326809089938338,0.2529194,0.337486
"Australia",1996,0.317415081925,0.114495388149739,0.1766955,0.4727653
"Australia",1997,0.3310088115,0.140199411088942,0.1574055,0.5227574
"Australia",1998,0.346744838475,0.16376964759995,0.1443832,0.576538
"Australia",1999,0.35832130145,0.174514341160678,0.140689,0.6052325
"Australia",2000,0.37037776775,0.178306856376663,0.1462326,0.6197593
"Australia",2001,0.3792599626,0.176818906222619,0.157617,0.6335976
"Australia",2002,0.386271239625,0.167724909318137,0.1765967,0.6194953
"Australia",2003,0.396297468725,0.154225374486882,0.2011216,0.608126
"Australia",2004,0.403087884675,0.123417042637133,0.2442384,0.5688703
"Australia",2005,0.409348165,0.0388215634271535,0.3601454,0.4584702
"Australia",2006,0.417010400625,0.117425598622227,0.2677138,0.5735138
"Australia",2007,0.4204148238,0.139252889460051,0.2408755,0.6069081
"Australia",2008,0.42252154875,0.138606059606678,0.2475588,0.6085323
"Australia",2009,0.425745038825,0.118369541434599,0.2751773,0.5825079
"Australia",2010,0.4266220395,0.0360555381676044,0.3804432,0.4716532
"Australia",2011,0.38059681375,0.0921249406990814,0.2626866,0.5064851
"Australia",2012,0.32793473075,0.0357142995135659,0.2814442,0.3736266
"Australia",2013,0.3526491504,0.108072289025732,0.2178119,0.4978576
"Australia",2014,0.3706952141,0.123524579341433,0.2163262,0.5369932
"Australia",2015,0.383266988,0.111036784897931,0.243504,0.5328595
"Australia",2016,0.39772076675,0.0367991700847801,0.3513877,0.4452285
"Australia",2017,0.383117694,0.0793624979495734,0.2824548,0.4898063
"Australia",2018,0.3649481125,0.0390474944894397,0.3148559,0.4157587
"Austria",1974,0.61493678775,0.0477932869387406,0.5516875,0.6761596
"Austria",1975,0.5988372795,0.127884699548173,0.4288004,0.7651852
"Austria",1976,0.5860127494,0.161779499643286,0.3596256,0.7934617
"Austria",1977,0.570123241225,0.188529046188127,0.3075635,0.817434
"Austria",1978,0.55935558945,0.207515453107115,0.2737362,0.8281799
"Austria",1979,0.548336029825,0.220150090750436,0.2373275,0.8406262
"Austria",1980,0.537814891325,0.232033004368933,0.2081378,0.8480957
"Austria",1981,0.5284431221,0.238293650628075,0.1956231,0.8513079
"Austria",1982,0.51953754248,0.246624864755386,0.1741576,0.8506257
"Austria",1983,0.51270513912,0.250008069415377,0.1627598,0.8504041
"Austria",1984,0.5052675556725,0.253911103793567,0.1516413,0.8483276
"Austria",1985,0.4971736427425,0.252997617045275,0.1459331,0.8505697
"Austria",1986,0.48937120168,0.254416614780387,0.1412473,0.8458373
"Austria",1987,0.47955247615,0.25151882204086,0.1429006,0.8364831
"Austria",1988,0.4709115937575,0.247375698757348,0.1367988,0.8200037
"Austria",1989,0.46438569763,0.245345550529658,0.1360304,0.8086521
"Austria",1990,0.4560998325525,0.241539567303672,0.1375659,0.7974355
"Austria",1991,0.4493359142575,0.237462620173359,0.1393058,0.7836856
"Austria",1992,0.4393513930225,0.228064003684532,0.1396302,0.7611796
"Austria",1993,0.4275039630525,0.21492209357235,0.1490104,0.7362859
"Austria",1994,0.415172092,0.196154701721065,0.1667841,0.6936557
"Austria",1995,0.401364669025,0.174127793252043,0.1799171,0.6447492
"Austria",1996,0.385753809325,0.141291351352687,0.2099088,0.5781356
"Austria",1997,0.368586379,0.080515776968999,0.2679393,0.476181
"Austria",1998,0.3731333847,0.110190397936113,0.2372696,0.5197124
"Austria",1999,0.371704897,0.0788753110765008,0.2730193,0.4773703
"Austria",2000,0.346442310125,0.104370056822564,0.2176946,0.4872663
"Austria",2001,0.31897575375,0.0706621722245573,0.2304244,0.4124839
"Austria",2002,0.32959443725,0.0700836724241936,0.2425997,0.4204768
"Austria",2003,0.274015706375,0.0626379932125305,0.1966878,0.3550708
"Austria",2004,0.26749449275,0.0409783917688388,0.2170739,0.3220696
"Austria",2005,0.348184467,0.041300963615124,0.2946907,0.4030051
"Austria",2006,0.37953617725,0.068482252965408,0.2935554,0.4695294
"Austria",2007,0.4121161045,0.0475789620727697,0.351894,0.4730434
"Austria",2008,0.25056223925,0.028500066164833,0.2137256,0.2880195
"Austria",2009,0.42752331225,0.0481725554156936,0.3669564,0.4881681
"Austria",2010,0.35805260025,0.0482731254280537,0.2977488,0.4200189
"Austria",2011,0.27974295975,0.0423474848417204,0.2273031,0.3338194
"Austria",2012,0.316914944,0.0659721279238821,0.2353928,0.4044533
"Austria",2013,0.33005014175,0.0695653910894995,0.2434071,0.4211663
"Austria",2014,0.270255536775,0.0638356201544671,0.1918481,0.3541236
"Austria",2015,0.235221151175,0.0571183505308201,0.1657387,0.3126117
"Austria",2016,0.3351405425,0.0460825751315927,0.2777617,0.3951879
"Austria",2017,0.31660510975,0.0640134233603296,0.2362267,0.3995946
"Austria",2018,0.4410005885,0.039118676778278,0.3907257,0.4909166
"Austria",2019,0.42041705875,0.0742556858073237,0.3270634,0.5170971
"Austria",2020,0.47803536875,0.0882193870063334,0.3663665,0.5952427
"Azerbaijan",1997,0.90902993275,0.0202765659566648,0.8822908,0.9341585
"Azerbaijan",1998,0.892033602,0.0537320708904527,0.8187464,0.9500742
"Azerbaijan",1999,0.87538768,0.0803710644538628,0.7696937,0.956352
"Azerbaijan",2000,0.86067247575,0.0976741274221803,0.7327072,0.9575038
"Azerbaijan",2001,0.8465837695,0.111489655012376,0.6938898,0.9574076
"Azerbaijan",2002,0.83671341575,0.114859476841809,0.6812255,0.9515614
"Azerbaijan",2003,0.8293343185,0.112773073018461,0.6777585,0.9458523
"Azerbaijan",2004,0.82217782525,0.104050795916698,0.6781,0.9342579
"Azerbaijan",2005,0.819970869,0.0866373413170901,0.7045721,0.9170811
"Azerbaijan",2006,0.81804397075,0.0458865586704326,0.7570564,0.8742517
"Azerbaijan",2007,0.73134811425,0.0853875410633887,0.6151209,0.834975
"Azerbaijan",2008,0.6351995775,0.0473963971269457,0.5740709,0.6950265
"Azerbaijan",2009,0.7593974585,0.0518842746723498,0.6896274,0.8241759
"Azerbaijan",2010,0.7725275585,0.04977700744597,0.7063771,0.8342635
"Azerbaijan",2011,0.8244265075,0.0310696565688579,0.7839109,0.8634387
"Azerbaijan",2012,0.79487081975,0.0448441831972656,0.7339181,0.8493632
"Azerbaijan",2013,0.77221488625,0.050666267338707,0.7036493,0.8350831
"Azerbaijan",2014,0.84999781625,0.0574501675840928,0.772171,0.9167507
"Azerbaijan",2015,0.860380643,0.06229341278725,0.7740254,0.929376
"Azerbaijan",2016,0.8763118665,0.0347344973706196,0.8296003,0.9184392
"Azerbaijan",2017,0.90387374775,0.0412040439039802,0.8482994,0.9498221
"Azerbaijan",2018,0.9334615315,0.0174178728165316,0.9106147,0.9549604
"Bangladesh",1996,0.84163528475,0.028912295422827,0.8041401,0.8776434
"Bangladesh",1997,0.84249508125,0.0707982681235421,0.7490721,0.9225364
"Bangladesh",1998,0.84614649,0.0849455699553288,0.7298003,0.9385975
"Bangladesh",1999,0.854698846,0.0841853374505008,0.7457223,0.9443896
"Bangladesh",2000,0.86629192675,0.0754527844250711,0.7657693,0.9462482
"Bangladesh",2001,0.88172183425,0.0554862155971247,0.8028199,0.9424834
"Bangladesh",2002,0.89910472275,0.0208485112159924,0.8720448,0.9251562
"Bangladesh",2003,0.8845147125,0.0497922949182366,0.815458,0.9403003
"Bangladesh",2004,0.8734199205,0.0544437959530572,0.8001061,0.9339865
"Bangladesh",2005,0.8712076805,0.0245952876331394,0.8388513,0.9020737
"Bangladesh",2006,0.85833570425,0.0710388664500808,0.7616539,0.9343332
"Bangladesh",2007,0.850429328,0.09360490344018,0.7225652,0.9464606
"Bangladesh",2008,0.843174147,0.109633014650879,0.6941778,0.9527301
"Bangladesh",2009,0.8379503725,0.122452543633219,0.6692185,0.9584778
"Bangladesh",2010,0.834046104,0.13267445155497,0.6540933,0.9619809
"Bangladesh",2011,0.83280450325,0.133956623626564,0.6438763,0.9635225
"Bangladesh",2012,0.83371862625,0.133024811005729,0.6397631,0.9624301
"Bangladesh",2013,0.83565191375,0.129888527419627,0.6580721,0.9602229
"Bangladesh",2014,0.839315943,0.120886868973025,0.6686564,0.957421
"Bangladesh",2015,0.8439849075,0.111438540772319,0.6920611,0.954411
"Bangladesh",2016,0.8507918105,0.0940039463864424,0.7223057,0.9478361
"Bangladesh",2017,0.86150533075,0.0682347664668574,0.7668542,0.9360754
"Bangladesh",2018,0.874504849,0.025818269126829,0.8409912,0.9062079
"Belarus",1996,0.51192292725,0.0471668990431033,0.4507817,0.5737189
"Belarus",1997,0.47136750275,0.0971603239069318,0.3429785,0.5980891
"Belarus",1998,0.42734700475,0.0420527071992568,0.3740478,0.480984
"Belarus",1999,0.469936609,0.128573718845463,0.3027182,0.6410294
"Belarus",2000,0.509270704575,0.156566313133338,0.2994268,0.7165978
"Belarus",2001,0.54252713085,0.174201472727938,0.3033967,0.7727063
"Belarus",2002,0.5786954608,0.176710715897022,0.3342278,0.8070947
"Belarus",2003,0.6140294391,0.168965193402714,0.3757638,0.826649
"Belarus",2004,0.64989448125,0.152011410206716,0.4373948,0.8358789
"Belarus",2005,0.6883824855,0.124169292718656,0.5171749,0.8377693
"Belarus",2006,0.72766819025,0.0718881823627319,0.631906,0.8143413
"Belarus",2007,0.68597984025,0.096634245048954,0.5603628,0.8079099
"Belarus",2008,0.65194288125,0.0412600126201993,0.5985476,0.7049094
"Belarus",2009,0.66834405625,0.094973382900076,0.5426948,0.7860537
"Belarus",2010,0.68950853675,0.0709706422416987,0.5937841,0.7771229
"Belarus",2011,0.590165676,0.0441923625615583,0.5333304,0.6451485
"Belarus",2012,0.557481832,0.100008516280197,0.4257617,0.6822067
"Belarus",2013,0.5484987945,0.111600156440075,0.3987289,0.6937286
"Belarus",2014,0.6028627245,0.109194969090074,0.4577854,0.7421683
"Belarus",2015,0.5235596005,0.121406755306999,0.3664549,0.6814364
"Belarus",2016,0.44152705525,0.0837980048883715,0.3341866,0.5515427
"Belarus",2017,0.49493164925,0.105993771745114,0.356159,0.6301815
"Belarus",2018,0.54670940675,0.0454365681594829,0.4886282,0.6055146
"Belgium",1997,0.27004301055,0.0697681675058603,0.1806077,0.3603169
"Belgium",1998,0.2491254304,0.0907250191003077,0.1390444,0.3730291
"Belgium",1999,0.2148198159,0.0592418860136435,0.1415756,0.2930318
"Belgium",2000,0.3326316905,0.102054605452094,0.2051984,0.468699
"Belgium",2001,0.462515358,0.0778338139661322,0.3635288,0.5639242
"Belgium",2002,0.4723845335,0.0759756875854368,0.373748,0.5708227
"Belgium",2003,0.431301996,0.0738175179493868,0.3386494,0.5272721
"Belgium",2004,0.38627827325,0.0404722292877408,0.3332518,0.4375506
"Belgium",2005,0.449851143,0.0742027006451,0.3538121,0.5461002
"Belgium",2006,0.49290914375,0.0736526646135002,0.3989012,0.5875868
"Belgium",2007,0.44412136075,0.0386909066485968,0.3938482,0.4939464
"Belgium",2008,0.3629348525,0.0656886830747677,0.2806619,0.4478307
"Belgium",2009,0.3417353245,0.0319423070630681,0.3006538,0.3831701
"Belgium",2010,0.256652686,0.0336430318769782,0.2136658,0.3002738
"Belgium",2011,0.31771774575,0.0378949517225926,0.2689698,0.3671632
"Belgium",2012,0.389586387,0.0716560616660698,0.2971326,0.4843536
"Belgium",2013,0.44379203475,0.075189322733609,0.3486811,0.5402402
"Belgium",2014,0.408580883,0.0751279778701086,0.3141571,0.5053075
"Belgium",2015,0.39530029275,0.0716593744260257,0.3058937,0.4863877
"Belgium",2016,0.37606943725,0.0394595014598502,0.3254686,0.4271653
"Belgium",2017,0.43671733375,0.0713344210857933,0.3460045,0.5301583
"Belgium",2018,0.4879442225,0.0428950893071008,0.4330257,0.5430648
"Belgium",2019,0.330858494,0.0658521222856359,0.2485461,0.4175448
"Belgium",2020,0.25829835655,0.0676445046459807,0.1746876,0.3484782
"Bolivia",1996,0.13043710355,0.0293162694283033,0.0939665,0.1691612
"Bolivia",1997,0.1346831799,0.0667077071877037,0.0622778,0.224113
"Bolivia",1998,0.1341559896,0.0801579754275375,0.05145805,0.2426799
"Bolivia",1999,0.1295021413775,0.0819322217318926,0.04727316,0.2383274
"Bolivia",2000,0.120383550525,0.0726581998456863,0.04609113,0.2137145
"Bolivia",2001,0.1085212255,0.0529530918430025,0.04927766,0.1792748
"Bolivia",2002,0.094235647575,0.0216100831223385,0.06755503,0.1231006
"Bolivia",2003,0.08905901245,0.0196310474939013,0.06483319,0.114476
"Bolivia",2004,0.139203578275,0.0260268398207286,0.1063899,0.1731669
"Bolivia",2005,0.19193677125,0.0268797717693811,0.1577742,0.2272177
"Bolivia",2006,0.4752074555,0.0450479465110368,0.4168329,0.5336473
"Bolivia",2007,0.54078260175,0.045415573055524,0.480991,0.599593
"Bolivia",2008,0.467174216,0.035935652841087,0.4208094,0.5135477
"Bolivia",2009,0.524900893,0.0487560831872597,0.463257,0.5874855
"Bolivia",2010,0.46195693125,0.0354943462046161,0.4161843,0.5075338
"Bolivia",2011,0.36224279325,0.0425825808951962,0.3083462,0.4170986
"Bolivia",2012,0.33441300275,0.0395056885626924,0.2835612,0.3861914
"Bolivia",2013,0.37495365575,0.0434965815545598,0.3199576,0.4316676
"Bolivia",2014,0.40003491825,0.0969028797045157,0.27837,0.5295958
"Bolivia",2015,0.4222798475,0.0439268482749854,0.3662213,0.4799503
"Bolivia",2016,0.2991027095,0.0403186034693234,0.2483471,0.3505436
"Bolivia",2017,0.29614483425,0.0391263305783957,0.24632,0.3463278
"Bolivia",2018,0.347338048,0.0444539842455378,0.2914866,0.4053878
"Bolivia",2019,0.349671819,0.0435428861536116,0.2936272,0.4056884
"Bosnia & Herzegovina",1998,0.7036984285,0.0385695460556658,0.6534601,0.7522389
"Bosnia & Herzegovina",1999,0.58054386675,0.10931875186647,0.4347302,0.7187029
"Bosnia & Herzegovina",2000,0.45410588775,0.107543817849626,0.3162248,0.5944074
"Bosnia & Herzegovina",2001,0.32861109875,0.0386789409229394,0.2788924,0.3781457
"Bosnia & Herzegovina",2002,0.260530989025,0.095382908678098,0.146062,0.386548
"Bosnia & Herzegovina",2003,0.201223413,0.0915008240367933,0.09420837,0.3238757
"Bosnia & Herzegovina",2004,0.14580744305,0.0661783432666711,0.07306087,0.2339316
"Bosnia & Herzegovina",2005,0.097666163225,0.0255444318052849,0.06648374,0.1308714
"Bosnia & Herzegovina",2006,0.15961062495,0.050206180972343,0.1003152,0.2274727
"Bosnia & Herzegovina",2007,0.18108331225,0.06692296994593,0.1030075,0.2703582
"Bosnia & Herzegovina",2008,0.190892619875,0.0327086001036613,0.1489177,0.2331184
"Bosnia & Herzegovina",2009,0.197415287425,0.0722932225718815,0.1130267,0.2930497
"Bosnia & Herzegovina",2010,0.194103796775,0.0617012309478657,0.1204026,0.2769264
"Bosnia & Herzegovina",2011,0.192346350275,0.0968138371350463,0.08311259,0.3244146
"Bosnia & Herzegovina",2012,0.1843788073,0.107965620593812,0.06718202,0.3349054
"Bosnia & Herzegovina",2013,0.175650401375,0.109331857589243,0.0592186,0.3283954
"Bosnia & Herzegovina",2014,0.16285052175,0.101132145608833,0.05648652,0.304796
"Bosnia & Herzegovina",2015,0.1451346718,0.0790435903418084,0.05991716,0.2527642
"Bosnia & Herzegovina",2016,0.124438682475,0.044339333477792,0.07338135,0.1827672
"Bosnia & Herzegovina",2017,0.146927272025,0.0573817795822778,0.080637,0.2227609
"Bosnia & Herzegovina",2018,0.1652576332,0.030025145523819,0.1271541,0.2034463
"Brazil",1995,0.2561620035,0.043941698501899,0.200284,0.3122729
"Brazil",1996,0.1889583363,0.0335155307333179,0.1470452,0.233029
"Brazil",1997,0.338974962,0.0492395241418718,0.2756137,0.4013206
"Brazil",1998,0.31892270385,0.111492864007415,0.1816089,0.4727679
"Brazil",1999,0.295883784525,0.125382973472991,0.1463385,0.4728337
"Brazil",2000,0.2691119144,0.11697344796297,0.1301415,0.426498
"Brazil",2001,0.241273874525,0.0930525857854771,0.1301736,0.3680348
"Brazil",2002,0.20597140625,0.0368490322347124,0.1609115,0.2544242
"Brazil",2003,0.358609581,0.0452225295715604,0.3012122,0.4184774
"Brazil",2004,0.35952954825,0.0445370842385959,0.3034032,0.4157901
"Brazil",2005,0.3262242095,0.0443232689502784,0.2705589,0.3845654
"Brazil",2006,0.43163473825,0.0458961280783943,0.3734778,0.4907302
"Brazil",2007,0.36208778975,0.0332063531729292,0.3192909,0.4046803
"Brazil",2008,0.404239701,0.033978975905352,0.3612546,0.4478117
"Brazil",2009,0.49602967975,0.0460011569027865,0.4373254,0.55558
"Brazil",2010,0.51586743925,0.0350551240854026,0.470367,0.5613941
"Brazil",2011,0.35658316625,0.0425850302494603,0.3027326,0.4122513
"Brazil",2012,0.34936742825,0.0902993123280326,0.2337092,0.4685321
"Brazil",2013,0.3402654945,0.0431639828941015,0.2858455,0.395268
"Brazil",2014,0.283267921,0.039272007860601,0.2342829,0.3346586
"Brazil",2015,0.142606699675,0.0264465205532418,0.1088705,0.176372
"Brazil",2016,0.07966750145,0.018113956066558,0.05763543,0.1034125
"Brazil",2017,0.054258981025,0.0126715900080028,0.03872963,0.0710729
"Brazil",2018,0.074380916075,0.0189269322131253,0.05092065,0.09951044
"Bulgaria",1990,0.33767015025,0.0429539023014546,0.2826625,0.3933763
"Bulgaria",1991,0.269627704,0.0394592338920654,0.2198761,0.3192631
"Bulgaria",1992,0.3154700428,0.113639854334515,0.178045,0.4708355
"Bulgaria",1993,0.35642496815,0.13856537153417,0.1820715,0.5493014
"Bulgaria",1994,0.39825922275,0.152571106323545,0.2074564,0.6105625
"Bulgaria",1995,0.439775162125,0.150679068865454,0.2439219,0.6432366
"Bulgaria",1996,0.48332870525,0.128844879290144,0.3144773,0.654385
"Bulgaria",1997,0.52519315525,0.0432502741056598,0.4696892,0.5801496
"Bulgaria",1998,0.4266988115,0.098748202827276,0.2992261,0.5559521
"Bulgaria",1999,0.33223630725,0.044044556834279,0.2770984,0.3891239
"Bulgaria",2000,0.3313830415,0.106321710423116,0.1984881,0.4745028
"Bulgaria",2001,0.323686819825,0.111525532031828,0.1852034,0.4721292
"Bulgaria",2002,0.31440719185,0.07794799587652,0.2153159,0.4195546
"Bulgaria",2003,0.26189275925,0.0666289383262181,0.1775277,0.349945
"Bulgaria",2004,0.230044144325,0.0593283912503325,0.1570517,0.3085249
"Bulgaria",2005,0.22938288225,0.0366952276854784,0.1829498,0.2762373
"Bulgaria",2006,0.2387934795,0.0310271876063602,0.1989527,0.2786772
"Bulgaria",2007,0.2249494205,0.0345538120092888,0.1813072,0.2705856
"Bulgaria",2008,0.1224528037,0.0222645473748993,0.09463142,0.1517183
"Bulgaria",2009,0.32886475975,0.0429240206295821,0.2749269,0.3850922
"Bulgaria",2010,0.3251699125,0.0416827904327002,0.271958,0.3791683
"Bulgaria",2011,0.24170740425,0.0397181930004392,0.1926689,0.2938735
"Bulgaria",2012,0.22465275675,0.0613526322896272,0.1472689,0.3043454
"Bulgaria",2013,0.16567034655,0.0518289918860101,0.1048969,0.2345447
"Bulgaria",2014,0.1640658187,0.0499728170489693,0.1041419,0.2310931
"Bulgaria",2015,0.206417110575,0.0565708289636462,0.1376891,0.2805095
"Bulgaria",2016,0.25106542675,0.0364800769257037,0.2066044,0.3001227
"Bulgaria",2017,0.232887785,0.0317592000680041,0.1929699,0.2747803
"Bulgaria",2018,0.2346928835,0.0352690321003391,0.1894523,0.2810674
"Bulgaria",2019,0.2276247566,0.0602048547191221,0.1520766,0.3062136
"Bulgaria",2020,0.177397631025,0.0588271708155457,0.1075097,0.2565782
"Burkina Faso",2007,0.49367939325,0.0515855804784625,0.4288748,0.5584926
"Burkina Faso",2008,0.5369852705,0.131029829587101,0.3627896,0.7079379
"Burkina Faso",2009,0.5767705465,0.155152812217715,0.36742,0.7814151
"Burkina Faso",2010,0.61266556825,0.168032973756664,0.3773058,0.827117
"Burkina Faso",2011,0.65100064925,0.165833531495029,0.4202837,0.8543233
"Burkina Faso",2012,0.686281503325,0.158543777590412,0.4639653,0.8773169
"Burkina Faso",2013,0.7262623545,0.13337082221852,0.5405043,0.8812937
"Burkina Faso",2014,0.7660689725,0.0965808927571426,0.6343399,0.8813636
"Burkina Faso",2015,0.80557635175,0.0410995345294708,0.7515993,0.8573023
"Burkina Faso",2016,0.76661988825,0.087287979745494,0.6484475,0.8718379
"Burkina Faso",2017,0.73177672275,0.0949687354316686,0.6005356,0.8452297
"Burkina Faso",2018,0.70259268025,0.0526607992262299,0.6346005,0.7700674
"Cambodia",2004,0.63527787525,0.039538883932059,0.5844109,0.685892
"Cambodia",2005,0.675909995,0.0963986633823491,0.5435915,0.7986962
"Cambodia",2006,0.71831221,0.093149604979481,0.5940085,0.8310994
"Cambodia",2007,0.76605502825,0.0317874593660328,0.723927,0.8064323
"Cambodia",2008,0.74295508925,0.035333034800139,0.6966487,0.7876009
"Cambodia",2009,0.7481209805,0.0917868947092079,0.6217561,0.8579862
"Cambodia",2010,0.7624942375,0.0989062139316694,0.6288974,0.8770941
"Cambodia",2011,0.780896739,0.081398100490655,0.6698344,0.8756958
"Cambodia",2012,0.80580215675,0.0301713399636804,0.7659245,0.843269
"Cambodia",2013,0.7432282025,0.0877622251393521,0.6261651,0.8500745
"Cambodia",2014,0.68077988325,0.101366616925307,0.5440654,0.8066806
"Cambodia",2015,0.6146721805,0.039455710817047,0.5639023,0.6644832
"Canada",2000,0.42104572025,0.0412405908212809,0.3679402,0.4731615
"Canada",2001,0.393637623625,0.117665538053877,0.2448907,0.5541765
"Canada",2002,0.36500937625,0.133908814513086,0.1976303,0.5478825
"Canada",2003,0.33789213515,0.131984235226436,0.1749825,0.5209455
"Canada",2004,0.308769470975,0.109122190463619,0.174454,0.4581763
"Canada",2005,0.27070702425,0.0409401875576979,0.2187265,0.3236582
"Canada",2006,0.38705439825,0.0368585309273739,0.340641,0.4345478
"Canada",2007,0.3833133688,0.112308547875551,0.2433659,0.5332814
"Canada",2008,0.374655300275,0.124235807752588,0.217275,0.5409971
"Canada",2009,0.36208476075,0.107326363771441,0.2285596,0.503349
"Canada",2010,0.34605438375,0.032857498639172,0.304914,0.3883992
"Canada",2011,0.39728574,0.122090166314851,0.2432438,0.5619278
"Canada",2012,0.448887678,0.153568843175057,0.2545003,0.6538813
"Canada",2013,0.497381822125,0.16556252542959,0.275296,0.7165541
"Canada",2014,0.545691483725,0.163725054462486,0.3279411,0.7603077
"Canada",2015,0.594304443975,0.152137397700526,0.3890269,0.7891321
"Canada",2016,0.64465900175,0.12077811119448,0.4804439,0.7930424
"Canada",2017,0.69808798375,0.0471814430567222,0.6350264,0.7569002
"Canada",2018,0.66196936525,0.0415787944805457,0.6081919,0.7153158
"Chile",1990,0.7120263465,0.0435731484322629,0.6558421,0.7674886
"Chile",1991,0.68037335325,0.109327616262291,0.5332058,0.815764
"Chile",1992,0.6551969125,0.136937876122334,0.4673326,0.8258359
"Chile",1993,0.632526399,0.136552719794879,0.4468689,0.8022705
"Chile",1994,0.61044769175,0.117157269025862,0.4568342,0.7616867
"Chile",1995,0.5919516085,0.0444339036682186,0.5355306,0.6483121
"Chile",1996,0.51312295325,0.0438635824035256,0.4575068,0.5697481
"Chile",1997,0.52656438375,0.121137320106374,0.3621252,0.6851992
"Chile",1998,0.540231892,0.134008266170342,0.3612937,0.7136049
"Chile",1999,0.55645071925,0.116718613832864,0.4046221,0.7107512
"Chile",2000,0.57271311375,0.0464047480138819,0.5137732,0.631426
"Chile",2001,0.4951103865,0.101948709002875,0.3610496,0.6266095
"Chile",2002,0.4162833515,0.0460870228799706,0.35731,0.4769616
"Chile",2003,0.4389174935,0.0442807509490197,0.3822486,0.4959269
"Chile",2004,0.539276863,0.0429807472711937,0.4842763,0.5941792
"Chile",2005,0.61955876825,0.0411353600101219,0.5673722,0.6722241
"Chile",2006,0.54126514075,0.0307145910127615,0.5016229,0.5813735
"Chile",2007,0.4616828975,0.0417329818536981,0.4076712,0.5163981
"Chile",2008,0.5143539975,0.0308676496573895,0.475817,0.5529936
"Chile",2009,0.66987465175,0.0391323006377183,0.6185894,0.7184597
"Chile",2010,0.5641151345,0.031100602506181,0.523933,0.6039845
"Chile",2011,0.33436636,0.0379667564047665,0.2865261,0.3833571
"Chile",2012,0.30647514275,0.0372128710974469,0.2602295,0.3548117
"Chile",2013,0.299770806,0.039200174020292,0.2497727,0.3499159
"Chile",2014,0.341741147225,0.0910111470880119,0.2263174,0.4630785
"Chile",2015,0.377410807,0.0428897924783095,0.3219613,0.4327601
"Chile",2016,0.2186028745,0.0322450827417609,0.1777404,0.2608419
"Chile",2017,0.17445660635,0.0240639156349882,0.143796,0.2054811
"Chile",2018,0.3187671715,0.0420230501871574,0.2666555,0.3745474
"China",2001,0.921332188,0.0153739603076937,0.9009857,0.9403857
"China",2002,0.982333425,0.0049397326049015,0.9758712,0.9882597
"China",2003,0.9141561765,0.0167589223963034,0.8921485,0.9350109
"China",2004,0.898027832,0.0459228565443459,0.8379369,0.9488566
"China",2005,0.8886902145,0.0492173864718431,0.8227323,0.9427821
"China",2006,0.8849702345,0.0208440453377342,0.8583406,0.9111413
"China",2007,0.8991343105,0.0177757642451799,0.8757218,0.9212506
"China",2008,0.9267379735,0.0128522649504625,0.9097063,0.9424414
"China",2009,0.9582268545,0.0178141353173711,0.934649,0.9780892
"China",2010,0.9793375365,0.00580201614402284,0.9716826,0.986165
"China",2011,0.93825311575,0.01274075232197,0.9217287,0.9539153
"China",2012,0.91714246325,0.0329214081989228,0.8737621,0.9533698
"China",2013,0.9007678475,0.0176940041848155,0.8779693,0.9222901
"China",2014,0.89190798475,0.0416816878966111,0.8352996,0.9402828
"China",2015,0.894252622,0.0177804793546219,0.8707388,0.9169468
"China",2016,0.8963899715,0.0456931978810231,0.8352769,0.9466755
"China",2017,0.90615789175,0.0417018749461344,0.8516678,0.9523121
"China",2018,0.92063508475,0.0155306919895247,0.9002128,0.93989
"Colombia",1996,0.128933754375,0.0265659384417297,0.09538958,0.1640197
"Colombia",1997,0.28352298175,0.0416633513024979,0.2295026,0.3376923
"Colombia",1998,0.253339794775,0.0971915350451079,0.1388494,0.3838351
"Colombia",1999,0.22010556375,0.102823397363058,0.101011,0.3615665
"Colombia",2000,0.18686003185,0.0929530133838597,0.08338702,0.3119321
"Colombia",2001,0.1544167147,0.0672604282235568,0.07842876,0.2425008
"Colombia",2002,0.120792081375,0.0238589924601664,0.09123453,0.1519985
"Colombia",2003,0.266918919,0.03833378306438,0.2184712,0.3170842
"Colombia",2004,0.481309192,0.030308188260659,0.443391,0.5209489
"Colombia",2005,0.4839558645,0.0270242910865636,0.4487115,0.5188776
"Colombia",2006,0.4752069525,0.0302846709316958,0.43698,0.5136423
"Colombia",2007,0.45504173975,0.0307631314752426,0.4155674,0.493817
"Colombia",2008,0.57507157525,0.0321969929793228,0.534464,0.6159622
"Colombia",2009,0.5348813485,0.0305494598204269,0.4956439,0.574693
"Colombia",2010,0.4998225695,0.0297758159041756,0.4619778,0.5386192
"Colombia",2011,0.4224473255,0.0277320514065377,0.3867105,0.4587877
"Colombia",2012,0.3713816475,0.0274952492798298,0.3369408,0.4067
"Colombia",2013,0.246563779,0.0239771431487584,0.2153208,0.2771984
"Colombia",2014,0.232244509,0.0267029049836822,0.1993587,0.2662085
"Colombia",2015,0.204608853125,0.0332496771232049,0.162354,0.2493555
"Colombia",2016,0.176756972225,0.0300323210492821,0.1386046,0.2161712
"Colombia",2017,0.121984652725,0.0198718747157361,0.09670533,0.1479322
"Colombia",2018,0.17323651965,0.030835281811632,0.1344128,0.2137633
"Costa Rica",1996,0.108313109775,0.0263098376690477,0.0747789,0.1434327
"Costa Rica",1997,0.14916454455,0.0725991540862298,0.0693316,0.2456689
"Costa Rica",1998,0.192649844,0.101462052675009,0.08042168,0.3301131
"Costa Rica",1999,0.2389852448,0.120437648466045,0.1015412,0.4091836
"Costa Rica",2000,0.285361441375,0.12570240825881,0.1356146,0.4581442
"Costa Rica",2001,0.335637898,0.113054740682016,0.1975497,0.4855659
"Costa Rica",2002,0.393378641,0.0447828967807704,0.3362713,0.4499309
"Costa Rica",2003,0.195586549325,0.0310430895680391,0.1570908,0.2366005
"Costa Rica",2004,0.36120713075,0.0299725862690154,0.3227187,0.3997058
"Costa Rica",2005,0.1578749982,0.0233823339524544,0.1287742,0.1874052
"Costa Rica",2006,0.3438341585,0.0300036511341574,0.3049161,0.3836578
"Costa Rica",2007,0.33909927225,0.042080787280167,0.2844161,0.3943562
"Costa Rica",2008,0.37850938175,0.0311471685109831,0.339496,0.4192232
"Costa Rica",2009,0.4739828535,0.0456440140409778,0.4158945,0.5331473
"Costa Rica",2010,0.371247042,0.0310939335427512,0.3318586,0.4100464
"Costa Rica",2011,0.34671752925,0.0423674172617001,0.292204,0.4007683
"Costa Rica",2012,0.2588648582,0.0809722467277437,0.1624881,0.3693361
"Costa Rica",2013,0.1782391443,0.0339617918066146,0.1354739,0.223097
"Costa Rica",2014,0.191595624575,0.0653835439197166,0.1142797,0.2788892
"Costa Rica",2015,0.19323728655,0.0329518473935204,0.1519131,0.2369397
"Costa Rica",2016,0.1369081819,0.0250579641019829,0.1051589,0.1692234
"Costa Rica",2017,0.21116002075,0.0329279373316877,0.1700833,0.2539237
"Costa Rica",2018,0.4215132055,0.0463140572344688,0.3622716,0.4824694
"Croatia",1996,0.5191139425,0.0442085990572405,0.4611214,0.5751998
"Croatia",1997,0.328457223775,0.0748898640147024,0.2349136,0.4257857
"Croatia",1998,0.28737669295,0.113620261187403,0.150333,0.4434485
"Croatia",1999,0.2439784764,0.112910289086394,0.1137664,0.3979891
"Croatia",2000,0.20456227175,0.098006888975891,0.09355802,0.339921
"Croatia",2001,0.1646942596,0.0699419445315242,0.08615826,0.257684
"Croatia",2002,0.126477188425,0.0200968403271988,0.1011596,0.1531774
"Croatia",2003,0.2059210849,0.0714905043473198,0.1213472,0.3018734
"Croatia",2004,0.30230764075,0.0713392843651352,0.2149098,0.3981452
"Croatia",2005,0.3070854585,0.0437278812916009,0.2516446,0.3638212
"Croatia",2006,0.1931190602,0.0414174451850055,0.1429035,0.2462673
"Croatia",2007,0.194757825875,0.0373440768197153,0.1477925,0.2445864
"Croatia",2008,0.1689633755,0.0257999063817785,0.1362465,0.2023194
"Croatia",2009,0.1322814104,0.0409815947049412,0.08408367,0.1872615
"Croatia",2010,0.087283552775,0.0228805309577206,0.06058891,0.1187496
"Croatia",2011,0.180378636325,0.0352094981619601,0.1370522,0.2285781
"Croatia",2012,0.221234378425,0.0605834388875239,0.1469873,0.3001665
"Croatia",2013,0.192831911975,0.0559648851713993,0.1255705,0.2661328
"Croatia",2014,0.1847093483,0.055028523750741,0.1178123,0.258709
"Croatia",2015,0.24683523075,0.0663747984752827,0.1645055,0.3348407
"Croatia",2016,0.233587339325,0.0393980730181917,0.1853303,0.2870589
"Croatia",2017,0.12643981375,0.02049813340557,0.1008061,0.1529123
"Croatia",2018,0.26622398475,0.0338674336961824,0.2232341,0.3112769
"Croatia",2019,0.190383113975,0.0519011052505376,0.126576,0.2602863
"Croatia",2020,0.251453801175,0.0745154680263046,0.1611339,0.3497158
"Cyprus",1997,0.41296017025,0.0917826405398749,0.2973483,0.5306177
"Cyprus",1998,0.474185336325,0.137682765109495,0.2940487,0.6588788
"Cyprus",1999,0.535308716225,0.151499893024871,0.3330126,0.7335902
"Cyprus",2000,0.590311964325,0.147294670679869,0.3902065,0.7799504
"Cyprus",2001,0.64790285275,0.127373850810059,0.4726905,0.804056
"Cyprus",2002,0.707732377,0.0727977401763136,0.6137841,0.7990873
"Cyprus",2003,0.82377725675,0.047347622254276,0.7613665,0.8823209
"Cyprus",2004,0.8145220875,0.0282571875864517,0.7774077,0.8499571
"Cyprus",2005,0.7285842475,0.0602710081014175,0.6521396,0.804336
"Cyprus",2006,0.57846220975,0.0402949585038496,0.5248102,0.6291449
"Cyprus",2007,0.56472426825,0.0416200991014569,0.5111475,0.617239
"Cyprus",2008,0.59879767525,0.041468183622743,0.5444748,0.6516214
"Cyprus",2009,0.51876576325,0.0429628196360582,0.4635211,0.5741713
"Cyprus",2010,0.3937990595,0.0424024428442542,0.3406292,0.4477128
"Cyprus",2011,0.2242768405,0.0295238257149589,0.1876889,0.2632508
"Cyprus",2012,0.113434302925,0.0359059656836315,0.07124389,0.1599472
"Cyprus",2013,0.122858605425,0.0407025575812838,0.07483542,0.1770827
"Cyprus",2014,0.118075035625,0.0386924940244902,0.07346967,0.1697828
"Cyprus",2015,0.131410512575,0.0393398986516288,0.08403478,0.182885
"Cyprus",2016,0.3083944525,0.0320568767236854,0.2675304,0.3489884
"Cyprus",2017,0.29204742295,0.0608201053356732,0.2160913,0.3732434
"Cyprus",2018,0.401405763,0.0414086912987129,0.3492775,0.4555761
"Cyprus",2019,0.319275188,0.0375423952736287,0.2720031,0.3678354
"Cyprus",2020,0.39280625275,0.0839400650797596,0.2866243,0.502451
"Czechia",1990,0.5787718755,0.0353307259779294,0.5343049,0.6245011
"Czechia",1991,0.5588248455,0.0260248103838723,0.5256346,0.5922012
"Czechia",1992,0.589908392,0.0970124457182861,0.4627828,0.7123898
"Czechia",1993,0.62332712975,0.0585715680589066,0.5474828,0.697715
"Czechia",1994,0.571063722,0.123168923661254,0.4060252,0.7284687
"Czechia",1995,0.5259924703,0.1405984460858,0.337744,0.7065487
"Czechia",1996,0.47773043825,0.129273039626535,0.3079244,0.647817
"Czechia",1997,0.428924522,0.0745604609649098,0.3323464,0.527833
"Czechia",1998,0.30505104325,0.0336012859883874,0.2625354,0.3479997
"Czechia",1999,0.300927909475,0.093972136187252,0.1850163,0.4277888
"Czechia",2000,0.28999211315,0.095330109552401,0.1728418,0.4186386
"Czechia",2001,0.271008196,0.0310922106117154,0.2307552,0.3117286
"Czechia",2002,0.42708721325,0.0726414795194141,0.3321828,0.5213711
"Czechia",2003,0.38581864875,0.0707144763218731,0.2960498,0.47703
"Czechia",2004,0.29180007475,0.0407678748778334,0.2395989,0.3444226
"Czechia",2005,0.270896819,0.0376755477121712,0.2229378,0.3196681
"Czechia",2006,0.230145338175,0.0416995537759703,0.1765979,0.284665
"Czechia",2007,0.23562694575,0.036912668555054,0.1901802,0.2841081
"Czechia",2008,0.19860726425,0.0281877475788739,0.1623714,0.2341256
"Czechia",2009,0.20401904625,0.034523597585683,0.1612226,0.2501891
"Czechia",2010,0.233299839,0.0361278592623241,0.1869735,0.2807686
"Czechia",2011,0.16663246415,0.030726635057604,0.1278093,0.2065822
"Czechia",2012,0.109738007175,0.034608832059761,0.06855114,0.1560179
"Czechia",2013,0.13609898105,0.0411440018272482,0.08638487,0.1914781
"Czechia",2014,0.25257266455,0.0633747058746885,0.1743564,0.3370643
"Czechia",2015,0.30681747275,0.0676417879921498,0.2214852,0.3971024
"Czechia",2016,0.335409687,0.04152398605228,0.2823713,0.3889902
"Czechia",2017,0.21582651775,0.0270629404004529,0.1807231,0.2503976
"Czechia",2018,0.4443043795,0.0381925516922694,0.3954636,0.4930991
"Czechia",2019,0.47476163325,0.0752782962852749,0.3800673,0.5722769
"Czechia",2020,0.4972302895,0.0827341214707605,0.3928969,0.603107
"Denmark",1997,0.65928982075,0.0787474887837673,0.5562378,0.757806
"Denmark",1998,0.562063026,0.112218152201898,0.4114704,0.7039962
"Denmark",1999,0.46778809425,0.0861673310483582,0.3569975,0.5804435
"Denmark",2000,0.54564842275,0.114386452234011,0.3943827,0.6923548
"Denmark",2001,0.63088743925,0.0753129066851137,0.5317302,0.7282867
"Denmark",2002,0.647240889,0.0726122105074889,0.5509793,0.7396824
"Denmark",2003,0.65149464,0.0711769033825101,0.5578753,0.7390639
"Denmark",2004,0.661202569,0.0451575047400964,0.6032938,0.7178469
"Denmark",2005,0.67779650225,0.0426508386404556,0.6225865,0.7320368
"Denmark",2006,0.6253576345,0.0675055177351273,0.5360217,0.7113234
"Denmark",2007,0.6416657805,0.0438126469029034,0.5855858,0.6972593
"Denmark",2008,0.568428291,0.0352641162070565,0.5242819,0.6130731
"Denmark",2009,0.58116202925,0.0462382013972268,0.5222781,0.639427
"Denmark",2010,0.4403745,0.0488145430531965,0.3794356,0.5030086
"Denmark",2011,0.4859774595,0.0488466854429658,0.4228134,0.5471978
"Denmark",2012,0.4093100775,0.0723044390208756,0.316825,0.5026499
"Denmark",2013,0.3573046975,0.0701730972091938,0.2676206,0.4492466
"Denmark",2014,0.41918684875,0.0739633234609981,0.3243237,0.5148888
"Denmark",2015,0.50056966525,0.074357750481869,0.4036806,0.5955497
"Denmark",2016,0.4638461505,0.0483553206978021,0.4021507,0.524365
"Denmark",2017,0.43455611925,0.0349279637543836,0.389696,0.4799402
"Denmark",2018,0.653988303,0.0347900098596738,0.6087008,0.6985251
"Denmark",2019,0.72620555325,0.0617018505070769,0.644984,0.8037116
"Denmark",2020,0.850534677,0.0465203764742881,0.7881073,0.90679
"Dominican Republic",1996,0.14995224435,0.0304743937410232,0.1111772,0.1899996
"Dominican Republic",1997,0.173898413025,0.0781327710082501,0.08554875,0.2787668
"Dominican Republic",1998,0.195288119975,0.106469330251267,0.07914172,0.3443066
"Dominican Republic",1999,0.216200707575,0.125099020781582,0.07866017,0.3942645
"Dominican Republic",2000,0.23498807465,0.13461202015194,0.0829244,0.4257448
"Dominican Republic",2001,0.24776408715,0.137711730202433,0.09035595,0.4445555
"Dominican Republic",2002,0.260144226875,0.128988818624935,0.1099184,0.4430262
"Dominican Republic",2003,0.272188370225,0.108063946857299,0.1442715,0.4168653
"Dominican Republic",2004,0.2775774435,0.0459075098005852,0.2199069,0.3384029
"Dominican Republic",2005,0.47179888575,0.0443619043465789,0.4147574,0.5287892
"Dominican Republic",2006,0.545293114,0.0407721586053196,0.4925655,0.5976582
"Dominican Republic",2007,0.39839427725,0.0514273325563931,0.3314754,0.4651876
"Dominican Republic",2008,0.420747868,0.0379582532565534,0.3727445,0.4688532
"Dominican Republic",2009,0.38176235025,0.0500525113006426,0.3193891,0.4473093
"Dominican Republic",2010,0.30785699725,0.0364105881128336,0.2614245,0.3552538
"Dominican Republic",2011,0.1844751186,0.0354473759979388,0.1410587,0.2311555
"Dominican Republic",2012,0.33535865765,0.0951703025648387,0.2168552,0.4618224
"Dominican Republic",2013,0.52420620675,0.0601758004362554,0.4463649,0.5993009
"Dominican Republic",2014,0.49624724575,0.104408262228332,0.3620444,0.6327611
"Dominican Republic",2015,0.4710589935,0.0581556284120717,0.3962743,0.5445211
"Dominican Republic",2016,0.4536557415,0.0579150440282478,0.3800416,0.5277145
"Dominican Republic",2017,0.188288078225,0.0380648614397317,0.1410939,0.2387402
"Dominican Republic",2018,0.227863097575,0.0463584725685655,0.1689046,0.2901022
"Ecuador",1996,0.3538782265,0.0489534278345796,0.2908474,0.415808
"Ecuador",1997,0.30534742395,0.110814231709133,0.1709913,0.4556106
"Ecuador",1998,0.26178967765,0.122733083956842,0.1192008,0.429658
"Ecuador",1999,0.217922259725,0.114737918140602,0.08710737,0.3750289
"Ecuador",2000,0.176900458175,0.0945311363319308,0.07088345,0.3043217
"Ecuador",2001,0.13737431015,0.0655380769772572,0.06581219,0.2245358
"Ecuador",2002,0.100230890175,0.0214100952637257,0.07351704,0.1280903
"Ecuador",2003,0.078968253925,0.0170256599497067,0.0576725,0.1012928
"Ecuador",2004,0.1181208178,0.0176114443985526,0.09619414,0.1408764
"Ecuador",2005,0.1062499659,0.018336939486074,0.08346703,0.1305784
"Ecuador",2006,0.07555217905,0.0135788736376427,0.05882544,0.09367823
"Ecuador",2007,0.343737668,0.0438351742306362,0.2871197,0.4011722
"Ecuador",2008,0.44901201625,0.0332957223422703,0.4056233,0.4907216
"Ecuador",2009,0.46599274625,0.043788154810631,0.4110903,0.5219269
"Ecuador",2010,0.47166425725,0.0317877591755053,0.4308586,0.5120804
"Ecuador",2011,0.61897696625,0.0434814969785193,0.5617615,0.6730328
"Ecuador",2012,0.6186772195,0.0942669084526729,0.4941876,0.7377077
"Ecuador",2013,0.62557860125,0.0463975894345555,0.5675868,0.6857581
"Ecuador",2014,0.550451096,0.101726052899901,0.418759,0.6822795
"Ecuador",2015,0.47492875275,0.0467777084110708,0.4134,0.5344802
"Ecuador",2016,0.39615992425,0.0443331625421621,0.3391896,0.4520244
"Ecuador",2017,0.377143887,0.0408803683228673,0.3246833,0.4296654
"Ecuador",2018,0.3096655175,0.0404571185156437,0.2576518,0.3616645
"Egypt",2001,0.632194716,0.0452929501159164,0.5739824,0.690318
"Egypt",2002,0.6525335825,0.116005286603966,0.4961699,0.8009803
"Egypt",2003,0.675363396,0.136606807606655,0.4872421,0.8409635
"Egypt",2004,0.69984372675,0.145403416717013,0.4995799,0.8693967
"Egypt",2005,0.7249976315,0.136299282107561,0.533178,0.8826903
"Egypt",2006,0.7504393315,0.119972441886169,0.5859433,0.8894174
"Egypt",2007,0.78007026775,0.0914455020112968,0.6565103,0.8872663
"Egypt",2008,0.8113540465,0.0325358847105748,0.7694792,0.8527603
"Egypt",2009,0.8106827825,0.073542728673329,0.7132316,0.8965505
"Egypt",2010,0.81999334225,0.0715370507394997,0.7228925,0.9028208
"Egypt",2011,0.83728827275,0.0299668395819194,0.7980107,0.8748895
"Egypt",2012,0.3519589255,0.0409015129528531,0.3007291,0.4040592
"Egypt",2013,0.1297628137,0.0255030711045391,0.09937399,0.1634218
"Egypt",2014,0.54777509175,0.0857907401523196,0.4342296,0.658426
"Egypt",2015,0.64392563125,0.0995436717141596,0.5111687,0.7693371
"Egypt",2016,0.73803827225,0.0425070360378174,0.6830834,0.7915378
"Egypt",2017,0.72294711625,0.0848100697751867,0.6077691,0.8260231
"Egypt",2018,0.72138287925,0.0465100923812295,0.6589729,0.7796757
"El Salvador",1996,0.35934699325,0.0458670056392477,0.3009146,0.420148
"El Salvador",1997,0.3644196664,0.104596436886256,0.2323828,0.5037107
"El Salvador",1998,0.366164201575,0.105110859910825,0.2351648,0.5096573
"El Salvador",1999,0.36501258425,0.0522954353663821,0.2980861,0.4333538
"El Salvador",2000,0.319102419975,0.100392288404874,0.1931458,0.4506024
"El Salvador",2001,0.273060654525,0.0940280893151521,0.160154,0.3978941
"El Salvador",2002,0.2224048435,0.0426301289402269,0.1693323,0.2785008
"El Salvador",2003,0.1751994051,0.03346700581566,0.1334212,0.2189588
"El Salvador",2004,0.46014648925,0.0362049664778784,0.4137556,0.5058244
"El Salvador",2005,0.405161743,0.0507727389979632,0.3391879,0.4698791
"El Salvador",2006,0.326113852,0.0322943278090016,0.2847167,0.3675329
"El Salvador",2007,0.33399145825,0.0428849974007027,0.278907,0.3896503
"El Salvador",2008,0.3499292845,0.0330974667805314,0.3078231,0.3919071
"El Salvador",2009,0.66759702375,0.0425860713664608,0.6123924,0.7227483
"El Salvador",2010,0.61473843225,0.0332497845329602,0.5718143,0.6563255
"El Salvador",2011,0.49900573875,0.04702645893814,0.4378566,0.5582311
"El Salvador",2012,0.4566098915,0.0424801573277263,0.4028463,0.5105839
"El Salvador",2013,0.364327936,0.0470660054056866,0.3053539,0.4255084
"El Salvador",2014,0.24392375105,0.0757036551953795,0.1519318,0.3441376
"El Salvador",2015,0.14577193635,0.0289926546812162,0.1094329,0.1836993
"El Salvador",2016,0.11243695895,0.024940873973787,0.08204299,0.1454975
"El Salvador",2017,0.0920980415,0.0213818196058939,0.06594268,0.120479
"El Salvador",2018,0.114618260925,0.0274080975836429,0.08069005,0.1505882
"Estonia",1991,0.3841904415,0.0280967582326747,0.3472894,0.4202651
"Estonia",1992,0.40669465175,0.116468098316871,0.2555499,0.559085
"Estonia",1993,0.426676782175,0.140995337143657,0.2444985,0.6186575
"Estonia",1994,0.444064481075,0.141029141694519,0.2647481,0.6329664
"Estonia",1995,0.46110299925,0.12177876154281,0.3021351,0.6217735
"Estonia",1996,0.47614670775,0.0264444672204505,0.4427782,0.5097561
"Estonia",1997,0.582695397,0.0700613156189666,0.4908794,0.6717553
"Estonia",1998,0.500359194275,0.130410411173828,0.3297018,0.6713391
"Estonia",1999,0.4221305707,0.137988152089345,0.2449607,0.6130756
"Estonia",2000,0.342720151225,0.109278651351582,0.207285,0.4915838
"Estonia",2001,0.2652072805,0.0306846298711734,0.2269626,0.3047766
"Estonia",2002,0.3969747905,0.0669926080732026,0.3111293,0.483837
"Estonia",2003,0.4815760145,0.0705775161685713,0.3930407,0.5743264
"Estonia",2004,0.495550901,0.040805931888048,0.4432305,0.5480724
"Estonia",2005,0.47666660175,0.0712105732130136,0.3835153,0.5679121
"Estonia",2006,0.5237488195,0.0518271141347249,0.4579538,0.5905988
"Estonia",2007,0.5833536445,0.0384908389871422,0.5347653,0.6319495
"Estonia",2008,0.37826051325,0.0359546545502078,0.3331145,0.4244258
"Estonia",2009,0.35340976675,0.0364237151073775,0.3071561,0.3997211
"Estonia",2010,0.468928039,0.0397469008706048,0.4178164,0.5203454
"Estonia",2011,0.427443594,0.0335913373546883,0.3846508,0.4715177
"Estonia",2012,0.304890892,0.0623911394334387,0.2260964,0.3878738
"Estonia",2013,0.286794037625,0.0636757560834093,0.2078732,0.3709804
"Estonia",2014,0.4180869305,0.0744612047258771,0.3229248,0.5163567
"Estonia",2015,0.39592167925,0.0706403704130358,0.3057835,0.4876588
"Estonia",2016,0.4603349955,0.0394512694434875,0.4108398,0.5114856
"Estonia",2017,0.51557101275,0.0691622858536805,0.4271865,0.6070272
"Estonia",2018,0.506743346,0.0368154670169713,0.4592317,0.5539434
"Estonia",2019,0.4370433715,0.070301834346268,0.3469659,0.5269253
"Estonia",2020,0.36961877675,0.0765861778856812,0.2730888,0.4679794
"Ethiopia",2005,0.124600192,0.030782807345185,0.08697968,0.1652147
"Ethiopia",2006,0.193939372425,0.0687799515958339,0.1116696,0.2886172
"Ethiopia",2007,0.2703102785,0.0384050468150236,0.2215714,0.3194471
"Ethiopia",2008,0.357591004675,0.121720073008521,0.2084613,0.5250484
"Ethiopia",2009,0.44401748775,0.163482039851908,0.2262508,0.6645894
"Ethiopia",2010,0.52478517235,0.185879276018801,0.2693844,0.7688681
"Ethiopia",2011,0.60024274105,0.185387172463221,0.3454858,0.8359182
"Ethiopia",2012,0.67121274495,0.179013363680959,0.4162326,0.8828387
"Ethiopia",2013,0.737558840325,0.161586434109992,0.5028783,0.9193831
"Ethiopia",2014,0.7962344495,0.137928997138645,0.5976371,0.9408806
"Ethiopia",2015,0.84859747925,0.105271473638152,0.7005103,0.9549338
"Ethiopia",2016,0.891650313,0.0732900878338347,0.7970266,0.9645487
"Ethiopia",2017,0.926941866,0.0418350598748732,0.8742791,0.9699068
"Ethiopia",2018,0.9530938655,0.0127992892265581,0.9360058,0.9686451
"Ethiopia",2019,0.83939177125,0.0554988446213658,0.7665832,0.903263
"Ethiopia",2020,0.5876071215,0.0272408526739223,0.5523552,0.62278
"Finland",1975,0.48910706975,0.0808621725760155,0.3857785,0.5936405
"Finland",1976,0.487449235525,0.13839985217692,0.3087543,0.6756543
"Finland",1977,0.488624167225,0.165509784266246,0.2711741,0.7139008
"Finland",1978,0.488435727875,0.177173101560527,0.2485245,0.7272452
"Finland",1979,0.489072478075,0.175362374324083,0.2564378,0.723348
"Finland",1980,0.4900945662,0.161547911649673,0.2750642,0.7033261
"Finland",1981,0.492109654025,0.137244667702727,0.3133102,0.6742061
"Finland",1982,0.49284089525,0.083157346529352,0.3855952,0.6002591
"Finland",1983,0.50733508525,0.0838096982770302,0.3995969,0.6130306
"Finland",1984,0.4707168585,0.0830531921353925,0.363558,0.5796559
"Finland",1985,0.47362332025,0.130556041947772,0.3057314,0.6464205
"Finland",1986,0.47324894075,0.13376850939591,0.2987658,0.6485644
"Finland",1987,0.47179247125,0.0845710699148759,0.3628262,0.5808039
"Finland",1988,0.460885468,0.139286003751816,0.275215,0.644824
"Finland",1989,0.450589801775,0.167485308825408,0.2314898,0.6763152
"Finland",1990,0.437703332825,0.176903612088289,0.2119726,0.6832692
"Finland",1991,0.427663866425,0.180914713772038,0.1988409,0.6828802
"Finland",1992,0.416285978875,0.179836424015025,0.1866916,0.6628236
"Finland",1993,0.404334255225,0.17030316344688,0.1869955,0.6414171
"Finland",1994,0.3899521316,0.15417318090097,0.195254,0.6056031
"Finland",1995,0.3726170053,0.120645333120209,0.2222574,0.5356755
"Finland",1996,0.3540014975,0.0346836973002172,0.3091997,0.3986442
"Finland",1997,0.42853367025,0.0680200455631803,0.3424478,0.5175163
"Finland",1998,0.482036996,0.10844906462132,0.3391893,0.6243914
"Finland",1999,0.53781037175,0.072307686735487,0.4435382,0.6307731
"Finland",2000,0.5634053545,0.0568960991770414,0.4904597,0.6358379
"Finland",2001,0.55438948625,0.069941582251646,0.4634726,0.6433688
"Finland",2002,0.5372002605,0.0713900286388401,0.4434344,0.6287096
"Finland",2003,0.5585132065,0.0636512852731042,0.4792015,0.6401737
"Finland",2004,0.6587315345,0.0340678144808364,0.6146193,0.7019404
"Finland",2005,0.63964518775,0.0268505898035164,0.6059316,0.6739498
"Finland",2006,0.65603224925,0.0617435426458932,0.5733384,0.733778
"Finland",2007,0.638219194,0.0358251455526748,0.5917903,0.6850013
"Finland",2008,0.60363647225,0.0668021522860509,0.5155822,0.6895537
"Finland",2009,0.45425265925,0.0302675662457729,0.4150346,0.493035
"Finland",2010,0.41477122425,0.0362929744396679,0.368221,0.461813
"Finland",2011,0.554780794,0.0351345653817107,0.5103576,0.5996636
"Finland",2012,0.54069259925,0.0680666115662935,0.4515462,0.628246
"Finland",2013,0.4714408905,0.071148595944964,0.3786874,0.5638529
"Finland",2014,0.47782831575,0.0707662981693313,0.3882416,0.5706536
"Finland",2015,0.5129776805,0.0427064598455205,0.4578169,0.5666439
"Finland",2016,0.54748560925,0.0364287911372104,0.5009068,0.5946487
"Finland",2017,0.44856498975,0.0340642591214313,0.404872,0.491893
"Finland",2018,0.488259869,0.0365538386245259,0.4417743,0.5356585
"Finland",2019,0.49391928675,0.0425798910007991,0.4399281,0.5480621
"Finland",2020,0.81337287925,0.0370650614690316,0.7641468,0.8602719
"France",1985,0.32130389075,0.0642622563692929,0.2401449,0.4058354
"France",1986,0.3425520973,0.124930768872261,0.1843869,0.5130745
"France",1987,0.357606496125,0.156093021261797,0.1634106,0.5758056
"France",1988,0.37126577575,0.178513314151493,0.1496593,0.628566
"France",1989,0.383799512825,0.190478366112941,0.1456249,0.6545278
"France",1990,0.396363167525,0.196938679048131,0.1495684,0.6726598
"France",1991,0.404716491075,0.202372198063627,0.1503346,0.6933242
"France",1992,0.412275892725,0.199628534742522,0.1609087,0.6944721
"France",1993,0.4219483142,0.194977895842866,0.17152,0.6907068
"France",1994,0.43226558925,0.186469736215481,0.1933939,0.6877568
"France",1995,0.441254542825,0.173148614720822,0.2164072,0.6792785
"France",1996,0.449630111675,0.13771732399831,0.271791,0.6346079
"France",1997,0.46014570375,0.0753581819274646,0.3634811,0.5581821
"France",1998,0.50267979325,0.0409311369906804,0.45024,0.5544356
"France",1999,0.4873968535,0.0694896081508146,0.3990944,0.575933
"France",2000,0.4318528495,0.0405175768291353,0.3810128,0.48323
"France",2001,0.47367133475,0.072886338864035,0.3823072,0.567337
"France",2002,0.407469813,0.0744883723391441,0.3102073,0.5055405
"France",2003,0.456361455,0.072584390825968,0.3633106,0.5491451
"France",2004,0.4279650115,0.0401872688980196,0.3758121,0.4792772
"France",2005,0.325630807,0.0383487530318396,0.2776815,0.374129
"France",2006,0.2658548855,0.0314182177060435,0.2257733,0.3070876
"France",2007,0.44053760225,0.037273056855125,0.3928074,0.4878937
"France",2008,0.3582801545,0.0326748823055807,0.3172757,0.4000432
"France",2009,0.35046255725,0.0352028279418856,0.3049047,0.3959981
"France",2010,0.27855319875,0.0297906945324866,0.2405984,0.3161519
"France",2011,0.28498240075,0.0337687002535166,0.2427504,0.3285991
"France",2012,0.3719450535,0.071203251727883,0.2818337,0.4651862
"France",2013,0.20971945465,0.0535725284846102,0.1443086,0.2822905
"France",2014,0.172120460775,0.046911168709778,0.1145348,0.234201
"France",2015,0.190464149225,0.0495230393198615,0.1300492,0.2565217
"France",2016,0.24543925,0.0320752918350024,0.2040786,0.2867238
"France",2017,0.19046810975,0.0378529675829654,0.1425553,0.2408105
"France",2018,0.28491708675,0.0362026709819978,0.2392534,0.3320191
"France",2019,0.255227879525,0.0612123158377361,0.1793295,0.3359474
"France",2020,0.253550825325,0.0703492687529516,0.1656506,0.3467772
"Georgia",1996,0.43416920775,0.0482418963019157,0.3721022,0.496147
"Georgia",1997,0.438157011725,0.128814778664409,0.2729293,0.607577
"Georgia",1998,0.439042397225,0.162809966464323,0.2264921,0.6600103
"Georgia",1999,0.4399094173,0.179919320082479,0.2055773,0.6851998
"Georgia",2000,0.439701967225,0.190881905308865,0.1905524,0.7055524
"Georgia",2001,0.438885435625,0.194085286991238,0.1870824,0.7091806
"Georgia",2002,0.439065560025,0.190623646503355,0.189046,0.7011185
"Georgia",2003,0.4381225494,0.182189204796993,0.2037444,0.6897235
"Georgia",2004,0.436355800875,0.162211178274351,0.2265757,0.6606076
"Georgia",2005,0.433024421175,0.132641029305315,0.2645847,0.6144599
"Georgia",2006,0.43043898625,0.057304315085785,0.3567447,0.5049986
"Georgia",2007,0.4345253605,0.100392819041716,0.3049756,0.5678614
"Georgia",2008,0.438256601,0.0371332337366575,0.3915049,0.4854086
"Georgia",2009,0.3776680385,0.0324152924966586,0.3366557,0.4198183
"Georgia",2010,0.536518233,0.0519414225445184,0.469832,0.6029761
"Georgia",2011,0.54626814375,0.0528038698435038,0.4791846,0.6135565
"Georgia",2012,0.6836858265,0.0451320804588492,0.6256954,0.7410605
"Georgia",2013,0.559569957,0.047963444567403,0.4993665,0.6221952
"Georgia",2014,0.32989785025,0.0355121460011463,0.2848905,0.3764309
"Georgia",2015,0.26351063375,0.0410264881866501,0.2123946,0.3163396
"Georgia",2016,0.21790894255,0.0368783798220695,0.1715234,0.2665653
"Georgia",2017,0.31955524225,0.0461272075970651,0.2613788,0.3777126
"Georgia",2018,0.321819057,0.0382602778598278,0.2735986,0.3708452
"Georgia",2019,0.2349945385,0.0402642247589145,0.1853515,0.2875515
"Germany",1974,0.31322519,0.0601145593912497,0.2369895,0.3923117
"Germany",1975,0.342347956425,0.11808504388703,0.1947239,0.5022315
"Germany",1976,0.37043934515,0.145602720137814,0.1887216,0.5735135
"Germany",1977,0.3973534834,0.157895876713212,0.1955029,0.6128033
"Germany",1978,0.420891947625,0.152198847501751,0.2226528,0.6292984
"Germany",1979,0.44423601175,0.130236504393614,0.2753981,0.6217621
"Germany",1980,0.46930734725,0.0684055028532084,0.3824178,0.5578391
"Germany",1981,0.485185421,0.12905767489358,0.317438,0.6562658
"Germany",1982,0.495792629825,0.138868095115925,0.3110574,0.6804686
"Germany",1983,0.51092697225,0.123028109833134,0.3501193,0.6720223
"Germany",1984,0.52504226025,0.0346160079738845,0.4804595,0.5701648
"Germany",1985,0.209521483825,0.0463553506134619,0.1521689,0.270482
"Germany",1986,0.24787601605,0.0982023570202307,0.1314287,0.3803325
"Germany",1987,0.280600835925,0.127616829612962,0.1298898,0.4593161
"Germany",1988,0.313034270025,0.139125409081374,0.1435914,0.5047663
"Germany",1989,0.3430552025,0.13930701134461,0.1709455,0.5359266
"Germany",1990,0.376240486425,0.120621923914112,0.2258566,0.5380422
"Germany",1991,0.40701306775,0.0391363161007605,0.358145,0.4580554
"Germany",1992,0.32381529475,0.0348688357287011,0.2793064,0.3688539
"Germany",1993,0.329541376,0.0885770034757262,0.2194101,0.4476695
"Germany",1994,0.3275884535,0.0310679496284976,0.2879855,0.3676861
"Germany",1995,0.315173097525,0.0984043322611425,0.1919659,0.4468362
"Germany",1996,0.29656064315,0.0949539973315608,0.1806821,0.4253016
"Germany",1997,0.27162298725,0.0295127531047349,0.2344823,0.3093621
"Germany",1998,0.512315763,0.0394541053465607,0.462348,0.5620194
"Germany",1999,0.45723855,0.0668851585701397,0.370712,0.5437166
"Germany",2000,0.36857224425,0.0258715338374896,0.3352199,0.4014031
"Germany",2001,0.41776782725,0.063155925368327,0.337277,0.5006801
"Germany",2002,0.355082561,0.0299031954879219,0.3171269,0.393655
"Germany",2003,0.25445558525,0.0523315280944184,0.189705,0.323227
"Germany",2004,0.2953778225,0.0341531497579007,0.2509506,0.3389548
"Germany",2005,0.30958179875,0.0380417526369602,0.2598431,0.3593921
"Germany",2006,0.2522791595,0.0278921243618591,0.2173386,0.2885523
"Germany",2007,0.3435634465,0.0344387337444572,0.3004018,0.3869612
"Germany",2008,0.35160017625,0.024276035834453,0.3211487,0.3822062
"Germany",2009,0.33331453375,0.0346433040142048,0.2887638,0.377392
"Germany",2010,0.2206819875,0.0286874568820754,0.1841721,0.2586382
"Germany",2011,0.36398984675,0.0369228509827917,0.3163908,0.4113544
"Germany",2012,0.4162909985,0.0306903459209437,0.3768855,0.4552452
"Germany",2013,0.44261973025,0.0339244837873113,0.3984515,0.4855296
"Germany",2014,0.4604490015,0.0664039154430862,0.3756624,0.5452706
"Germany",2015,0.435995271,0.0669993806140679,0.3506184,0.5228378
"Germany",2016,0.4587293185,0.0372469583737193,0.4111703,0.5071654
"Germany",2017,0.450916491,0.032628146687009,0.4087368,0.4929621
"Germany",2018,0.464244243,0.025873864875137,0.4318998,0.4977876
"Germany",2019,0.494374879,0.0696437603428011,0.4057159,0.5840666
"Germany",2020,0.59733629275,0.0728715340926846,0.5000939,0.689952
"Ghana",2005,0.68453910125,0.0574087463712758,0.6100366,0.7573946
"Ghana",2006,0.7353289245,0.0837225508568467,0.6201857,0.8361336
"Ghana",2007,0.79455230925,0.0380398740631104,0.7447456,0.8420251
"Ghana",2008,0.765383108,0.0925381963555511,0.6425623,0.8746271
"Ghana",2009,0.742325505,0.113888910587694,0.5872284,0.8763214
"Ghana",2010,0.72130646075,0.118256722083715,0.5568441,0.8633577
"Ghana",2011,0.70606294375,0.10565179930595,0.5608372,0.8345042
"Ghana",2012,0.6913590175,0.0456768048186748,0.6329084,0.7497118
"Ghana",2013,0.693379041,0.0979764928627332,0.56169,0.8134647
"Ghana",2014,0.6989734435,0.0990272224233141,0.5670039,0.8206734
"Ghana",2015,0.71478903975,0.0491888949395289,0.6498895,0.7780143
"Ghana",2016,0.8083465555,0.0684735656854588,0.7167635,0.8894833
"Ghana",2017,0.8840833905,0.0301936959974099,0.8448821,0.920703
"Ghana",2018,0.79049198,0.0414778961640312,0.7353851,0.8417446
"Greece",1997,0.330045540475,0.0922693102085472,0.2159194,0.4498181
"Greece",1998,0.34778853125,0.109301398512072,0.2107346,0.4944525
"Greece",1999,0.3559829302,0.0816561589776243,0.2517457,0.4619786
"Greece",2000,0.26323934375,0.0419939566207836,0.2099371,0.3178529
"Greece",2001,0.448161741,0.0817400983474932,0.3441066,0.5550832
"Greece",2002,0.492781069,0.0887270577320198,0.3794509,0.6067137
"Greece",2003,0.600102528,0.0810019543088171,0.4964025,0.7022629
"Greece",2004,0.76416651075,0.0388396859590192,0.7142385,0.8135036
"Greece",2005,0.5294642195,0.0534513638850836,0.459719,0.5972243
"Greece",2006,0.44314590575,0.0803116437145411,0.339255,0.5469883
"Greece",2007,0.400006983,0.04639416323708,0.3419567,0.4598408
"Greece",2008,0.176284304825,0.0293635371978027,0.1387666,0.2147221
"Greece",2009,0.161187636875,0.0286680702471017,0.1249483,0.1987505
"Greece",2010,0.1643454547,0.0305737831193458,0.1268324,0.204182
"Greece",2011,0.052121300775,0.0134374851408389,0.03614027,0.06970783
"Greece",2012,0.03748628294,0.0149504144006405,0.02051002,0.05829042
"Greece",2013,0.046085847295,0.0189558875588293,0.02481356,0.07064208
"Greece",2014,0.0685192933,0.0265503340276974,0.03793172,0.1042122
"Greece",2015,0.135579329375,0.04524925105182,0.08300535,0.1962756
"Greece",2016,0.110439290425,0.0210636283313406,0.084106,0.1384349
"Greece",2017,0.064610446575,0.0133561770279371,0.04824652,0.08206901
"Greece",2018,0.084709856975,0.0189453542481724,0.06105888,0.1089495
"Greece",2019,0.14937384345,0.0448081958969763,0.09403919,0.2091234
"Greece",2020,0.277359491525,0.0803372040587816,0.1783669,0.3864714
"Guatemala",1996,0.37937143125,0.0380695824428193,0.3308054,0.4285276
"Guatemala",1997,0.32522582605,0.113379481314216,0.186076,0.4793871
"Guatemala",1998,0.274952479825,0.123087905965392,0.1315167,0.4454307
"Guatemala",1999,0.228311480025,0.118884736254569,0.09434766,0.3944779
"Guatemala",2000,0.18580302215,0.100206167322878,0.07601174,0.3227187
"Guatemala",2001,0.14365002245,0.0660504227553546,0.07029505,0.2324801
"Guatemala",2002,0.1044087606,0.0226204050231743,0.0767074,0.1349057
"Guatemala",2003,0.06722863975,0.0152270039687399,0.04839848,0.08742331
"Guatemala",2004,0.249568491,0.0258685346436665,0.2169693,0.2826839
"Guatemala",2005,0.23233842275,0.0289903625621672,0.1959298,0.2703567
"Guatemala",2006,0.21045084925,0.0234562461825154,0.1799973,0.2405557
"Guatemala",2007,0.26267700725,0.0351019609890319,0.2182586,0.3080351
"Guatemala",2008,0.26421755325,0.02718718708747,0.2298516,0.2993507
"Guatemala",2009,0.263081788,0.0369134525248842,0.215568,0.3117724
"Guatemala",2010,0.19039650275,0.0231696241462558,0.1607567,0.2201031
"Guatemala",2011,0.1568811203,0.0267323343262498,0.1237721,0.1918621
"Guatemala",2012,0.27767570025,0.0312658246397404,0.2382536,0.3173461
"Guatemala",2013,0.28851536875,0.0396822799735442,0.2384943,0.3401944
"Guatemala",2014,0.28180562945,0.0836298331498472,0.1811272,0.3945591
"Guatemala",2015,0.2598627585,0.039753281493583,0.210328,0.311069
"Guatemala",2016,0.21798439025,0.0354683190758523,0.1748709,0.2646441
"Guatemala",2017,0.162301406125,0.0299029411996816,0.1250593,0.2006969
"Guatemala",2018,0.18751064285,0.0333506352874276,0.1452309,0.2307132
"Guatemala",2019,0.147742849875,0.0536368350413639,0.08677032,0.2200952
"Guatemala",2020,0.106898872375,0.0234204843860176,0.0772665,0.1372942
"Guyana",2006,0.4473075495,0.159049700132996,0.2386071,0.6639605
"Guyana",2007,0.4510202494,0.183260350217549,0.2121306,0.705181
"Guyana",2008,0.45209558565,0.180801841122362,0.2163517,0.7009522
"Guyana",2009,0.45150251035,0.158097230120685,0.2429406,0.6651134
"Guyana",2010,0.439521758875,0.158587113442805,0.2369614,0.6556768
"Haiti",2006,0.43438348035,0.141157177597328,0.2543373,0.621242
"Haiti",2007,0.331495940625,0.146797317208913,0.1512303,0.5357193
"Haiti",2008,0.2342359045,0.107168003491333,0.1107354,0.3805971
"Haiti",2009,0.215849406,0.116703014803524,0.08597064,0.374655
"Haiti",2010,0.190849331625,0.0934703181737501,0.08468498,0.3158773
"Haiti",2011,0.183723875125,0.107100567855031,0.06830928,0.3330507
"Haiti",2012,0.17306561927,0.109129371407392,0.05849612,0.3189739
"Haiti",2013,0.15904747262,0.101789319285862,0.05346032,0.2991882
"Haiti",2014,0.1440304031,0.0852651064320198,0.0546276,0.2554631
"Haiti",2015,0.126506605675,0.0617285061990464,0.05866706,0.2091837
"Haiti",2016,0.106198003125,0.0209084271365366,0.08040538,0.1335043
"Haiti",2017,0.218021673,0.0725138191083751,0.1296166,0.3159874
"Haiti",2018,0.3790171375,0.052013096782203,0.3126015,0.4453681
"Honduras",1996,0.37779821825,0.0392056711524078,0.3278247,0.4288351
"Honduras",1997,0.387507574975,0.117009694973595,0.2409144,0.5474284
"Honduras",1998,0.395908119525,0.143268660823371,0.2158641,0.5892551
"Honduras",1999,0.402562285,0.149889784901939,0.2118803,0.6118069
"Honduras",2000,0.40517505475,0.14316436648194,0.2241889,0.5990564
"Honduras",2001,0.405948521475,0.1191524334935,0.253559,0.5664142
"Honduras",2002,0.40429569525,0.0509205784991938,0.3397076,0.468869
"Honduras",2003,0.19356986375,0.033893156091419,0.1517933,0.2381681
"Honduras",2004,0.21274579725,0.0255031930145644,0.180471,0.2461084
"Honduras",2005,0.23222453625,0.0368753965693282,0.1869309,0.2811407
"Honduras",2006,0.3300695285,0.0288581646649894,0.2932152,0.3666789
"Honduras",2007,0.34528238075,0.0419108198787796,0.2910496,0.3989258
"Honduras",2008,0.19776982375,0.0218883844790556,0.1698203,0.2261686
"Honduras",2009,0.213954103875,0.0330090219733322,0.1722029,0.2568703
"Honduras",2010,0.417320858,0.0298846907890767,0.3795194,0.4550291
"Honduras",2011,0.23729948475,0.0331027053508343,0.1956223,0.2805007
"Honduras",2012,0.1379829513,0.0204810254033386,0.1120413,0.1638553
"Honduras",2013,0.13394602545,0.0251314687156109,0.1027428,0.1668373
"Honduras",2014,0.2700948425,0.0319708830786061,0.2295481,0.3115593
"Honduras",2015,0.18465630105,0.0339588208338295,0.1426588,0.2296819
"Honduras",2016,0.17459850185,0.0236948550568003,0.1444858,0.205641
"Honduras",2017,0.11890484785,0.0257369323511454,0.08780607,0.1525803
"Honduras",2018,0.211924649375,0.0427638129147405,0.1587648,0.2668207
"Hong Kong SAR China",2001,0.58983089825,0.0339836382154411,0.5476908,0.6324301
"Hong Kong SAR China",2002,0.5889002755,0.111217611889715,0.4425825,0.7278473
"Hong Kong SAR China",2003,0.58941961575,0.123087641969698,0.4258015,0.748193
"Hong Kong SAR China",2004,0.59522022175,0.109243065316676,0.4502322,0.7333999
"Hong Kong SAR China",2005,0.60255823775,0.0278624581003377,0.5663714,0.6385864
"Hong Kong SAR China",2006,0.5801100905,0.0341541125858797,0.5372461,0.6235333
"Hong Kong SAR China",2007,0.6748049875,0.031359782875314,0.6341121,0.714492
"Hong Kong SAR China",2008,0.427326596,0.0403780808008884,0.376797,0.4792613
"Hong Kong SAR China",2009,0.469738497325,0.120296626923768,0.3155353,0.6253516
"Hong Kong SAR China",2010,0.506368606775,0.136105735411224,0.3275601,0.6841939
"Hong Kong SAR China",2011,0.54337062375,0.119966641477298,0.3810622,0.69873
"Hong Kong SAR China",2012,0.58373759125,0.0397504600278636,0.532103,0.6338261
"Hong Kong SAR China",2013,0.59508082475,0.0989852946192502,0.4604811,0.7218037
"Hong Kong SAR China",2014,0.61547807525,0.0401528842335723,0.5625278,0.6677143
"Hong Kong SAR China",2015,0.5105836825,0.0985751028507209,0.3814021,0.6399194
"Hong Kong SAR China",2016,0.40185110675,0.0360471047522975,0.3556116,0.4486829
"Hong Kong SAR China",2017,0.47448402775,0.099419550444302,0.3461486,0.6019297
"Hong Kong SAR China",2018,0.54951805975,0.0421044461508829,0.49669,0.604755
"Hungary",1990,0.3507373085,0.0376932071777484,0.3032797,0.3989234
"Hungary",1991,0.33363870925,0.0376494071226279,0.2858963,0.3823776
"Hungary",1992,0.290932349275,0.0856394702336227,0.1856937,0.4045713
"Hungary",1993,0.2402574235,0.0468102063261018,0.1811876,0.3014027
"Hungary",1994,0.310151433275,0.107515938786257,0.1794011,0.4589235
"Hungary",1995,0.38078250145,0.132298961368987,0.2143673,0.5617086
"Hungary",1996,0.45068473475,0.124908751217318,0.2905408,0.611512
"Hungary",1997,0.5243922005,0.0751003880813129,0.4281808,0.6204958
"Hungary",1998,0.423756188,0.0441208403665639,0.3675522,0.4795283
"Hungary",1999,0.393707865,0.0395660100632204,0.3433538,0.4439597
"Hungary",2000,0.50499431975,0.114122928477342,0.354128,0.6547439
"Hungary",2001,0.6105660405,0.117708985554731,0.4534085,0.7594637
"Hungary",2002,0.709955666,0.0697195610788801,0.6190502,0.7954792
"Hungary",2003,0.585888639,0.0756163745256097,0.4879505,0.6825559
"Hungary",2004,0.45379186,0.0453188881523228,0.3971912,0.5116497
"Hungary",2005,0.32314101975,0.0684564614491093,0.2370171,0.412834
"Hungary",2006,0.218157234,0.0414431860615466,0.1654904,0.2720736
"Hungary",2007,0.1812095698,0.0262046338568381,0.1482388,0.2143725
"Hungary",2008,0.132526496225,0.0225955586983366,0.1041357,0.1622152
"Hungary",2009,0.12817501475,0.0195977948465476,0.1033395,0.1533629
"Hungary",2010,0.4616304555,0.0422951345777296,0.4076146,0.5155548
"Hungary",2011,0.22347085625,0.0340211459855062,0.1809752,0.2675924
"Hungary",2012,0.206073084975,0.0541449021100967,0.1403819,0.2778881
"Hungary",2013,0.27685950875,0.0668655826215569,0.1948256,0.3657618
"Hungary",2014,0.30837289975,0.0721106848475314,0.2158859,0.4031496
"Hungary",2015,0.33782469525,0.0702133506408356,0.24868,0.4302983
"Hungary",2016,0.44812239925,0.0430864461704228,0.3922718,0.5039477
"Hungary",2017,0.50430804325,0.0482100967704487,0.44241,0.5668691
"Hungary",2018,0.42887670875,0.0451135008269325,0.371531,0.4866289
"Hungary",2019,0.51222422725,0.0806675428725977,0.4070007,0.6141304
"Hungary",2020,0.5350922615,0.093649459490631,0.4132663,0.654915
"Iceland",2005,0.50421715575,0.101030559836072,0.3719125,0.6366152
"Iceland",2006,0.4589670149,0.132933422661597,0.2870105,0.6402621
"Iceland",2007,0.412307835875,0.133787509474957,0.2415766,0.5945487
"Iceland",2008,0.369312738075,0.112413606660188,0.228336,0.5160858
"Iceland",2009,0.32005585725,0.0392391053507155,0.2704441,0.3711115
"Iceland",2010,0.282054354725,0.0624607631079815,0.2045886,0.3641903
"Iceland",2011,0.28045373,0.0284666332019272,0.2440915,0.3175018
"Iceland",2012,0.2696527658,0.0667820352463576,0.1860795,0.3566001
"Iceland",2013,0.35837220175,0.0851305213169489,0.2518104,0.472017
"Iceland",2014,0.342152656,0.0859210056738873,0.2342691,0.4558078
"Iceland",2015,0.3380029958,0.112715315941407,0.2005398,0.4884078
"Iceland",2016,0.327123336875,0.106355116668904,0.1958863,0.4672601
"Iceland",2017,0.3106662395,0.0362093131874732,0.2647868,0.3578831
"Iceland",2018,0.552514549,0.0462802682554569,0.4930334,0.6112544
"India",1990,0.4689517445,0.0447945593147066,0.4128709,0.5250211
"India",1991,0.4894627635,0.12369057317529,0.3292078,0.6523234
"India",1992,0.50916497425,0.145276875474424,0.3171293,0.6998352
"India",1993,0.52758793775,0.13984896614028,0.340299,0.7103086
"India",1994,0.546626704,0.121218777412246,0.3839734,0.7050132
"India",1995,0.56957306625,0.0464887549862427,0.5096146,0.6289553
"India",1996,0.5689397625,0.122361509382553,0.4041582,0.7279654
"India",1997,0.57093395675,0.148859356253068,0.3676347,0.7630882
"India",1998,0.574765749025,0.154462817420055,0.3674957,0.773528
"India",1999,0.5798497015,0.145991624044767,0.3846073,0.7694812
"India",2000,0.58335258925,0.12328061377471,0.4176929,0.7431077
"India",2001,0.59221111525,0.0475355676776883,0.5304619,0.6518899
"India",2002,0.6685905825,0.0922063412010265,0.5471585,0.7844461
"India",2003,0.74381425425,0.0382855868494622,0.694344,0.7919526
"India",2004,0.7208564685,0.0818472239055776,0.6107213,0.8211732
"India",2005,0.71455428675,0.0330799780096784,0.6719978,0.7564809
"India",2006,0.62330749,0.0496686191719632,0.5603316,0.6879433
"India",2007,0.56342973325,0.109410419729281,0.4136228,0.7042824
"India",2008,0.50686762125,0.0979542314656892,0.3790616,0.6340615
"India",2009,0.52168987475,0.133002504483045,0.3447328,0.6960312
"India",2010,0.54209990025,0.139896880465019,0.3575389,0.7232479
"India",2011,0.5596367055,0.119192778675817,0.4010888,0.713999
"India",2012,0.58237224525,0.050956794919144,0.516958,0.6472479
"India",2013,0.72274175425,0.0431875497648631,0.6649845,0.7761537
"India",2014,0.76895219775,0.0878591310453652,0.6490663,0.8715637
"India",2015,0.80975170975,0.090443473011819,0.6863334,0.9116927
"India",2016,0.85189864775,0.0720863716023761,0.7587852,0.9317569
"India",2017,0.89224658975,0.0391910268053475,0.8395938,0.9367915
"India",2018,0.8720506615,0.0285864218296322,0.8338462,0.9070371
"Indonesia",2000,0.63412288625,0.0337173456802985,0.5910683,0.6775139
"Indonesia",2001,0.5745423965,0.036740243318806,0.5265939,0.621625
"Indonesia",2002,0.66264324125,0.100699869882951,0.526152,0.7870645
"Indonesia",2003,0.74543641875,0.087983888877785,0.6260368,0.8538602
"Indonesia",2004,0.82206871975,0.0261140889132792,0.7880633,0.8552827
"Indonesia",2005,0.7438703275,0.0375438074008455,0.6953101,0.7920181
"Indonesia",2006,0.630855302,0.0344830563564589,0.5866145,0.6749123
"Indonesia",2007,0.74761816625,0.0328991031543217,0.7052417,0.7891306
"Indonesia",2008,0.531495796,0.0767594934147836,0.4328839,0.6295461
"Indonesia",2009,0.54343429175,0.12121995319194,0.3803089,0.6983697
"Indonesia",2010,0.55593435075,0.113369356182509,0.4043773,0.7014344
"Indonesia",2011,0.572919467,0.0368233332268943,0.5247655,0.6192154
"Indonesia",2012,0.5878901145,0.117490026172584,0.430148,0.7404192
"Indonesia",2013,0.6042648025,0.137825640684891,0.4180153,0.7766804
"Indonesia",2014,0.6260854,0.133623461188623,0.442554,0.7953652
"Indonesia",2015,0.64533084025,0.112600427201966,0.4972085,0.7877856
"Indonesia",2016,0.67537463325,0.0330965417478044,0.6321313,0.7177037
"Indonesia",2017,0.84409083225,0.0413752931986219,0.7898401,0.8944911
"Indonesia",2018,0.83254417475,0.0272272708907127,0.7969471,0.8667299
"Iran",2000,0.7435438035,0.0403437591421686,0.6915128,0.795044
"Iran",2001,0.7200939165,0.109277642817884,0.5694629,0.8511277
"Iran",2002,0.700884064,0.134816382021792,0.5175283,0.8630672
"Iran",2003,0.68730807275,0.145851546852503,0.4823658,0.8630305
"Iran",2004,0.67428723475,0.153503889228101,0.457931,0.8572846
"Iran",2005,0.6665495735,0.141319500484991,0.4641838,0.8367053
"Iran",2006,0.65977954175,0.117119074013167,0.5039426,0.8044689
"Iran",2007,0.65604261375,0.0430847132732309,0.6014232,0.7113485
"Iran",2008,0.92192084475,0.0194569585514711,0.8961062,0.9453814
"Iran",2009,0.90240261875,0.0529189895875256,0.8325203,0.9575487
"Iran",2010,0.8827096795,0.0757033915121072,0.7800869,0.9595396
"Iran",2011,0.86186217775,0.0973115633900282,0.7269043,0.9585632
"Iran",2012,0.84263977475,0.111877038902348,0.6917681,0.9545643
"Iran",2013,0.82322920975,0.125892053012312,0.6474885,0.9499797
"Iran",2014,0.806405683,0.131082774199889,0.6234611,0.9421721
"Iran",2015,0.789588439,0.129707621179325,0.6126605,0.9289375
"Iran",2016,0.77090529875,0.126386280649565,0.5931815,0.9100178
"Iran",2017,0.757577607,0.099719240418424,0.6190016,0.8730238
"Iran",2018,0.745053111,0.0412304858956207,0.6909132,0.7957227
"Iran",2019,0.64145451625,0.0915339328396307,0.5192631,0.7547384
"Iran",2020,0.53199392575,0.0277230480264293,0.496187,0.5673522
"Iraq",2004,0.336833491,0.0532091735014706,0.2684638,0.4052247
"Iraq",2005,0.48117484475,0.102571491309891,0.3455928,0.6167032
"Iraq",2006,0.62829940975,0.0578549588287653,0.5529154,0.7021062
"Iraq",2007,0.56325920375,0.122411397558333,0.4012236,0.7195698
"Iraq",2008,0.50042579645,0.14500464011646,0.3086221,0.6904176
"Iraq",2009,0.437841328525,0.144750920274342,0.2462169,0.6329558
"Iraq",2010,0.376094575525,0.116790201381688,0.2298664,0.5355906
"Iraq",2011,0.307325577,0.0441918145136468,0.2502896,0.3644317
"Iraq",2012,0.34244491625,0.0913151829373624,0.2290797,0.4665854
"Iraq",2013,0.3700125215,0.050518833517556,0.3065012,0.4347988
"Iraq",2014,0.297301022025,0.109929079956646,0.1630957,0.4498051
"Iraq",2015,0.234135127525,0.109704764453913,0.1107825,0.3843779
"Iraq",2016,0.179363919875,0.0958522355999108,0.07621343,0.308526
"Iraq",2017,0.128495581125,0.0633239975641956,0.05989225,0.2126498
"Iraq",2018,0.0858088884,0.0246115449493927,0.05560988,0.1171829
"Iraq",2019,0.070006301625,0.0220153395702945,0.0427809,0.0995082
"Ireland",1997,0.6055695155,0.0882945594147869,0.4895096,0.7185064
"Ireland",1998,0.529018109,0.115306043255954,0.3766154,0.6778135
"Ireland",1999,0.45707893425,0.0788921667230372,0.3562215,0.5610783
"Ireland",2000,0.35278423025,0.0397374531373199,0.302007,0.4051916
"Ireland",2001,0.525735835,0.076589509661205,0.4255848,0.6234632
"Ireland",2002,0.4951024375,0.0822713592239987,0.3916358,0.6042912
"Ireland",2003,0.36625640025,0.0753805701107096,0.2707262,0.4647027
"Ireland",2004,0.3261623205,0.0485877491153409,0.2659422,0.389955
"Ireland",2005,0.39829546325,0.048823242113611,0.3361605,0.4620397
"Ireland",2006,0.4400667145,0.0765560520765233,0.3414545,0.5377479
"Ireland",2007,0.422903186,0.0512737240447313,0.3571526,0.489109
"Ireland",2008,0.3497864265,0.0370464062921951,0.3016963,0.3971679
"Ireland",2009,0.21593069875,0.0391653051178047,0.168511,0.2677509
"Ireland",2010,0.168293534525,0.033377667566398,0.1280203,0.2124527
"Ireland",2011,0.25259275625,0.0432525379321518,0.1994939,0.3083072
"Ireland",2012,0.169588999625,0.0511344278539021,0.1077693,0.237451
"Ireland",2013,0.1377812434,0.045092091793916,0.08419447,0.1980251
"Ireland",2014,0.176424544475,0.0520302166501355,0.1130377,0.24484
"Ireland",2015,0.245609776075,0.0636060432042796,0.1682835,0.3316066
"Ireland",2016,0.3476847795,0.0496426962981747,0.2849824,0.4121849
"Ireland",2017,0.49337729975,0.0752778376080313,0.3961878,0.5907586
"Ireland",2018,0.60568319125,0.0406926975830163,0.5541478,0.6578685
"Ireland",2019,0.5076922455,0.0785402634545913,0.4055898,0.6068644
"Ireland",2020,0.5677153365,0.0866442552336073,0.4564486,0.6785396
"Israel",2005,0.43514202675,0.057154765173479,0.3625929,0.5096371
"Israel",2006,0.44610188745,0.129131808373658,0.2777625,0.6164998
"Israel",2007,0.457520341175,0.158117021751656,0.2540396,0.6703432
"Israel",2008,0.466187788975,0.17279498087814,0.2386393,0.7038276
"Israel",2009,0.4735305518,0.177979352054711,0.2375486,0.7140748
"Israel",2010,0.480918854325,0.171349055405509,0.2555866,0.7100787
"Israel",2011,0.490703413925,0.163075676310603,0.2726358,0.7122262
"Israel",2012,0.502721045675,0.140661465936323,0.3159521,0.6879396
"Israel",2013,0.57957193275,0.137784014579185,0.3926178,0.7553806
"Israel",2014,0.59162878725,0.131743624345353,0.4103518,0.7594894
"Israel",2015,0.581494864,0.137291455987664,0.3947591,0.7560549
"Israel",2016,0.5736680815,0.12278515213679,0.4110146,0.7291172
"Israel",2017,0.56991976575,0.0521494412501616,0.5017433,0.6367412
"Israel",2018,0.65744435975,0.0436182109742305,0.600656,0.7135272
"Italy",1975,0.09762210925,0.0352919114958485,0.05720881,0.1444391
"Italy",1976,0.1184747017725,0.0680000507419416,0.04739708,0.206913
"Italy",1977,0.138417166595,0.0924946396703797,0.04505268,0.2640633
"Italy",1978,0.157505827185,0.112764730333607,0.04564541,0.307448
"Italy",1979,0.177362398115,0.127896957157227,0.04679056,0.3550462
"Italy",1980,0.19612198958,0.139788352634782,0.05255357,0.391145
"Italy",1981,0.212903897555,0.146068545891602,0.06078443,0.4195111
"Italy",1982,0.228557114975,0.145718408436579,0.07045719,0.4287583
"Italy",1983,0.24312684355,0.136680142556845,0.08895876,0.4347857
"Italy",1984,0.2552038893,0.118009127362384,0.1176839,0.414483
"Italy",1985,0.26686239685,0.0746971466083849,0.1737158,0.368734
"Italy",1986,0.295032217925,0.126321153367979,0.1446803,0.4727297
"Italy",1987,0.3169172282,0.157349657909761,0.1287306,0.5404382
"Italy",1988,0.337717915645,0.175750717520781,0.1268371,0.5875694
"Italy",1989,0.3559757286,0.188696288458364,0.1266438,0.6276084
"Italy",1990,0.3759415115,0.196184474083791,0.1318393,0.6566747
"Italy",1991,0.393220077,0.20021671051559,0.1427648,0.6795193
"Italy",1992,0.406840811675,0.196354664986953,0.1596668,0.6843628
"Italy",1993,0.424776463475,0.192844327254393,0.1778091,0.6930814
"Italy",1994,0.443116032825,0.187077264349986,0.1996674,0.7028011
"Italy",1995,0.46045039515,0.173875992724354,0.234146,0.6973777
"Italy",1996,0.477141961425,0.140385672260333,0.2922293,0.6602527
"Italy",1997,0.495637647,0.0794232181158247,0.3936282,0.5963315
"Italy",1998,0.40784041125,0.0406393079638922,0.3557366,0.460512
"Italy",1999,0.3184566605,0.0639261126324197,0.2393665,0.4026198
"Italy",2000,0.2294618145,0.032505835504699,0.1886968,0.2715576
"Italy",2001,0.38696580075,0.0707121716372541,0.2959923,0.4778013
"Italy",2002,0.3955961345,0.0771334915584301,0.2964777,0.4957255
"Italy",2003,0.353859644,0.0707107370956166,0.2639798,0.4466973
"Italy",2004,0.30536230325,0.0362802568380083,0.2591538,0.3539157
"Italy",2005,0.2904192245,0.0273654032183782,0.2545169,0.3252212
"Italy",2006,0.3020049855,0.0619970153912965,0.224475,0.3820968
"Italy",2007,0.23410897225,0.0289346627002437,0.1976597,0.2724457
"Italy",2008,0.215600407225,0.0522001809268167,0.1515798,0.2853442
"Italy",2009,0.25546613575,0.0272551614331031,0.220714,0.291286
"Italy",2010,0.25762287875,0.0317120169288627,0.2176435,0.2981807
"Italy",2011,0.129809930075,0.021847944306237,0.1030086,0.1581272
"Italy",2012,0.106375887825,0.0337833652043616,0.06622894,0.151748
"Italy",2013,0.089822467025,0.0298332546993604,0.05463604,0.1298946
"Italy",2014,0.115052768375,0.0370164850415954,0.06991529,0.1648745
"Italy",2015,0.14487972295,0.0411103047117733,0.09583565,0.2005001
"Italy",2016,0.2082040785,0.0281433448970327,0.1727838,0.2446633
"Italy",2017,0.189464375925,0.04128759384356,0.1379852,0.2455341
"Italy",2018,0.25640137475,0.0293750722704734,0.2183482,0.2950948
"Italy",2019,0.27977184775,0.0596671015337802,0.2040167,0.3579438
"Italy",2020,0.2971495944,0.0706942264772635,0.2090862,0.3914817
"Jamaica",2006,0.3135861398,0.140224118941237,0.1430809,0.5054954
"Jamaica",2007,0.366750522975,0.169191479037058,0.1558572,0.6051885
"Jamaica",2008,0.413258060175,0.155887609043469,0.2122052,0.626839
"Jamaica",2009,0.3671109543,0.169701431404421,0.1575589,0.601674
"Jamaica",2010,0.312359571275,0.139912013923924,0.1431069,0.5069989
"Japan",1991,0.35665180225,0.0405552609664906,0.3053952,0.4098535
"Japan",1992,0.36056144165,0.109097883752565,0.2241355,0.5026968
"Japan",1993,0.3636331855,0.124476342906997,0.2094165,0.5337225
"Japan",1994,0.358378142625,0.108501204384812,0.2200061,0.5052215
"Japan",1995,0.3486767945,0.0350708803905335,0.3037844,0.3932085
"Japan",1996,0.3418352386,0.112811684393528,0.2010067,0.4936054
"Japan",1997,0.3339111622,0.132392524114757,0.1718918,0.5121223
"Japan",1998,0.320913810375,0.127483748547277,0.1648631,0.4947764
"Japan",1999,0.3011945526,0.104902510595821,0.1724378,0.445525
"Japan",2000,0.27777441525,0.0307404494477696,0.2382288,0.3180893
"Japan",2001,0.2921496394,0.0936167634222752,0.1788344,0.4170854
"Japan",2002,0.2953301564,0.0943715693512803,0.1789931,0.4246512
"Japan",2003,0.29153711375,0.0309594151887761,0.2528976,0.3312864
"Japan",2004,0.3967119425,0.0316791886751061,0.3563708,0.4378121
"Japan",2005,0.34272940025,0.0261038225266756,0.309157,0.3761304
"Japan",2006,0.413134953,0.0337365718189076,0.3698294,0.456298
"Japan",2007,0.32655326725,0.0301720898447427,0.287979,0.3666377
"Japan",2008,0.32766855655,0.0987628585497153,0.2067623,0.4588365
"Japan",2009,0.32018294615,0.0950118016240121,0.2033721,0.4428735
"Japan",2010,0.307112616,0.0297549164690822,0.2694398,0.3454363
"Japan",2011,0.22046880225,0.0250228963878695,0.1892525,0.252951
"Japan",2012,0.2509466797,0.0925735952763859,0.1385886,0.3772119
"Japan",2013,0.279565812975,0.121607952642675,0.1334564,0.4466723
"Japan",2014,0.301795560775,0.125056696019746,0.1486793,0.4713896
"Japan",2015,0.321830536075,0.108767098339966,0.1876505,0.4692209
"Japan",2016,0.33903244,0.032064008830868,0.2981626,0.3804423
"Japan",2017,0.5664911895,0.0422888277553341,0.5135249,0.6198762
"Japan",2018,0.50277164825,0.0353694992912332,0.457059,0.547468
"Japan",2019,0.4400692665,0.0356297262485921,0.3924664,0.4857102
"Jordan",2001,0.924685622,0.0210010792116651,0.8971782,0.9507645
"Jordan",2002,0.91818801075,0.0452660154455052,0.8596733,0.9646163
"Jordan",2003,0.9154384355,0.0574024686017268,0.8442142,0.9699934
"Jordan",2004,0.91577661675,0.056562204436479,0.8427966,0.971733
"Jordan",2005,0.91772911525,0.0525646879656218,0.8487918,0.9696226
"Jordan",2006,0.92326897675,0.0413432100451745,0.8687064,0.9663458
"Jordan",2007,0.9315130175,0.0171083029714035,0.9091441,0.9525953
"Jordan",2008,0.81944051175,0.05152242204023,0.7502734,0.8817279
"Jordan",2009,0.7937109235,0.0739898605431579,0.694393,0.8800246
"Jordan",2010,0.777109808,0.036842290605436,0.7300301,0.8235061
"Jordan",2011,0.79235449275,0.0736231326054971,0.6928557,0.880087
"Jordan",2012,0.81746356575,0.0553520289174479,0.7415484,0.8821172
"Jordan",2013,0.712084925,0.0442152833681772,0.6545621,0.7680639
"Jordan",2014,0.5808059045,0.0521592784128531,0.5130667,0.6488016
"Jordan",2015,0.53178742925,0.101359766530302,0.4008852,0.6616186
"Jordan",2016,0.4856382255,0.0564893151281688,0.4127173,0.5583481
"Jordan",2017,0.52495778725,0.0788784094464143,0.4223337,0.6281688
"Jordan",2018,0.376047538,0.0561007779158342,0.3028644,0.4467092
"Kazakhstan",2005,0.739436217,0.03753260591306,0.6899037,0.7869126
"Kazakhstan",2006,0.7776556915,0.0632203035967641,0.693537,0.8544498
"Kazakhstan",2007,0.768366809,0.102277706022768,0.6255862,0.8875466
"Kazakhstan",2008,0.76473589625,0.112891919711065,0.6052945,0.8943501
"Kazakhstan",2009,0.76845651125,0.10108013231818,0.6282091,0.8861278
"Kazakhstan",2010,0.77684562725,0.0634197432685073,0.6920075,0.8535189
"Kazakhstan",2011,0.78301639625,0.0344681594581266,0.738458,0.8263442
"Kazakhstan",2012,0.7823841645,0.0874320444163302,0.6663034,0.8849534
"Kazakhstan",2013,0.78429630875,0.104263622366433,0.6413085,0.9054424
"Kazakhstan",2014,0.7929680895,0.104890396330043,0.6509695,0.9110817
"Kazakhstan",2015,0.80494315375,0.0900755369329324,0.6865526,0.9070733
"Kazakhstan",2016,0.82274209975,0.054865740224601,0.7483567,0.8889545
"Kazakhstan",2017,0.800717493,0.0721778651991429,0.7036382,0.88601
"Kazakhstan",2018,0.7835418505,0.0342889781888285,0.7390306,0.8264588
"Kenya",2005,0.37916955325,0.0558915737319073,0.3077918,0.45251
"Kenya",2006,0.48554839875,0.119339699071511,0.3279086,0.6434977
"Kenya",2007,0.5818646345,0.128102328733513,0.4083185,0.74641
"Kenya",2008,0.67714327525,0.0917187714410749,0.5537934,0.7919922
"Kenya",2009,0.69853480575,0.129124807971003,0.5224324,0.8517552
"Kenya",2010,0.72074112675,0.137928596375791,0.5273416,0.8826439
"Kenya",2011,0.7433549845,0.139080310468586,0.5489834,0.8988568
"Kenya",2012,0.76604392325,0.130090901427219,0.583009,0.9093098
"Kenya",2013,0.79151358875,0.110396772187247,0.6382504,0.9151689
"Kenya",2014,0.8177540915,0.0825111082630656,0.7047097,0.9106911
"Kenya",2015,0.84786804625,0.0314823634516809,0.8068309,0.8865567
"Kenya",2016,0.79815411675,0.0746236019315835,0.6997644,0.8843283
"Kenya",2017,0.7476130335,0.0721507892564383,0.6520596,0.8321203
"Kenya",2018,0.72881876125,0.045126732633726,0.6706133,0.7862921
"Kosovo",2005,0.82742078125,0.0436333945221751,0.7697354,0.880771
"Kosovo",2006,0.786451587,0.0833755284162422,0.6714198,0.8851618
"Kosovo",2007,0.75165312575,0.089038237959217,0.6307255,0.8590062
"Kosovo",2008,0.71454068775,0.0432905780385002,0.6571538,0.7693993
"Kosovo",2009,0.55417964925,0.105362554806464,0.4138084,0.6864788
"Kosovo",2010,0.38416913025,0.0842150438700223,0.2733932,0.4932358
"Kosovo",2011,0.2293165575,0.029054884018888,0.1929874,0.266329
"Kosovo",2012,0.239643221875,0.0952777958911464,0.1275172,0.3706132
"Kosovo",2013,0.244561979075,0.11533766666789,0.108741,0.4042677
"Kosovo",2014,0.2429227186,0.117024039130048,0.1084254,0.4080347
"Kosovo",2015,0.23755740135,0.10559827059845,0.1161579,0.3844113
"Kosovo",2016,0.22648717615,0.0701088286958265,0.1430174,0.3218791
"Kosovo",2017,0.235564934125,0.0842528535879886,0.1366197,0.3517003
"Kosovo",2018,0.239605731,0.0441435561342444,0.1833881,0.2960814
"Kyrgyzstan",2003,0.3061478225,0.0428783904384614,0.2525446,0.3622375
"Kyrgyzstan",2004,0.41087046275,0.0961362430697861,0.2873667,0.5402708
"Kyrgyzstan",2005,0.517450881,0.0457642279095515,0.459255,0.5768435
"Kyrgyzstan",2006,0.717034859,0.0556186864382547,0.6440872,0.7856842
"Kyrgyzstan",2007,0.663569611,0.113783799807162,0.5144474,0.8041042
"Kyrgyzstan",2008,0.612496238,0.132019384756054,0.429948,0.7759277
"Kyrgyzstan",2009,0.5649372335,0.123475219513603,0.4021289,0.7222626
"Kyrgyzstan",2010,0.51176741325,0.0626142246825082,0.4295468,0.5922939
"Kyrgyzstan",2011,0.5660377025,0.0450107460585823,0.5083341,0.623266
"Kyrgyzstan",2012,0.58952869775,0.119972264594178,0.4286299,0.7413846
"Kyrgyzstan",2013,0.612393429,0.139257454784937,0.4216848,0.7867783
"Kyrgyzstan",2014,0.63378754675,0.135933749389539,0.4482635,0.8047562
"Kyrgyzstan",2015,0.66127428,0.114302748647669,0.5052685,0.8015376
"Kyrgyzstan",2016,0.6952739735,0.0562954104519523,0.6209642,0.7649967
"Kyrgyzstan",2017,0.6790985025,0.0905300228160566,0.5565691,0.7902065
"Kyrgyzstan",2018,0.668747541,0.0441031585125319,0.6114637,0.7246862
"Kyrgyzstan",2019,0.56070498375,0.0962216869339397,0.4355845,0.6862096
"Kyrgyzstan",2020,0.4467883575,0.0293894839515927,0.4082098,0.483988
"Latvia",1996,0.39877148475,0.0265458973008475,0.3650701,0.4326667
"Latvia",1997,0.4662776055,0.0711285487490969,0.3746764,0.5590424
"Latvia",1998,0.28254762175,0.0315441402587603,0.2420163,0.3231252
"Latvia",1999,0.31759383695,0.106247656950574,0.1875044,0.4628608
"Latvia",2000,0.3462620013,0.125775028886691,0.1888986,0.5200824
"Latvia",2001,0.3714650416,0.119801693920234,0.2216409,0.5352619
"Latvia",2002,0.39394189375,0.0786449191024229,0.2922669,0.4970619
"Latvia",2003,0.50077319225,0.0794988623738602,0.396538,0.6012984
"Latvia",2004,0.3100274485,0.0479876255832858,0.2498191,0.3721184
"Latvia",2005,0.33747172025,0.0721926821050366,0.2475071,0.435815
"Latvia",2006,0.2765815855,0.0516367996198199,0.2116732,0.3437072
"Latvia",2007,0.18846735375,0.0363336129305879,0.1438667,0.2371212
"Latvia",2008,0.171490922075,0.0261975745581862,0.1390569,0.2054941
"Latvia",2009,0.077726426975,0.0191029461204807,0.05496167,0.1035448
"Latvia",2010,0.13089591115,0.0281978122049836,0.0964933,0.1700834
"Latvia",2011,0.1535990162,0.0319235121476404,0.1143277,0.1960147
"Latvia",2012,0.1483821417,0.0456320202729551,0.09354287,0.2080742
"Latvia",2013,0.172797065,0.0519456294375076,0.1103323,0.2443186
"Latvia",2014,0.2193762026,0.0615342178389116,0.1434833,0.301586
"Latvia",2015,0.240813075225,0.0632429446276419,0.1639342,0.3241448
"Latvia",2016,0.269263236,0.0441967251173498,0.213876,0.3279314
"Latvia",2017,0.28780753075,0.0644278087690498,0.2070612,0.3724746
"Latvia",2018,0.31200092975,0.0350268886075926,0.2672295,0.3580514
"Latvia",2019,0.3254844915,0.0701656976374722,0.237846,0.4185744
"Latvia",2020,0.3454990105,0.0832334138975037,0.2388298,0.4538712
"Lebanon",2010,0.086091485025,0.0264479795207195,0.05358289,0.12104
"Lebanon",2011,0.101437310175,0.0474994547740429,0.04870343,0.1650436
"Lebanon",2012,0.112548809775,0.0440210230312493,0.06121849,0.1730669
"Lebanon",2013,0.0764671133,0.0222492326000814,0.04903643,0.1065813
"Lebanon",2014,0.0575077187175,0.0245822881217812,0.02965962,0.09201282
"Lebanon",2015,0.04986272871,0.0241906307191385,0.02406637,0.08163472
"Lebanon",2016,0.039630520175,0.0118102084750118,0.02527366,0.05517329
"Lebanon",2017,0.081924507375,0.020755585938578,0.05702747,0.1096757
"Lebanon",2018,0.137572258075,0.0281070073149038,0.1027711,0.1741774
"Libya",2012,0.499245359875,0.139324093984035,0.3115206,0.6827308
"Libya",2013,0.346408592875,0.107876002356476,0.2109407,0.4880619
"Libya",2014,0.141654481925,0.0331237786182511,0.1010973,0.1866116
"Libya",2015,0.15763656695,0.0673677164610011,0.08188824,0.2469073
"Libya",2016,0.169495323175,0.0792159251059797,0.08054725,0.2805406
"Libya",2017,0.17724922615,0.07669087969056,0.09008004,0.2800532
"Libya",2018,0.177750727575,0.0451450994452009,0.1204984,0.2372052
"Libya",2019,0.042779536775,0.0141838803530505,0.02578794,0.06217033
"Lithuania",1991,0.549825312,0.0419931300954449,0.4972771,0.6033056
"Lithuania",1992,0.5159256355,0.123294829717456,0.3539572,0.6737141
"Lithuania",1993,0.486595411975,0.144511948426822,0.3001925,0.6821818
"Lithuania",1994,0.4583390155,0.147838049817618,0.2651113,0.6572674
"Lithuania",1995,0.4277237565,0.122400262896225,0.27147,0.5903494
"Lithuania",1996,0.39246113725,0.0321820760763124,0.3507246,0.4335505
"Lithuania",1997,0.41929408725,0.0307267644628787,0.3796738,0.4578041
"Lithuania",1998,0.379336321125,0.109548671055162,0.2390871,0.5255697
"Lithuania",1999,0.339134441375,0.120626096419768,0.189645,0.5002417
"Lithuania",2000,0.298177746875,0.100121738805118,0.1765822,0.435513
"Lithuania",2001,0.252939335,0.0301978451943739,0.215534,0.2915663
"Lithuania",2002,0.3318714025,0.067543326648868,0.2469796,0.4199193
"Lithuania",2003,0.40004729475,0.0732451604610648,0.3067464,0.4943304
"Lithuania",2004,0.408713572,0.0723326983172983,0.3160131,0.5034984
"Lithuania",2005,0.27826038,0.039012971029867,0.2280973,0.3282387
"Lithuania",2006,0.22235278175,0.0420208467701382,0.1702008,0.2776247
"Lithuania",2007,0.267923706,0.0413190292367674,0.2158616,0.3208008
"Lithuania",2008,0.2289969955,0.0285572701899123,0.1922575,0.2657994
"Lithuania",2009,0.14927854095,0.0287477019059416,0.1134215,0.1865663
"Lithuania",2010,0.126840204175,0.02538267223502,0.09588525,0.1605245
"Lithuania",2011,0.13425992455,0.0274427519350542,0.1011781,0.1703792
"Lithuania",2012,0.166457403,0.0475859328465654,0.110447,0.2285734
"Lithuania",2013,0.232903248875,0.0596114980825626,0.1594514,0.3107965
"Lithuania",2014,0.314023725825,0.0701369395493857,0.2262389,0.4071931
"Lithuania",2015,0.38968551475,0.0735552535470266,0.2972793,0.4849012
"Lithuania",2016,0.3887755,0.0479358398863304,0.3286686,0.4510148
"Lithuania",2017,0.4115297385,0.0708846011833483,0.3216037,0.5013484
"Lithuania",2018,0.402323636,0.0357317369318306,0.3564885,0.447985
"Lithuania",2019,0.47854102225,0.073294085921676,0.3840696,0.5737879
"Lithuania",2020,0.50321248075,0.086373749524137,0.3890537,0.6133937
"Luxembourg",1997,0.76773542625,0.0729250890947858,0.6718285,0.858628
"Luxembourg",1998,0.751938495,0.0970478517955317,0.6194458,0.8668094
"Luxembourg",1999,0.7448328685,0.0762768841025465,0.6463921,0.8382099
"Luxembourg",2000,0.77341255675,0.0880184498226399,0.6519499,0.8759866
"Luxembourg",2001,0.8082019005,0.0604062852624079,0.7266134,0.8808448
"Luxembourg",2002,0.79331858275,0.0612449518785532,0.7132513,0.8674949
"Luxembourg",2003,0.7708569695,0.0653242636750522,0.6836474,0.8503689
"Luxembourg",2004,0.8536114495,0.0329129415964919,0.8102875,0.8940291
"Luxembourg",2005,0.78956558975,0.0606366549052178,0.7086546,0.8633382
"Luxembourg",2006,0.72578576675,0.0688021590671974,0.6338925,0.8111385
"Luxembourg",2007,0.692431075,0.0516842963117927,0.6245857,0.7575747
"Luxembourg",2008,0.652369224,0.035349619641094,0.6072611,0.6968662
"Luxembourg",2009,0.7022853115,0.0511571972264116,0.6356498,0.7669222
"Luxembourg",2010,0.6648886055,0.0542783345781954,0.5962257,0.7336994
"Luxembourg",2011,0.76292445775,0.0452141458370017,0.7044197,0.8198602
"Luxembourg",2012,0.68436391475,0.0751167479407174,0.586452,0.7784246
"Luxembourg",2013,0.60457948025,0.0826441384829862,0.4959091,0.708155
"Luxembourg",2014,0.55152158975,0.0850120008922674,0.440303,0.6608678
"Luxembourg",2015,0.6046092135,0.0801200020192607,0.5002308,0.7073773
"Luxembourg",2016,0.71621082,0.0502626214283617,0.6508022,0.7795067
"Luxembourg",2017,0.79820958625,0.0553350729750521,0.7240434,0.8644245
"Luxembourg",2018,0.82872891175,0.0287667574401925,0.7916375,0.8645313
"Luxembourg",2019,0.828387482,0.0506522477565495,0.7608495,0.8895159
"Luxembourg",2020,0.79592975125,0.0667888196902204,0.7064488,0.8763298
"Malaysia",2000,0.816745261,0.0320726329682294,0.7751807,0.8572367
"Malaysia",2001,0.850265386,0.0613040966701055,0.7705328,0.9192365
"Malaysia",2002,0.88443000975,0.050108576559965,0.8178438,0.9410913
"Malaysia",2003,0.91741784925,0.016889273082754,0.8951579,0.9387296
"Malaysia",2004,0.89460682875,0.0191885177524166,0.8688925,0.9183333
"Malaysia",2005,0.8593913465,0.0276462110081963,0.8234043,0.8936894
"Malaysia",2006,0.8105630925,0.0290466867339461,0.7719493,0.8470469
"Malaysia",2007,0.79903993875,0.0294190274706665,0.7603656,0.8359267
"Malaysia",2008,0.78735723725,0.0821915903341964,0.6758783,0.8827533
"Malaysia",2009,0.78464891475,0.09661880499789,0.6533774,0.8974108
"Malaysia",2010,0.79186216175,0.0815692652468337,0.6791322,0.8880994
"Malaysia",2011,0.8013932205,0.0302086666319667,0.7625804,0.8388881
"Malaysia",2012,0.75560549225,0.0328682305048442,0.7131371,0.7964748
"Malaysia",2013,0.76435102575,0.0742751780262512,0.6642819,0.853884
"Malaysia",2014,0.78231068775,0.0331828832879706,0.7385435,0.8235618
"Malaysia",2015,0.752285369,0.0894277457601346,0.6301467,0.8579403
"Malaysia",2016,0.72870271325,0.106871846633535,0.5840616,0.8572561
"Malaysia",2017,0.71017089625,0.101788727878406,0.5750337,0.8337664
"Malaysia",2018,0.69376785175,0.0426113228415271,0.6376426,0.7474884
"Malta",1997,0.84139050625,0.0676550073431274,0.7487838,0.9221013
"Malta",1998,0.8076390125,0.100531345833086,0.6691172,0.9219517
"Malta",1999,0.77153515825,0.124414028603944,0.5962538,0.9111848
"Malta",2000,0.73719381075,0.131889845645175,0.5565455,0.8932832
"Malta",2001,0.70563963425,0.122114387893242,0.5423209,0.8503878
"Malta",2002,0.67151038275,0.0937641210382002,0.5438108,0.7858928
"Malta",2003,0.67488675375,0.0865085672908602,0.5609839,0.7825109
"Malta",2004,0.60284686925,0.093140443962156,0.4787108,0.72123
"Malta",2005,0.53295326025,0.0944338775384594,0.4087199,0.6561885
"Malta",2006,0.49850694825,0.0917130647617315,0.3805926,0.6175483
"Malta",2007,0.55677236025,0.0656907498430541,0.4733505,0.6416914
"Malta",2008,0.5278824905,0.0475390228426408,0.4657824,0.5890256
"Malta",2009,0.45285402325,0.0668040757014666,0.3662703,0.5390676
"Malta",2010,0.36396174725,0.0636268695668669,0.2843085,0.446206
"Malta",2011,0.44152780475,0.0664724440850665,0.3558466,0.5266601
"Malta",2012,0.4204855495,0.087852246689969,0.3074764,0.5349809
"Malta",2013,0.66317653725,0.0827462713385274,0.5532874,0.76699
"Malta",2014,0.6854834445,0.0799759421892745,0.5784883,0.7844949
"Malta",2015,0.69134614875,0.0770445026033653,0.5903554,0.7902218
"Malta",2016,0.638696225,0.0626529890828533,0.5568878,0.7183428
"Malta",2017,0.73683889725,0.0684782811520417,0.6444513,0.820212
"Malta",2018,0.82952008275,0.0319030756637523,0.7869941,0.8694952
"Malta",2019,0.77279254875,0.0655535274868684,0.6854821,0.8538746
"Malta",2020,0.78826960325,0.0736681291860991,0.6912213,0.8749871
"Mexico",1990,0.2703385275,0.0380050722769269,0.2221516,0.3192797
"Mexico",1991,0.284745266375,0.100883310064828,0.161854,0.4182624
"Mexico",1992,0.292370514525,0.119049830153378,0.1481489,0.4535992
"Mexico",1993,0.2997066879,0.123249231440167,0.1506778,0.4654961
"Mexico",1994,0.3017260136,0.10804686625229,0.1723758,0.4487137
"Mexico",1995,0.296195248,0.0387908564472476,0.2470086,0.3471005
"Mexico",1996,0.235607927,0.0359870848741337,0.1893766,0.2824701
"Mexico",1997,0.2625831285,0.0964215599348635,0.1483239,0.3985614
"Mexico",1998,0.283901999875,0.109963888538522,0.1523255,0.4424775
"Mexico",1999,0.30095398755,0.103735242362605,0.1754881,0.4445748
"Mexico",2000,0.3138827755,0.0427758203161731,0.2590587,0.3691932
"Mexico",2001,0.251761373225,0.077955885260433,0.1584683,0.3546868
"Mexico",2002,0.18354014745,0.0296347786957947,0.146117,0.2221641
"Mexico",2003,0.18129190145,0.0285349052291546,0.1457675,0.2185498
"Mexico",2004,0.24240871175,0.0240435471385237,0.2114059,0.27246
"Mexico",2005,0.3583437115,0.0324377402357141,0.3164587,0.4008591
"Mexico",2006,0.36583384525,0.0300122662847492,0.3283621,0.4049588
"Mexico",2007,0.34328033775,0.0385462451218978,0.2952094,0.3932953
"Mexico",2008,0.3499666035,0.0279144868394919,0.3143882,0.3861156
"Mexico",2009,0.32354474525,0.0393069442721176,0.2733301,0.373947
"Mexico",2010,0.33125743325,0.0276804693315187,0.296005,0.367225
"Mexico",2011,0.28136748675,0.036372789601427,0.2355537,0.3294833
"Mexico",2012,0.33703649275,0.0423481914352185,0.2819062,0.3921131
"Mexico",2013,0.29306322425,0.0405486662095106,0.2418483,0.34662
"Mexico",2014,0.22663124755,0.0718380682684382,0.139436,0.3231335
"Mexico",2015,0.16303716345,0.0297831125207387,0.125695,0.2025755
"Mexico",2016,0.20856796225,0.0329691425934185,0.1672841,0.2512484
"Mexico",2017,0.103871850275,0.0198657335108374,0.078565,0.1296131
"Mexico",2018,0.1286989711,0.0267143068665185,0.09569064,0.1637271
"Moldova",1996,0.39056563,0.0431758541335912,0.3357357,0.4444597
"Moldova",1997,0.3846138149,0.117426844478903,0.2348341,0.5411143
"Moldova",1998,0.380385933125,0.144522178786486,0.1938577,0.5777286
"Moldova",1999,0.37109543085,0.149789878788126,0.183778,0.5772893
"Moldova",2000,0.363339838775,0.141716001572092,0.1836299,0.5592557
"Moldova",2001,0.3502078747,0.115948878533234,0.2061014,0.5095141
"Moldova",2002,0.33080158725,0.0402630907873555,0.279419,0.3831724
"Moldova",2003,0.33896900015,0.106975698126512,0.2069079,0.4814461
"Moldova",2004,0.3398981521,0.106884335570127,0.2062512,0.4822302
"Moldova",2005,0.33854022175,0.0501985101598458,0.2758488,0.4030379
"Moldova",2006,0.3211836065,0.0383276335654621,0.2727427,0.3714911
"Moldova",2007,0.320134337975,0.0905883887467586,0.2070143,0.4419922
"Moldova",2008,0.309571369,0.0382272608017948,0.2608621,0.3592957
"Moldova",2009,0.296011122075,0.0864778642528413,0.1896595,0.4111585
"Moldova",2010,0.273445568,0.0583490093138723,0.2004045,0.3505884
"Moldova",2011,0.2242997836,0.0886448493269936,0.1217738,0.3407315
"Moldova",2012,0.1794578497,0.0770870141329036,0.09198139,0.2814677
"Moldova",2013,0.163526813325,0.0746676399986409,0.07813585,0.2666787
"Moldova",2014,0.177702823075,0.078880635180169,0.08858213,0.2856306
"Moldova",2015,0.1068990618,0.0515790309791863,0.05035093,0.1791775
"Moldova",2016,0.0571016266,0.0188031213770135,0.03488391,0.08338455
"Moldova",2017,0.109123997825,0.0436909982858396,0.05952537,0.1675915
"Moldova",2018,0.1862333631,0.0347458465301229,0.1422716,0.2314773
"Mongolia",2003,0.60295547125,0.0430496493603976,0.5477101,0.6577687
"Mongolia",2004,0.598688252,0.0952025146446782,0.4738547,0.7183267
"Mongolia",2005,0.60303829,0.0409040525644153,0.5492672,0.6554772
"Mongolia",2006,0.534391872,0.0367127837019191,0.4869016,0.5806139
"Mongolia",2007,0.50074774375,0.119188656612294,0.343754,0.655939
"Mongolia",2008,0.46745938655,0.132465103797091,0.2969517,0.639695
"Mongolia",2009,0.4334778345,0.117483342435635,0.2823503,0.5858735
"Mongolia",2010,0.39476577775,0.0336501226662507,0.3518418,0.4399338
"Mongolia",2011,0.3877556645,0.114979262795835,0.2418114,0.5398851
"Mongolia",2012,0.3792269799,0.128374941675357,0.2207511,0.5521636
"Mongolia",2013,0.366210075375,0.112179745213128,0.2254129,0.5177144
"Mongolia",2014,0.349619013,0.0370935562373361,0.3026165,0.3983107
"Mongolia",2015,0.2944272158,0.0823317514368883,0.1941607,0.4045682
"Mongolia",2016,0.23479307325,0.0417120431148558,0.1828427,0.2898352
"Mongolia",2017,0.330150155075,0.0889398485173975,0.2185899,0.4495977
"Mongolia",2018,0.43375355775,0.0459916123030626,0.3742486,0.4919331
"Montenegro",1996,0.4840243355,0.0632305346314253,0.4021836,0.5644898
"Montenegro",1997,0.42895467675,0.122798090023437,0.2748712,0.593594
"Montenegro",1998,0.380876918675,0.140660766894012,0.2059829,0.569441
"Montenegro",1999,0.33495313845,0.136046053571488,0.1699582,0.5271177
"Montenegro",2000,0.28650672365,0.1078662914319,0.1561762,0.4324669
"Montenegro",2001,0.23230549475,0.0485136150396839,0.1725023,0.2960672
"Montenegro",2002,0.273551566125,0.107390479310614,0.1445855,0.4200443
"Montenegro",2003,0.309937022075,0.131460336484873,0.1528223,0.4900133
"Montenegro",2004,0.342782245825,0.1379623196353,0.1740405,0.5330046
"Montenegro",2005,0.376402066525,0.124295299554132,0.2212665,0.5436421
"Montenegro",2006,0.408672953575,0.082682064378026,0.3043791,0.5149006
"Montenegro",2007,0.38560008765,0.102494874914818,0.2561229,0.523473
"Montenegro",2008,0.3594820415,0.0467657011551298,0.2994331,0.4208258
"Montenegro",2009,0.44672759525,0.104670228391505,0.3136623,0.5867834
"Montenegro",2010,0.53100578025,0.0824781893043166,0.4248791,0.6380551
"Montenegro",2011,0.288994428625,0.0642268855199888,0.2084498,0.3727106
"Montenegro",2012,0.300960904075,0.0832638072873599,0.1957478,0.4089164
"Montenegro",2013,0.2840356838,0.0821520574901799,0.1856396,0.3932608
"Montenegro",2014,0.35733098735,0.0928729773715941,0.2401267,0.4819825
"Montenegro",2015,0.39723644365,0.0939195631559432,0.2805719,0.5226996
"Montenegro",2016,0.47765335575,0.0719167409216407,0.3870312,0.5707133
"Montenegro",2017,0.369522507,0.0824424137179999,0.2644741,0.4777269
"Montenegro",2018,0.38799838175,0.0528848431606168,0.3199389,0.4563035
"Montenegro",2019,0.380539257975,0.096399375779608,0.2588001,0.5061836
"Morocco",2001,0.6991930475,0.0579615144719814,0.6248775,0.7717029
"Morocco",2002,0.67833386575,0.113328103006108,0.5246449,0.8165558
"Morocco",2003,0.66299985775,0.137581745152258,0.47272,0.8325544
"Morocco",2004,0.6494227765,0.14220315090393,0.4527039,0.8243348
"Morocco",2005,0.63529434575,0.140728972566438,0.4450556,0.8138936
"Morocco",2006,0.6260126765,0.11732232714113,0.4688801,0.7753036
"Morocco",2007,0.616270037,0.0528735488908794,0.5482437,0.6839915
"Morocco",2008,0.59132965575,0.121666500485566,0.4255903,0.7461841
"Morocco",2009,0.5713831835,0.12804399469847,0.3961872,0.7372955
"Morocco",2010,0.548574949,0.120221445127267,0.3912873,0.7027951
"Morocco",2011,0.5268075765,0.0538834017594978,0.4560469,0.596941
"Morocco",2012,0.46915042125,0.0850240234145573,0.3592711,0.5797306
"Morocco",2013,0.397366864,0.0523063729689968,0.3305365,0.4662187
"Morocco",2014,0.50626953,0.0909777011308175,0.3890174,0.6227694
"Morocco",2015,0.4463768625,0.10766986964832,0.3067018,0.5875559
"Morocco",2016,0.382186875,0.0472890474613713,0.3215361,0.4444513
"Morocco",2017,0.30283832505,0.0883127871893165,0.1932612,0.4199176
"Morocco",2018,0.224706263025,0.0424337812328915,0.1708714,0.2803082
"Myanmar (Burma)",2015,0.5906431615,0.041053825215589,0.5380899,0.6433559
"Myanmar (Burma)",2016,0.749799199,0.0863007486240569,0.6350116,0.8532158
"Myanmar (Burma)",2017,0.86291875625,0.0576721092253305,0.7853028,0.927878
"Myanmar (Burma)",2018,0.9359044245,0.0148603368871435,0.9160191,0.954333
"Myanmar (Burma)",2019,0.86238579425,0.0493671738541513,0.7968661,0.9195076
"Myanmar (Burma)",2020,0.7538081925,0.0228441176432177,0.7248573,0.7827131
"Netherlands",1974,0.250649838,0.0532114902811954,0.1852416,0.3200535
"Netherlands",1975,0.26136609945,0.103316034524888,0.1403365,0.4022239
"Netherlands",1976,0.265160373025,0.121796162773837,0.1190437,0.4338039
"Netherlands",1977,0.2668155428,0.13074823709769,0.1133235,0.4474193
"Netherlands",1978,0.2635187463,0.123216042192508,0.1205607,0.433869
"Netherlands",1979,0.25720141825,0.10566725983058,0.1321607,0.4047144
"Netherlands",1980,0.246933633325,0.0512675929184418,0.1828162,0.3143119
"Netherlands",1981,0.28597813635,0.112883581133465,0.1528134,0.4398059
"Netherlands",1982,0.3249028465,0.149095395350593,0.1441563,0.5336398
"Netherlands",1983,0.360415652425,0.17533341826091,0.14884,0.611124
"Netherlands",1984,0.393779292575,0.187480226370114,0.1577458,0.6566457
"Netherlands",1985,0.425442725875,0.195292458214542,0.1748052,0.6962939
"Netherlands",1986,0.462342736125,0.196591061930498,0.2004441,0.7330641
"Netherlands",1987,0.498078719025,0.191940688964072,0.2369047,0.7603972
"Netherlands",1988,0.535926599325,0.181593788978697,0.2856286,0.7785239
"Netherlands",1989,0.5700358175,0.159170059899127,0.352744,0.7789183
"Netherlands",1990,0.609691799,0.122225488558307,0.4452631,0.7606606
"Netherlands",1991,0.655486468,0.0336615108248906,0.6128658,0.6986472
"Netherlands",1992,0.63321151075,0.116296086022761,0.479711,0.7776544
"Netherlands",1993,0.617435143,0.146396132665403,0.4177737,0.8011581
"Netherlands",1994,0.600668098225,0.15497496091996,0.3895846,0.79876
"Netherlands",1995,0.582251078425,0.153794248436663,0.3720785,0.7810194
"Netherlands",1996,0.56648586525,0.135175925474158,0.3860337,0.7442174
"Netherlands",1997,0.5540699165,0.0762683094898802,0.453933,0.6507727
"Netherlands",1998,0.581809627,0.109499856608208,0.4356253,0.7215718
"Netherlands",1999,0.61587479725,0.0743829477108376,0.5186414,0.7098195
"Netherlands",2000,0.62442965725,0.107032834975637,0.4800158,0.7609385
"Netherlands",2001,0.640406337,0.0677369096694323,0.5533507,0.7287036
"Netherlands",2002,0.55689445175,0.0687895026875552,0.4689287,0.6465598
"Netherlands",2003,0.34575875625,0.0591399992821281,0.2713193,0.4252777
"Netherlands",2004,0.39707452225,0.0383554827395648,0.3488562,0.4481914
"Netherlands",2005,0.3936034485,0.0373283667759907,0.3447413,0.4415838
"Netherlands",2006,0.31528365525,0.0293030044002337,0.2781424,0.3534878
"Netherlands",2007,0.489738218,0.0390609909909077,0.4399299,0.5402645
"Netherlands",2008,0.47621139825,0.0301172650060727,0.4370204,0.5139202
"Netherlands",2009,0.41298811025,0.0391806883546484,0.3640418,0.4641877
"Netherlands",2010,0.32226449925,0.0360639446305875,0.2766754,0.3702784
"Netherlands",2011,0.38883405625,0.0384949911932946,0.339143,0.4383368
"Netherlands",2012,0.3497146055,0.0300818493655008,0.3115165,0.3885647
"Netherlands",2013,0.2929523365,0.0547503266799173,0.2252284,0.3652926
"Netherlands",2014,0.36767851,0.0630726240773078,0.2873492,0.44844
"Netherlands",2015,0.41145230375,0.0649679569723782,0.328738,0.4978606
"Netherlands",2016,0.44511050425,0.0391525029714412,0.394867,0.4952258
"Netherlands",2017,0.50591746,0.0305857956407406,0.4665036,0.5448509
"Netherlands",2018,0.5878341245,0.0378249044548662,0.5396421,0.6361543
"Netherlands",2019,0.592187566,0.0664508890806515,0.5079857,0.6768104
"Netherlands",2020,0.698803122,0.0675300574445316,0.6090619,0.7847389
"New Zealand",1998,0.20431321075,0.028762419816842,0.1675266,0.2414682
"New Zealand",1999,0.245052084025,0.0944104868422576,0.1345376,0.3756293
"New Zealand",2000,0.28434260935,0.124413442513815,0.1358956,0.4579479
"New Zealand",2001,0.31974282145,0.138308718958262,0.1525279,0.5140605
"New Zealand",2002,0.352792277625,0.136328391507122,0.1848698,0.5409822
"New Zealand",2003,0.38843743815,0.119044753226894,0.2396522,0.5502539
"New Zealand",2004,0.42255113075,0.0374908619391697,0.374143,0.4704134
"New Zealand",2005,0.44008937275,0.126558252144136,0.2813826,0.6101286
"New Zealand",2006,0.452061957075,0.153490299977028,0.2516245,0.6623479
"New Zealand",2007,0.463537474525,0.164507777286656,0.2454137,0.6867725
"New Zealand",2008,0.47476010865,0.164687379200764,0.2587182,0.691852
"New Zealand",2009,0.489092091675,0.151067152781826,0.2880002,0.6944617
"New Zealand",2010,0.500551724,0.125106989079989,0.3367183,0.6627634
"New Zealand",2011,0.513579965,0.0388781215523929,0.4636187,0.5637011
"New Zealand",2012,0.54547907925,0.125273411323527,0.3773821,0.7072059
"New Zealand",2013,0.5763346525,0.150947239696298,0.3733477,0.7721731
"New Zealand",2014,0.60362387275,0.162180797076237,0.3750923,0.8125746
"New Zealand",2015,0.63272041375,0.156613703189131,0.411704,0.8288967
"New Zealand",2016,0.662159664,0.141623741579657,0.463852,0.8352676
"New Zealand",2017,0.69444814475,0.108836118735375,0.5453105,0.8272261
"New Zealand",2018,0.73102981825,0.0334461894258075,0.6873153,0.7729854
"New Zealand",2019,0.64655306475,0.0912472808643268,0.5219999,0.7599573
"New Zealand",2020,0.558059937,0.0395025029815831,0.5074597,0.608022
"Nicaragua",1996,0.4545404305,0.0418179783739899,0.4000898,0.5074133
"Nicaragua",1997,0.441724482,0.119571480684599,0.2858151,0.5992494
"Nicaragua",1998,0.426854290875,0.143842482738606,0.2399542,0.6245877
"Nicaragua",1999,0.414787468525,0.155686157564014,0.2131332,0.6278226
"Nicaragua",2000,0.397513410275,0.145417072790844,0.2144,0.5969734
"Nicaragua",2001,0.379918584775,0.125060930295816,0.2207155,0.5483071
"Nicaragua",2002,0.35578674075,0.0516134487912169,0.2898783,0.4227752
"Nicaragua",2003,0.088271502975,0.0201542358795221,0.0638206,0.1147069
"Nicaragua",2004,0.130848366275,0.0211720310773259,0.1036569,0.1585643
"Nicaragua",2005,0.161909864825,0.0276759746727519,0.1271002,0.1976403
"Nicaragua",2006,0.13542744635,0.0209539489090815,0.1090016,0.1631515
"Nicaragua",2007,0.27265577125,0.0462912388935801,0.2127404,0.3322412
"Nicaragua",2008,0.1788399356,0.0271114515055837,0.1449248,0.2141361
"Nicaragua",2009,0.188335451325,0.0355694978516688,0.1437418,0.2358058
"Nicaragua",2010,0.24051427225,0.0314095313149207,0.20116,0.2811566
"Nicaragua",2011,0.351451492,0.0554975258174173,0.2817056,0.4231126
"Nicaragua",2012,0.43268401125,0.100027515857522,0.3068293,0.5665975
"Nicaragua",2013,0.51407748675,0.056606221052136,0.4418533,0.5870436
"Nicaragua",2014,0.49656161725,0.101543694888598,0.3611502,0.6293692
"Nicaragua",2015,0.47262578125,0.0559946211381012,0.4012067,0.5446204
"Nicaragua",2016,0.4362496755,0.0534027429291116,0.3689163,0.5055999
"Nicaragua",2017,0.400692873,0.0550798354366667,0.33008,0.4730411
"Nicaragua",2018,0.1977953704,0.0389487445971979,0.1489863,0.2496853
"Nicaragua",2019,0.29635797515,0.0836194192974848,0.1901458,0.410961
"Nicaragua",2020,0.4079772185,0.0284629547780432,0.3715381,0.4447286
"Nigeria",1990,0.2423728595,0.0437617901823755,0.1861085,0.2994327
"Nigeria",1991,0.246329391325,0.0949802872383902,0.1328717,0.3791557
"Nigeria",1992,0.24527866,0.110900302214725,0.1165485,0.3950114
"Nigeria",1993,0.23921977135,0.11024509135671,0.1125262,0.3901002
"Nigeria",1994,0.22961299135,0.0924840876587254,0.1207849,0.3580621
"Nigeria",1995,0.2107906649,0.042499350717108,0.1575734,0.265598
"Nigeria",1996,0.26504770065,0.1014214135083,0.1445326,0.4011856
"Nigeria",1997,0.31786526475,0.130511934917036,0.1597512,0.4976067
"Nigeria",1998,0.370048832325,0.140258620093765,0.1914572,0.563449
"Nigeria",1999,0.42349538025,0.124490545324062,0.2641243,0.5929266
"Nigeria",2000,0.48334660875,0.0574292421825161,0.4118725,0.5560298
"Nigeria",2001,0.40438852915,0.120342667946722,0.2525609,0.5665366
"Nigeria",2002,0.332303526675,0.131522683756768,0.169966,0.5160196
"Nigeria",2003,0.26632996535,0.119925936535934,0.1246135,0.4318701
"Nigeria",2004,0.2010360506,0.0835025468253825,0.104806,0.3146579
"Nigeria",2005,0.145292514525,0.0346164668416197,0.1026563,0.1901741
"Nigeria",2006,0.229622740475,0.0897147525929719,0.1282401,0.3499999
"Nigeria",2007,0.333442061675,0.117188803102567,0.1895632,0.4931194
"Nigeria",2008,0.44813210875,0.0980642936368027,0.3232814,0.5777946
"Nigeria",2009,0.4359522482,0.133203446670896,0.2662906,0.6157089
"Nigeria",2010,0.424141228525,0.138169693242878,0.2453248,0.6091015
"Nigeria",2011,0.40643533535,0.117272214108624,0.2580408,0.5610506
"Nigeria",2012,0.38647040525,0.0466164344333878,0.3274838,0.447296
"Nigeria",2013,0.63928081225,0.106575889319612,0.4969539,0.7722981
"Nigeria",2014,0.83118868975,0.0687235199315921,0.74061,0.9087647
"Nigeria",2015,0.937570951,0.0163623130537133,0.916163,0.9571062
"Nigeria",2016,0.823766889,0.0685967340765336,0.7331354,0.903251
"Nigeria",2017,0.6117021475,0.088986555762159,0.4974425,0.7273313
"Nigeria",2018,0.4309970085,0.0566106441809937,0.3595407,0.5029952
"North Macedonia",1998,0.143292648875,0.0311593897770743,0.1034351,0.1841406
"North Macedonia",1999,0.1241342619,0.0548884378037203,0.06338761,0.1948953
"North Macedonia",2000,0.10166300735,0.04738794956159,0.05015257,0.1617712
"North Macedonia",2001,0.0783663846,0.0202195488122837,0.05405147,0.105656
"North Macedonia",2002,0.096444384125,0.0461160967549026,0.04607992,0.1575456
"North Macedonia",2003,0.11285300407,0.0593846135421581,0.04942731,0.1919072
"North Macedonia",2004,0.125454273475,0.0594429145411071,0.05802728,0.2063996
"North Macedonia",2005,0.13424071225,0.0350007749162905,0.09075089,0.1804759
"North Macedonia",2006,0.17211537955,0.0452698979267078,0.1172155,0.2321476
"North Macedonia",2007,0.3646859825,0.0612690224749502,0.2857616,0.4462486
"North Macedonia",2008,0.44956497225,0.0478783667261486,0.3883754,0.5120478
"North Macedonia",2009,0.37315198325,0.082123861199712,0.2680119,0.4798918
"North Macedonia",2010,0.265408572,0.0575397844365232,0.1957076,0.3420537
"North Macedonia",2011,0.38301338325,0.0629297375989559,0.3040104,0.4647396
"North Macedonia",2012,0.3008570979,0.0784161126432225,0.2032529,0.4090822
"North Macedonia",2013,0.32176524125,0.0841736936163508,0.2160793,0.4327731
"North Macedonia",2014,0.338398403525,0.0869416920888643,0.2277963,0.4529064
"North Macedonia",2015,0.2798544841,0.0780958305544601,0.1832666,0.3847478
"North Macedonia",2016,0.25089359475,0.0503473485399806,0.1876716,0.3161405
"North Macedonia",2017,0.305374866175,0.0740368378050731,0.2131682,0.4037736
"North Macedonia",2018,0.31374562875,0.0489401025621844,0.2515957,0.3763371
"North Macedonia",2019,0.309574433925,0.0852960306331811,0.2034247,0.4219677
"Norway",1996,0.63087616075,0.0352090788019288,0.5850789,0.6755037
"Norway",1997,0.619167958,0.120747257493704,0.4566253,0.771206
"Norway",1998,0.611441829025,0.14899221100424,0.4076252,0.8000635
"Norway",1999,0.6044345701,0.169203120723484,0.3687514,0.8208388
"Norway",2000,0.596621541925,0.177373779912601,0.3502306,0.8222625
"Norway",2001,0.592109422275,0.180709517457549,0.340174,0.8227263
"Norway",2002,0.58987554115,0.173648476413863,0.3549514,0.8132678
"Norway",2003,0.587302156,0.159537513103977,0.3724384,0.7886163
"Norway",2004,0.58716434,0.126013561495763,0.4165336,0.7456551
"Norway",2005,0.58593837725,0.0492560563565881,0.5236174,0.6495467
"Norway",2006,0.5902535685,0.0948880591576647,0.4636195,0.7133682
"Norway",2007,0.5971972025,0.0255609693083809,0.5640195,0.6295879
"Norway",2008,0.494936817,0.0377539399491951,0.4457239,0.5429974
"Norway",2009,0.52840531825,0.125797176451538,0.3627272,0.6929627
"Norway",2010,0.5577211522,0.159218346862858,0.3399594,0.7643916
"Norway",2011,0.5857564216,0.177989513095581,0.3378337,0.8119123
"Norway",2012,0.61119784075,0.179986354832142,0.3591098,0.8350664
"Norway",2013,0.638848800625,0.180556810912728,0.3853306,0.8591148
"Norway",2014,0.664552671875,0.171240587778135,0.4271208,0.8692116
"Norway",2015,0.69384550925,0.155528734282774,0.4770673,0.8804226
"Norway",2016,0.7251465305,0.130725607282567,0.5415578,0.8777135
"Norway",2017,0.756578928,0.098544320161554,0.6223772,0.8731357
"Norway",2018,0.79154297675,0.0335364747174226,0.7475197,0.8345995
"Pakistan",2001,0.376851445,0.04496392374362,0.3206246,0.4353366
"Pakistan",2002,0.4187744585,0.116568111927516,0.2697841,0.5716253
"Pakistan",2003,0.45447134875,0.133054319702624,0.2824595,0.6355402
"Pakistan",2004,0.48821476725,0.120116705052781,0.3301371,0.6464759
"Pakistan",2005,0.52517545225,0.0359932240801118,0.4795801,0.5706635
"Pakistan",2006,0.4982897955,0.125938360140099,0.3307874,0.663961
"Pakistan",2007,0.47687912135,0.155057408367685,0.26914,0.6815506
"Pakistan",2008,0.4545227354,0.166273268606422,0.239497,0.685332
"Pakistan",2009,0.434078575025,0.166236231825726,0.2203415,0.6565222
"Pakistan",2010,0.40825820125,0.149385677240311,0.2174216,0.6132024
"Pakistan",2011,0.378670053375,0.119638628811996,0.2265629,0.5383435
"Pakistan",2012,0.34846534575,0.0454246601351381,0.2906185,0.4064405
"Pakistan",2013,0.52384150875,0.0466175278841224,0.4643754,0.5833766
"Pakistan",2014,0.5482704705,0.121616223211168,0.3860561,0.7020667
"Pakistan",2015,0.57327737425,0.140696683896921,0.3831589,0.751568
"Pakistan",2016,0.59271011125,0.139288784325534,0.4032899,0.7722493
"Pakistan",2017,0.6151112075,0.122521064146759,0.4491791,0.76922
"Pakistan",2018,0.6414357355,0.0521735779989819,0.5741716,0.7073984
"Palestinian Territories",2008,0.616201876,0.0565266971812406,0.5430622,0.6876088
"Palestinian Territories",2009,0.5440213465,0.104141986078822,0.4092147,0.6775498
"Palestinian Territories",2010,0.47507626875,0.055494212189738,0.4037103,0.5463081
"Palestinian Territories",2011,0.4605305555,0.10076442093546,0.3286465,0.5943053
"Palestinian Territories",2012,0.44107979725,0.0495260965771248,0.3770086,0.5032532
"Palestinian Territories",2013,0.39628858,0.0454097310246167,0.3393469,0.4545715
"Palestinian Territories",2014,0.41853933025,0.0885221385463766,0.3045371,0.5366137
"Palestinian Territories",2015,0.3230655659,0.096324022291087,0.2036985,0.4558402
"Palestinian Territories",2016,0.23297931435,0.0402189596763297,0.1827436,0.2867466
"Palestinian Territories",2017,0.26892543945,0.0836300203722412,0.1662179,0.3822883
"Palestinian Territories",2018,0.2981888305,0.045765193896403,0.2382546,0.355974
"Panama",1996,0.234516217,0.035144368183895,0.1904909,0.2808075
"Panama",1997,0.231293740075,0.0951274203188692,0.120519,0.3641744
"Panama",1998,0.222844680825,0.112149908806375,0.09659424,0.3775945
"Panama",1999,0.211413876325,0.113694727231013,0.08797268,0.3657305
"Panama",2000,0.196619523525,0.103532724427433,0.0821114,0.3405449
"Panama",2001,0.17779527415,0.0795583155019452,0.08776425,0.2846633
"Panama",2002,0.15534541985,0.0294906551755161,0.1185395,0.1932962
"Panama",2003,0.141200043975,0.0268759104665732,0.1077434,0.1764901
"Panama",2004,0.23850323425,0.0272343803601951,0.2039121,0.273533
"Panama",2005,0.245257876,0.0319823797790394,0.2051953,0.2867376
"Panama",2006,0.37780763975,0.0295054629462052,0.3403876,0.4149734
"Panama",2007,0.2660260405,0.035400359508488,0.2200934,0.3109702
"Panama",2008,0.273525268,0.0270227629388334,0.2395494,0.3078451
"Panama",2009,0.6095170885,0.0431774317105934,0.5535075,0.6640221
"Panama",2010,0.5859196085,0.0306844258072888,0.5457901,0.6249756
"Panama",2011,0.53665745275,0.0439401632993775,0.4800866,0.5927339
"Panama",2012,0.4244761815,0.0983832616571623,0.2971081,0.5547435
"Panama",2013,0.3191679595,0.042988210322867,0.2651836,0.3749215
"Panama",2014,0.284662590925,0.0820334199784924,0.1845797,0.3948628
"Panama",2015,0.2395594285,0.0369619862925216,0.1923265,0.2875209
"Panama",2016,0.14592084885,0.0276294917139726,0.1109973,0.1821909
"Panama",2017,0.129809152925,0.0256386981695127,0.09699587,0.163704
"Panama",2018,0.142325867625,0.0287293007100074,0.1058927,0.1801662
"Paraguay",1995,0.34467898475,0.0453282010617164,0.2869088,0.4036659
"Paraguay",1996,0.3241871885,0.0436526688388311,0.2693657,0.3795804
"Paraguay",1997,0.25895658735,0.100865710113969,0.1408198,0.3969666
"Paraguay",1998,0.204032561325,0.105694363211342,0.08717774,0.3488909
"Paraguay",1999,0.155147527025,0.0901213743510979,0.05897369,0.2790399
"Paraguay",2000,0.11363845105,0.0678046848107349,0.04235113,0.2051481
"Paraguay",2001,0.079647826395,0.0426776444923716,0.03493827,0.1362596
"Paraguay",2002,0.051180785,0.0142906333652008,0.03378794,0.06993715
"Paraguay",2003,0.0765129051,0.0185548391473469,0.05403928,0.100773
"Paraguay",2004,0.27252593675,0.0399485346118435,0.221239,0.3243697
"Paraguay",2005,0.21882784275,0.030841276339357,0.179896,0.2587081
"Paraguay",2006,0.3616945555,0.0351017677595642,0.3171939,0.4066299
"Paraguay",2007,0.1485031785,0.026347203325676,0.1150806,0.1829155
"Paraguay",2008,0.49695496775,0.0358198686859804,0.4515862,0.5440571
"Paraguay",2009,0.6271398605,0.043038636647118,0.5711443,0.681015
"Paraguay",2010,0.673380534,0.0309256079557412,0.6337158,0.7121278
"Paraguay",2011,0.38256103775,0.0408861795695107,0.3301008,0.4348761
"Paraguay",2012,0.334229625,0.0910213205926034,0.2233188,0.4574851
"Paraguay",2013,0.28008486475,0.0381369108906257,0.2311205,0.3285673
"Paraguay",2014,0.28552056795,0.0826435575214786,0.1841714,0.3969226
"Paraguay",2015,0.278888369,0.0344834580412908,0.2350366,0.3228847
"Paraguay",2016,0.20983164775,0.0301836643475578,0.1721025,0.2485631
"Paraguay",2017,0.1319481233,0.0231204406741386,0.1031604,0.1624594
"Paraguay",2018,0.32140577475,0.0402217028230781,0.2691441,0.3736593
"Peru",1995,0.74103220275,0.0385383150362155,0.690714,0.7896677
"Peru",1996,0.495316447,0.0465410606731393,0.4357753,0.5552655
"Peru",1997,0.44616509975,0.121411637919719,0.2924216,0.6050075
"Peru",1998,0.4002449911,0.139293762346584,0.2218676,0.5916979
"Peru",1999,0.3538847049,0.1333022821357,0.1865857,0.5368359
"Peru",2000,0.3061006285,0.105236384124393,0.1785525,0.4503704
"Peru",2001,0.25477116375,0.0331012862472856,0.2116445,0.2970442
"Peru",2002,0.16705475425,0.0283577937997481,0.1305483,0.2036559
"Peru",2003,0.08040545405,0.0175694225167018,0.05885053,0.1043467
"Peru",2004,0.068404502875,0.0153756326761094,0.04948429,0.08903348
"Peru",2005,0.1409270296,0.0207385849390045,0.1149636,0.1681067
"Peru",2006,0.2026360635,0.0230423127456889,0.1729482,0.2322861
"Peru",2007,0.2057970905,0.0293630361472508,0.1689622,0.2441899
"Peru",2008,0.16544165975,0.0203195173429819,0.1396016,0.1914768
"Peru",2009,0.19598534175,0.0284454229484927,0.1604673,0.2332942
"Peru",2010,0.19820527475,0.0224138331866236,0.1695237,0.2267289
"Peru",2011,0.29865947525,0.0361655208532178,0.2527347,0.3449736
"Peru",2012,0.200877513575,0.0295488559863531,0.1639836,0.239455
"Peru",2013,0.21255246625,0.0312646337507775,0.1731298,0.2542728
"Peru",2014,0.193055901175,0.0648248647794198,0.1170097,0.2799382
"Peru",2015,0.16160928785,0.0277093028836991,0.1269912,0.1973886
"Peru",2016,0.138444130425,0.0245246398243131,0.1070338,0.1701396
"Peru",2017,0.142263413675,0.021040349659803,0.1153204,0.1697029
"Peru",2018,0.1272805829,0.0243738404867756,0.09694077,0.1593293
"Philippines",1996,0.61943685625,0.0421205045269461,0.5662099,0.6743488
"Philippines",1997,0.6068820355,0.115130486680356,0.4522622,0.7508657
"Philippines",1998,0.59942069,0.12649928739264,0.4308815,0.7606025
"Philippines",1999,0.59312351825,0.114918437304398,0.4396035,0.739574
"Philippines",2000,0.589204247,0.0413934712184526,0.5341239,0.6419683
"Philippines",2001,0.5365255375,0.041004111117853,0.4840742,0.5896498
"Philippines",2002,0.51793543675,0.0411626435458648,0.4655487,0.5702804
"Philippines",2003,0.58695310725,0.0971296093695137,0.4551278,0.7087157
"Philippines",2004,0.65346652125,0.0369113846904582,0.6052126,0.699833
"Philippines",2005,0.419037187,0.0316101468757646,0.3785925,0.4593231
"Philippines",2006,0.5642580965,0.096582193969042,0.4363668,0.6891014
"Philippines",2007,0.7034823755,0.0348314581549969,0.6586794,0.7486882
"Philippines",2008,0.634707453,0.102877480012738,0.4950312,0.7631926
"Philippines",2009,0.56704112125,0.107573004873044,0.4261727,0.7067927
"Philippines",2010,0.4973647475,0.0430775652671559,0.4415058,0.5528543
"Philippines",2011,0.53954137375,0.0988920451500477,0.4108895,0.6682674
"Philippines",2012,0.58766302725,0.0402568764908022,0.535088,0.6400002
"Philippines",2013,0.525902776,0.0962042499027572,0.4006996,0.6510232
"Philippines",2014,0.4679207345,0.0395900018453654,0.4169994,0.5188402
"Philippines",2015,0.6207454705,0.106507702155019,0.4789307,0.7560166
"Philippines",2016,0.751398437,0.0872889588816088,0.6328892,0.8558879
"Philippines",2017,0.85909437025,0.0273413046587352,0.8228658,0.8931013
"Philippines",2018,0.8155446525,0.0303808742907839,0.7763928,0.8538683
"Philippines",2019,0.65935297375,0.0231482684971828,0.6288387,0.6882218
"Poland",1991,0.4031176725,0.0280286114989734,0.3672557,0.4387115
"Poland",1992,0.410795025575,0.117377466000942,0.2611383,0.5664612
"Poland",1993,0.41364106165,0.144285979213351,0.2246789,0.611235
"Poland",1994,0.41893236795,0.152910943553731,0.2219671,0.6328512
"Poland",1995,0.419443991375,0.144735480873,0.2343032,0.6173905
"Poland",1996,0.423332634,0.118557077871778,0.2704199,0.5828348
"Poland",1997,0.4243767185,0.0361351734255058,0.3778529,0.4701009
"Poland",1998,0.33437307945,0.100705077694186,0.2100438,0.4672893
"Poland",1999,0.257388229275,0.0875391562163802,0.1517236,0.3757781
"Poland",2000,0.18124432925,0.0257671098264153,0.1489996,0.2146964
"Poland",2001,0.23790899565,0.0810215619788324,0.1421038,0.3479367
"Poland",2002,0.29309284925,0.0697480563329301,0.2054557,0.3865539
"Poland",2003,0.18914736795,0.0516548954667331,0.1268139,0.2585077
"Poland",2004,0.1634624752,0.0278846313193182,0.1294122,0.1998094
"Poland",2005,0.1598867852,0.0211245970767025,0.1335636,0.1870857
"Poland",2006,0.121289104975,0.0265082323385201,0.08914512,0.1552796
"Poland",2007,0.195324550575,0.0294663419036769,0.1585817,0.2336738
"Poland",2008,0.215620782,0.0281541469881727,0.1799721,0.2529482
"Poland",2009,0.20674810225,0.0305097622987573,0.1689608,0.2461892
"Poland",2010,0.23011946475,0.0329211958129211,0.1889239,0.2731653
"Poland",2011,0.23988135725,0.0337233314874328,0.1977891,0.2830668
"Poland",2012,0.20055311975,0.025966062710846,0.1671038,0.2349239
"Poland",2013,0.17522988915,0.0463239395855298,0.1192671,0.2377693
"Poland",2014,0.226669826825,0.0582262358050519,0.1543533,0.3043856
"Poland",2015,0.2384318102,0.0570393910325957,0.1660617,0.3136221
"Poland",2016,0.32861209975,0.0399080369450691,0.2783852,0.3809035
"Poland",2017,0.302012989,0.0313904735387128,0.2613936,0.3429585
"Poland",2018,0.49915658,0.0403449388941065,0.4460446,0.5520335
"Poland",2019,0.4366429755,0.0735205755097661,0.3412406,0.5321202
"Poland",2020,0.41528631775,0.0856414661764236,0.3044147,0.5256736
"Portugal",1997,0.585760462,0.0867160689358436,0.4724265,0.6980867
"Portugal",1998,0.5955707945,0.110079395402845,0.449836,0.7364381
"Portugal",1999,0.60997548325,0.074353784937452,0.5134255,0.7045287
"Portugal",2000,0.3940499395,0.0406063863534914,0.3429014,0.4454299
"Portugal",2001,0.457243939,0.0746059497338194,0.3598838,0.5540831
"Portugal",2002,0.44938484275,0.0808705545635425,0.3458201,0.5569309
"Portugal",2003,0.38236400375,0.0750137732258426,0.2886542,0.4797785
"Portugal",2004,0.3597540275,0.0479191061276581,0.2990992,0.4221761
"Portugal",2005,0.27022222975,0.0392267308851496,0.2204502,0.320618
"Portugal",2006,0.2545992405,0.0589505848058926,0.1813086,0.3322078
"Portugal",2007,0.23769106725,0.0368051709582165,0.1917045,0.2867078
"Portugal",2008,0.2417128425,0.0307257298969466,0.2028428,0.2811376
"Portugal",2009,0.169387759825,0.0297500376609306,0.133129,0.2087944
"Portugal",2010,0.120580866,0.0237549665942251,0.09182332,0.152819
"Portugal",2011,0.11178659985,0.0231762322172489,0.08314379,0.1431503
"Portugal",2012,0.088008737325,0.0287545255811846,0.05413231,0.1275446
"Portugal",2013,0.05953779125,0.0210356791227402,0.03462072,0.08687675
"Portugal",2014,0.06840006985,0.0240535644947711,0.04014106,0.1005752
"Portugal",2015,0.1059089629,0.0321273636982577,0.06746931,0.1492754
"Portugal",2016,0.26057005125,0.0396642742768931,0.2116001,0.3134577
"Portugal",2017,0.46574909375,0.0723875387625452,0.3741791,0.5587033
"Portugal",2018,0.4376457585,0.0409429190130419,0.3846786,0.4900463
"Portugal",2019,0.40256677825,0.0708502183947214,0.3116243,0.4950934
"Portugal",2020,0.48390949425,0.0861711392744863,0.369976,0.5936539
"Puerto Rico",1995,0.5578270015,0.0478493313086783,0.4967448,0.6204813
"Puerto Rico",1996,0.5467944065,0.121381190146845,0.3871016,0.7043083
"Puerto Rico",1997,0.536039571125,0.150331023531931,0.3299598,0.7301239
"Puerto Rico",1998,0.53229746025,0.155426490777448,0.3253927,0.7327907
"Puerto Rico",1999,0.525706141,0.150768713436818,0.3200604,0.7202127
"Puerto Rico",2000,0.51802828425,0.124904897970911,0.3545968,0.6822292
"Puerto Rico",2001,0.51224854875,0.0475417236051708,0.4509416,0.5739957
"Puerto Rico",2002,0.4798154545,0.13324333400406,0.303355,0.660444
"Puerto Rico",2003,0.4522476286,0.169045848575578,0.2331295,0.6838326
"Puerto Rico",2004,0.4269057166,0.190401368065556,0.1813051,0.6926349
"Puerto Rico",2005,0.403467612075,0.203524637703278,0.1506376,0.6969945
"Puerto Rico",2006,0.380624199145,0.210431706728943,0.123761,0.6885401
"Puerto Rico",2007,0.3583815695,0.212042206807266,0.1032954,0.6686586
"Puerto Rico",2008,0.3369774592,0.212687835421598,0.0866906,0.6538991
"Puerto Rico",2009,0.3124869626425,0.205223708281864,0.07557469,0.6141224
"Puerto Rico",2010,0.289037453265,0.199478640846147,0.06631337,0.5894065
"Puerto Rico",2011,0.267684580045,0.191011935108868,0.06213517,0.5491111
"Puerto Rico",2012,0.242872648615,0.176277124163184,0.05500321,0.503424
"Puerto Rico",2013,0.22207900478425,0.163600078778314,0.05197518,0.4553294
"Puerto Rico",2014,0.1991817740725,0.145934715639464,0.05073268,0.4056158
"Puerto Rico",2015,0.1766751916,0.124234617017504,0.04973724,0.3500249
"Puerto Rico",2016,0.1530809425425,0.0993799285332091,0.04979378,0.2884387
"Puerto Rico",2017,0.130133412225,0.0681730164062059,0.05701225,0.2227707
"Puerto Rico",2018,0.1069574072,0.0270884027038295,0.07262816,0.14223
"Romania",1990,0.63218324,0.0460434133061791,0.5722755,0.6903657
"Romania",1991,0.56066160125,0.123988729569809,0.3973254,0.7235885
"Romania",1992,0.49722724255,0.156192507274605,0.2902697,0.7031993
"Romania",1993,0.43474624055,0.165759360597131,0.2233821,0.6616608
"Romania",1994,0.3763103983,0.162624911590825,0.1757741,0.6035659
"Romania",1995,0.317013831575,0.141521493054478,0.148759,0.511933
"Romania",1996,0.26199463465,0.112930106634286,0.1299462,0.4190216
"Romania",1997,0.20167983305,0.0559057268798029,0.1334159,0.2754619
"Romania",1998,0.194139593375,0.0303288635287986,0.1559613,0.2331005
"Romania",1999,0.246163980375,0.0921068360074637,0.1342086,0.37138
"Romania",2000,0.300602011475,0.117222107479517,0.1584811,0.4626275
"Romania",2001,0.352390770225,0.118635208228861,0.2047829,0.5132325
"Romania",2002,0.403419744,0.0819412732946881,0.2993605,0.5099494
"Romania",2003,0.38759216325,0.0748000262609731,0.2925673,0.4846113
"Romania",2004,0.38652719,0.0708058991805667,0.2976845,0.4797012
"Romania",2005,0.3030168735,0.0290732989771603,0.265356,0.3394359
"Romania",2006,0.26702363975,0.0484003056080093,0.2063238,0.3328314
"Romania",2007,0.241163454,0.0389594444854972,0.1921481,0.2924237
"Romania",2008,0.20244857325,0.0300254079764485,0.1643446,0.2415591
"Romania",2009,0.1262050955,0.026207560512674,0.09437272,0.1612256
"Romania",2010,0.050458873825,0.0131457305511783,0.03505287,0.06800547
"Romania",2011,0.053686140475,0.0144239578347205,0.03645799,0.07283104
"Romania",2012,0.1372758538,0.0258409773450879,0.1042691,0.1717231
"Romania",2013,0.1367933652,0.0414597466152196,0.08691719,0.1912055
"Romania",2014,0.15982935435,0.0486661498792059,0.09967676,0.2252442
"Romania",2015,0.187507382925,0.0513668690780704,0.1238283,0.255984
"Romania",2016,0.2170831345,0.0370022615840234,0.1703938,0.2656142
"Romania",2017,0.186645657275,0.0512077327747951,0.1237527,0.2557032
"Romania",2018,0.1387236863,0.0263609783842281,0.1057925,0.1737363
"Romania",2019,0.163988087375,0.0474191786524621,0.1065571,0.2273165
"Romania",2020,0.246671979525,0.0769666001595143,0.1537137,0.3474856
"Russia",1991,0.3622482655,0.0407229170947353,0.3105762,0.4146541
"Russia",1992,0.349020153,0.0909840716283384,0.2330537,0.4715799
"Russia",1993,0.33083131,0.0524084306921015,0.26463,0.3983472
"Russia",1994,0.1314263793,0.0199133662265338,0.1054479,0.1577195
"Russia",1995,0.2020504695,0.0306252563243854,0.1635691,0.2425963
"Russia",1996,0.1864907812,0.0737251344420057,0.1005361,0.2866479
"Russia",1997,0.159849413075,0.0637758391683114,0.0857823,0.2477989
"Russia",1998,0.130920512625,0.0232847876381566,0.1018838,0.1614309
"Russia",1999,0.164124769875,0.0735629866442,0.08098219,0.2654589
"Russia",2000,0.1972694846,0.103544215391794,0.08426097,0.3372161
"Russia",2001,0.230957324575,0.12584126627975,0.09225518,0.4021918
"Russia",2002,0.26344234105,0.134099654249991,0.1119346,0.4518206
"Russia",2003,0.292722496925,0.131787464171444,0.1373993,0.4803084
"Russia",2004,0.322247725125,0.112997071184524,0.1829252,0.4739284
"Russia",2005,0.35457621825,0.0463715135519415,0.2946806,0.4139804
"Russia",2006,0.3831075675,0.0363861137734002,0.3367395,0.4282899
"Russia",2007,0.4763387125,0.100251807621043,0.3453335,0.6068601
"Russia",2008,0.57039010575,0.0388426081369453,0.5200421,0.6192638
"Russia",2009,0.587003529,0.0995714170646689,0.4549713,0.7140874
"Russia",2010,0.61071361075,0.0576976064356905,0.5371807,0.6842614
"Russia",2011,0.47272873975,0.0425070395742206,0.4185566,0.5269943
"Russia",2012,0.48713678725,0.101707510320782,0.3563731,0.6195833
"Russia",2013,0.53417427775,0.113518886753635,0.3843883,0.6809003
"Russia",2014,0.731669267,0.0914525124089036,0.6113593,0.8424983
"Russia",2015,0.67158007725,0.108468283070443,0.5260578,0.8093914
"Russia",2016,0.61543335925,0.0577257229071146,0.5403608,0.6874859
"Russia",2017,0.5756840545,0.0401453133366057,0.5228608,0.6269988
"Russia",2018,0.60053972525,0.0483750876460442,0.5383288,0.6609689
"Senegal",2005,0.64289100275,0.0679323930832982,0.5552837,0.7281694
"Senegal",2006,0.6691834675,0.121273425325831,0.5059906,0.8184631
"Senegal",2007,0.69109582875,0.14385345869476,0.4856642,0.8632815
"Senegal",2008,0.71336692225,0.15657093221467,0.4866854,0.8946049
"Senegal",2009,0.7377457005,0.156761686582163,0.5093212,0.9151432
"Senegal",2010,0.76080015075,0.1501167305834,0.5432608,0.9268854
"Senegal",2011,0.7848441275,0.139574056026225,0.584245,0.9337766
"Senegal",2012,0.812297803,0.119679656958176,0.6427439,0.9389172
"Senegal",2013,0.8370930005,0.0979425740671911,0.7022898,0.9400072
"Senegal",2014,0.863666929,0.0664719544863942,0.7758247,0.9369883
"Senegal",2015,0.88846861025,0.0270470699661032,0.853423,0.9216292
"Senegal",2016,0.8330565035,0.0614288322595805,0.7511057,0.9038719
"Senegal",2017,0.7719505835,0.0459609225572019,0.7118794,0.8295088
"Senegal",2018,0.6523429695,0.0492511000281726,0.5885452,0.7144699
"Serbia",1996,0.336513771,0.0450976019034762,0.2790961,0.3948724
"Serbia",1997,0.35768148745,0.111685869761055,0.2193529,0.5076612
"Serbia",1998,0.371993213175,0.127741484937254,0.2106204,0.5433629
"Serbia",1999,0.38197547585,0.119159195580277,0.2300651,0.5400679
"Serbia",2000,0.3895284105,0.078774013027769,0.2897984,0.4920007
"Serbia",2001,0.28790483175,0.0376632153829394,0.2390716,0.3371961
"Serbia",2002,0.18386369895,0.0518686199875573,0.1216136,0.2523332
"Serbia",2003,0.1950291701,0.0805071019281333,0.1022378,0.3075975
"Serbia",2004,0.19742228915,0.0780976920002105,0.1063137,0.3024284
"Serbia",2005,0.193433443375,0.0354831779795739,0.1488831,0.2391625
"Serbia",2006,0.20237237675,0.0279220424569918,0.1665533,0.2382252
"Serbia",2007,0.1498240746,0.0388344868806985,0.102366,0.1998363
"Serbia",2008,0.156865658775,0.0262843169544734,0.1231915,0.1909002
"Serbia",2009,0.1791183723,0.0444323192999305,0.1241501,0.237623
"Serbia",2010,0.15057542,0.0341944969426083,0.1093661,0.195983
"Serbia",2011,0.1030806015,0.0258544916717511,0.07192295,0.1376236
"Serbia",2012,0.119673762925,0.0392841928364332,0.07398921,0.171016
"Serbia",2013,0.186488999925,0.0565415506934508,0.1177902,0.2602278
"Serbia",2014,0.3328980945,0.0781505843251614,0.235334,0.4353014
"Serbia",2015,0.361645317,0.0777303490926391,0.2632773,0.4639451
"Serbia",2016,0.4244626635,0.0523575719804374,0.3579448,0.4920895
"Serbia",2017,0.25112305975,0.0341274044165936,0.2081906,0.2955216
"Serbia",2018,0.3342266695,0.0406412714041847,0.2819968,0.3864326
"Serbia",2019,0.35226590825,0.0822380127415555,0.248129,0.461161
"Singapore",2000,0.86213083575,0.0230257005263131,0.8322362,0.8911058
"Singapore",2001,0.849404423,0.0653796722682941,0.762033,0.9226507
"Singapore",2002,0.8482685515,0.0744106199869115,0.7483996,0.9302527
"Singapore",2003,0.850822304,0.0642923198945911,0.7640764,0.923973
"Singapore",2004,0.859412637,0.0219830899904703,0.8307581,0.8869977
"Singapore",2005,0.8529913825,0.0533014233879874,0.781078,0.9152665
"Singapore",2006,0.86035766225,0.0220265234056355,0.8315387,0.8876429
"Singapore",2007,0.8428370795,0.0668851748508247,0.75118,0.9198961
"Singapore",2008,0.8301206255,0.0866311735996146,0.7083573,0.9251916
"Singapore",2009,0.82088436075,0.0909029699229807,0.6954909,0.9207829
"Singapore",2010,0.8182528005,0.075277665484421,0.7161236,0.9042782
"Singapore",2011,0.81877006525,0.0250104215319493,0.785618,0.8503188
"Singapore",2012,0.7979978815,0.0278055583328407,0.7618375,0.8324532
"Singapore",2013,0.79979125375,0.0663408299328582,0.7101711,0.8779717
"Singapore",2014,0.81520001675,0.0276534313237881,0.7791344,0.8496645
"Singapore",2015,0.811075638,0.0778516602715782,0.7090249,0.9000648
"Singapore",2016,0.81385572275,0.0863308974267528,0.6980887,0.9106366
"Singapore",2017,0.82156033125,0.0747565018412406,0.719683,0.908007
"Singapore",2018,0.8374830425,0.0291758073966001,0.7988321,0.8737749
"Slovakia",1990,0.44295093025,0.0373964678189828,0.3956063,0.4903721
"Slovakia",1991,0.34448304975,0.0381187163306944,0.2964276,0.3935005
"Slovakia",1992,0.3729515065,0.0975185563825376,0.2509584,0.5025382
"Slovakia",1993,0.39490881925,0.0593795599738053,0.3168835,0.4711072
"Slovakia",1994,0.371466150475,0.118288705703492,0.2243342,0.5273284
"Slovakia",1995,0.350157651075,0.128500517275028,0.1925653,0.5226456
"Slovakia",1996,0.324189870925,0.114706218092012,0.1827873,0.4799521
"Slovakia",1997,0.295631148,0.0665556379804434,0.2120349,0.3824666
"Slovakia",1998,0.38967984225,0.0388444226394912,0.3411186,0.439033
"Slovakia",1999,0.331875477475,0.100557606682824,0.2064342,0.4658828
"Slovakia",2000,0.274396432025,0.0928787559071597,0.1641236,0.4025733
"Slovakia",2001,0.21623026725,0.029585687911085,0.1792553,0.2544898
"Slovakia",2002,0.2610483357,0.0614810981935375,0.1849974,0.3426162
"Slovakia",2003,0.2747957952,0.0629275906126367,0.1964862,0.3605328
"Slovakia",2004,0.4411463735,0.0484921637982928,0.3805797,0.5041288
"Slovakia",2005,0.290139983,0.0629685246674433,0.211127,0.3718874
"Slovakia",2006,0.43552534175,0.0579419262368232,0.3620074,0.5105713
"Slovakia",2007,0.4589089515,0.0477307292862753,0.3977484,0.5196473
"Slovakia",2008,0.46309256475,0.0380958683211263,0.4134151,0.5121412
"Slovakia",2009,0.3989063095,0.0458183190756867,0.3414131,0.4576581
"Slovakia",2010,0.42904283075,0.0478214059715298,0.3666255,0.4900435
"Slovakia",2011,0.206883326925,0.0355138776062816,0.1634242,0.2536367
"Slovakia",2012,0.37204827375,0.07496847766948,0.2778166,0.4682629
"Slovakia",2013,0.31979117625,0.0724396711464867,0.2279376,0.4152539
"Slovakia",2014,0.2971883548,0.0682161442486602,0.2124135,0.3868014
"Slovakia",2015,0.357334332,0.0731134971409781,0.2633348,0.4528945
"Slovakia",2016,0.36438897625,0.0445771528052795,0.3075015,0.4210742
"Slovakia",2017,0.29547863525,0.0334571430669634,0.2535322,0.3392376
"Slovakia",2018,0.381491291,0.0385152413049628,0.3323381,0.4322929
"Slovakia",2019,0.31500720825,0.0689996612369337,0.2273044,0.4066619
"Slovakia",2020,0.31988827175,0.0805228224848809,0.2180505,0.4266643
"Slovenia",1991,0.5256733885,0.0319392749955424,0.4844359,0.5669684
"Slovenia",1992,0.49856368,0.116185962859562,0.3456382,0.6494932
"Slovenia",1993,0.47341105385,0.132717709586813,0.2964354,0.6508869
"Slovenia",1994,0.449377856,0.117280603548483,0.2986276,0.6033604
"Slovenia",1995,0.41795351775,0.0410563145028731,0.3666167,0.4713929
"Slovenia",1996,0.351484121475,0.0979043396166995,0.2311317,0.4835038
"Slovenia",1997,0.2845670944,0.0665910152187636,0.2017059,0.3706158
"Slovenia",1998,0.264266241675,0.0827503268970198,0.1623977,0.3728303
"Slovenia",1999,0.23487707425,0.0304385652719406,0.1960771,0.27515
"Slovenia",2000,0.285391582525,0.0940314390211042,0.1690591,0.4131791
"Slovenia",2001,0.333433470475,0.108834555341015,0.197233,0.4817513
"Slovenia",2002,0.377531561,0.0778550921681133,0.2769147,0.4781067
"Slovenia",2003,0.36727118875,0.0690676660744365,0.2811314,0.458431
"Slovenia",2004,0.40132212175,0.0389097439273642,0.3534594,0.4509473
"Slovenia",2005,0.31413249775,0.0329528401213994,0.2719162,0.3566764
"Slovenia",2006,0.38213997475,0.0472468515531462,0.3215263,0.4439056
"Slovenia",2007,0.309298771,0.0327089167702268,0.267311,0.3508218
"Slovenia",2008,0.3700019185,0.0336731017771259,0.3267862,0.4123821
"Slovenia",2009,0.27642173925,0.0308721372439334,0.2373765,0.3157855
"Slovenia",2010,0.177280362975,0.0249314024539975,0.1455543,0.2104363
"Slovenia",2011,0.124354934175,0.0177273040356396,0.1019815,0.1472785
"Slovenia",2012,0.114918444925,0.0358542787799157,0.07180841,0.1621932
"Slovenia",2013,0.0759063636,0.0265015342331862,0.04484597,0.1110383
"Slovenia",2014,0.077427568325,0.0258472446760446,0.04717693,0.112031
"Slovenia",2015,0.1181911358,0.0362152628850681,0.07470815,0.1655503
"Slovenia",2016,0.17026490805,0.0244603158569881,0.1392827,0.2014498
"Slovenia",2017,0.18196079,0.0250131409817988,0.1501828,0.2144053
"Slovenia",2018,0.24190998675,0.0307055638879584,0.2029033,0.2820175
"Slovenia",2019,0.286666427,0.0617196672696852,0.2071824,0.3679937
"Slovenia",2020,0.24392973205,0.0655261042060434,0.1633977,0.3311355
"South Africa",1996,0.78792631175,0.0406746632477472,0.7348034,0.8393067
"South Africa",1997,0.76394218275,0.0950353141247112,0.6332511,0.8764149
"South Africa",1998,0.74678955825,0.115685881526277,0.5802489,0.8795443
"South Africa",1999,0.7345712145,0.119392038914909,0.5684035,0.8759592
"South Africa",2000,0.72187345125,0.104775634294286,0.5782292,0.8464635
"South Africa",2001,0.71521391625,0.044201790255907,0.6587052,0.7716513
"South Africa",2002,0.69973036775,0.103394351915818,0.5596232,0.8249065
"South Africa",2003,0.690954279,0.117303672845823,0.5290904,0.8308368
"South Africa",2004,0.68814238225,0.105570993128961,0.5442922,0.819076
"South Africa",2005,0.68895472125,0.0506490668755396,0.6246493,0.7534794
"South Africa",2006,0.7800895735,0.0371422088734784,0.7308679,0.8261847
"South Africa",2007,0.739286928,0.10401944526371,0.5974101,0.8621851
"South Africa",2008,0.70209270425,0.133573433357363,0.5189476,0.8612976
"South Africa",2009,0.663355852,0.151869374600515,0.4504491,0.8521701
"South Africa",2010,0.62535533495,0.160273806384178,0.4053422,0.8278951
"South Africa",2011,0.587168934,0.153749870819424,0.3740034,0.7827851
"South Africa",2012,0.549848168,0.127838336255125,0.3777709,0.712913
"South Africa",2013,0.5087081245,0.0522473872666141,0.4421128,0.5763943
"South Africa",2014,0.656462514,0.0942966652011104,0.5298974,0.7743604
"South Africa",2015,0.7848801605,0.0410364347246318,0.7312342,0.8363543
"South Africa",2016,0.65374425825,0.0963479355524333,0.5226192,0.7741345
"South Africa",2017,0.50402083375,0.0645149807454187,0.4194757,0.5873326
"South Africa",2018,0.45007356525,0.0595678869486581,0.3740283,0.5282019
"South Korea",1996,0.45971957075,0.0378065884621422,0.4115948,0.5088736
"South Korea",1997,0.396370244025,0.11455993526174,0.2504897,0.5501649
"South Korea",1998,0.336708937225,0.121020530582166,0.1889887,0.5015138
"South Korea",1999,0.27657493965,0.098038366452467,0.1571319,0.4106452
"South Korea",2000,0.2139377135,0.0282324036581371,0.1784243,0.2512939
"South Korea",2001,0.32945443625,0.0328998747975408,0.2874811,0.3719827
"South Korea",2002,0.308008069375,0.0858289386442736,0.2029305,0.424811
"South Korea",2003,0.27679264275,0.0307883232491028,0.2376017,0.3168589
"South Korea",2004,0.2363817545,0.0290605355478493,0.1982259,0.2747955
"South Korea",2005,0.4174996535,0.0277261001397903,0.3831871,0.4528051
"South Korea",2006,0.2286308895,0.02729837689393,0.1944059,0.2635841
"South Korea",2007,0.332785960225,0.0948046861190996,0.2141022,0.4562644
"South Korea",2008,0.447768546,0.0857490090290072,0.3387326,0.5609407
"South Korea",2009,0.45657213525,0.106217421382567,0.317633,0.5952973
"South Korea",2010,0.46616476775,0.0373169574370004,0.4183915,0.5144565
"South Korea",2011,0.25120882275,0.0305854053761404,0.212862,0.2912768
"South Korea",2012,0.274056215675,0.0971206014184506,0.1550558,0.4065435
"South Korea",2013,0.292537025425,0.109926652018259,0.1574257,0.443885
"South Korea",2014,0.307471562275,0.100875897291648,0.1833952,0.4425359
"South Korea",2015,0.3166998175,0.0339056695636044,0.2738757,0.360627
"South Korea",2016,0.334255938025,0.0939577439376199,0.2182534,0.4581041
"South Korea",2017,0.34172681675,0.0763202455848722,0.2443349,0.4415572
"South Korea",2018,0.5350979855,0.0383275048424907,0.4854859,0.5845795
"Spain",1985,0.365633794,0.0773422489452759,0.2672257,0.466903
"Spain",1986,0.354736336725,0.126440905739183,0.1980518,0.5279229
"Spain",1987,0.34308134445,0.138126098476188,0.1716102,0.5347309
"Spain",1988,0.33082020915,0.129638123677827,0.1724445,0.5096595
"Spain",1989,0.31512908865,0.104020106675135,0.1858161,0.4564235
"Spain",1990,0.2913995265,0.0373580492458541,0.2443449,0.3388031
"Spain",1991,0.304253324925,0.104755922869509,0.1779622,0.4464655
"Spain",1992,0.3108459527,0.12535245451616,0.1597297,0.4874247
"Spain",1993,0.31538657205,0.127063729572542,0.1611835,0.4925381
"Spain",1994,0.3155909228,0.107888640799746,0.1842178,0.4594279
"Spain",1995,0.30681626675,0.0364285923496193,0.2607767,0.3535047
"Spain",1996,0.43353469725,0.0402564491517217,0.3829093,0.4844966
"Spain",1997,0.3575218435,0.0624905353787035,0.2783772,0.438796
"Spain",1998,0.4820473415,0.042516456129278,0.4280561,0.5360597
"Spain",1999,0.51835074425,0.068371696370245,0.430429,0.6060133
"Spain",2000,0.45016752125,0.03996355546322,0.3990358,0.5015454
"Spain",2001,0.5379486075,0.068644268489613,0.4481873,0.6266998
"Spain",2002,0.4427887875,0.0370425360526739,0.3939421,0.4910366
"Spain",2003,0.428192247,0.0374351077152371,0.3806038,0.4776384
"Spain",2004,0.5534066885,0.0248376393706577,0.5225469,0.5850037
"Spain",2005,0.43636825375,0.042279501140837,0.3816621,0.4911911
"Spain",2006,0.45142781725,0.0371779558928668,0.4039886,0.4989465
"Spain",2007,0.44728276575,0.0240463838192788,0.4161656,0.4776669
"Spain",2008,0.42752718775,0.0362327886843735,0.3809839,0.4744174
"Spain",2009,0.2870640115,0.0223922644579273,0.2581872,0.3163275
"Spain",2010,0.17678948675,0.0196577828478429,0.1516188,0.2023411
"Spain",2011,0.1690541935,0.0192547038565699,0.1447027,0.1940312
"Spain",2012,0.070226631725,0.0231006725173714,0.04228019,0.1013451
"Spain",2013,0.0423488981025,0.0158251575844417,0.02447057,0.06328188
"Spain",2014,0.04685143203,0.0176570370698026,0.02664966,0.07044963
"Spain",2015,0.0695409801,0.0234443519903533,0.04223849,0.100845
"Spain",2016,0.13759580905,0.0196098467248677,0.1129558,0.163443
"Spain",2017,0.154943968425,0.0248991289025284,0.1232835,0.1871193
"Spain",2018,0.162575952475,0.0281074211692043,0.1269924,0.1996705
"Spain",2019,0.1280348946,0.0383958906016406,0.08145038,0.1781685
"Spain",2020,0.14824799785,0.0516818443397658,0.08650399,0.2162732
"Sri Lanka",2003,0.47748607925,0.0500811249616342,0.4127535,0.5409575
"Sri Lanka",2004,0.51052241775,0.100256285795214,0.3788671,0.6411238
"Sri Lanka",2005,0.5482134525,0.0461256539316453,0.4886828,0.6066528
"Sri Lanka",2006,0.56514424725,0.12645803729944,0.3926373,0.7291575
"Sri Lanka",2007,0.5788622701,0.153432458139201,0.3687762,0.7735216
"Sri Lanka",2008,0.595175914,0.165356964411575,0.3672201,0.8079705
"Sri Lanka",2009,0.60996197175,0.170884532365928,0.3727753,0.8264135
"Sri Lanka",2010,0.62834713425,0.161786840996528,0.4037989,0.8287487
"Sri Lanka",2011,0.6462324325,0.146246932199615,0.44522,0.8246971
"Sri Lanka",2012,0.6657233675,0.116287359563819,0.5067303,0.8069371
"Sri Lanka",2013,0.68806597825,0.0419843021640628,0.6340567,0.741425
"Sri Lanka",2014,0.66946135325,0.111146620969556,0.5209174,0.8073027
"Sri Lanka",2015,0.65489769125,0.131589361240354,0.4730708,0.8185849
"Sri Lanka",2016,0.64397080775,0.134401027931454,0.4613559,0.8120269
"Sri Lanka",2017,0.63475944675,0.115423942263688,0.4762713,0.7799823
"Sri Lanka",2018,0.62852021275,0.049290142866327,0.5650021,0.6897839
"Sudan",2010,0.60921075825,0.0620284427721024,0.528711,0.6873927
"Sudan",2011,0.52432670925,0.116694055851262,0.3736417,0.6765087
"Sudan",2012,0.4397230075,0.116979213978583,0.2886037,0.5947018
"Sudan",2013,0.3530954205,0.0551529812435528,0.2845339,0.4251924
"Sudan",2014,0.343302886325,0.116443914109558,0.2006924,0.5023105
"Sudan",2015,0.3295067976,0.133409313664163,0.1670012,0.5133303
"Sudan",2016,0.313721351525,0.129882764324211,0.15807,0.4966233
"Sudan",2017,0.2970376503,0.109651061273943,0.1629543,0.4454718
"Sudan",2018,0.27121110475,0.0446607506377654,0.213833,0.3280809
"Sweden",1996,0.434774856,0.036487692449007,0.3889343,0.4814082
"Sweden",1997,0.55088927,0.070701954182398,0.4593311,0.642244
"Sweden",1998,0.43401339325,0.107504404630324,0.2980178,0.5783604
"Sweden",1999,0.32163110275,0.0638321383419005,0.2398764,0.406365
"Sweden",2000,0.3057965455,0.033659474631581,0.2627912,0.3490482
"Sweden",2001,0.477871443,0.0687036511204614,0.3902588,0.5673792
"Sweden",2002,0.538968442,0.0725202199838724,0.4450036,0.6328267
"Sweden",2003,0.460993587,0.0670123398981567,0.3737027,0.5469874
"Sweden",2004,0.47017633675,0.0329437436999742,0.4282977,0.5110866
"Sweden",2005,0.33214700125,0.059539675352428,0.2561122,0.4108523
"Sweden",2006,0.4294431915,0.0333941876395482,0.3877391,0.4725633
"Sweden",2007,0.5817116265,0.0334175796957855,0.5380092,0.6255358
"Sweden",2008,0.5519977045,0.0670879692104693,0.465884,0.637962
"Sweden",2009,0.5973875475,0.0282412441007799,0.5621498,0.6336891
"Sweden",2010,0.7072513165,0.0271014150115494,0.6733737,0.7424408
"Sweden",2011,0.643859596,0.027377161210081,0.6090329,0.6791981
"Sweden",2012,0.633706289,0.0666704739638404,0.5459987,0.7174768
"Sweden",2013,0.62429083825,0.069247265688516,0.5337958,0.7111237
"Sweden",2014,0.607518023,0.071946198596306,0.5152415,0.6984087
"Sweden",2015,0.57913563325,0.0688268825461535,0.4895859,0.6649172
"Sweden",2016,0.6096164625,0.0331357770747448,0.5667927,0.6516557
"Sweden",2017,0.59573475825,0.0295339575764634,0.5577017,0.632389
"Sweden",2018,0.65891857475,0.0373252714109809,0.6112013,0.7064145
"Sweden",2019,0.65036804825,0.0673420613443816,0.5615177,0.7338648
"Sweden",2020,0.67525140675,0.0737508249749718,0.5803434,0.7682959
"Switzerland",1976,0.7425741675,0.037029740759552,0.6938822,0.7895897
"Switzerland",1977,0.718691399,0.112211703498447,0.5617727,0.8550046
"Switzerland",1978,0.7004841435,0.149022921985818,0.4896226,0.8803166
"Switzerland",1979,0.68372196075,0.173039235089219,0.437604,0.8888925
"Switzerland",1980,0.670057794425,0.190808375513893,0.3936746,0.892159
"Switzerland",1981,0.657486013325,0.207560501115011,0.3492189,0.9016568
"Switzerland",1982,0.645662299675,0.219489780344716,0.3216155,0.9065659
"Switzerland",1983,0.633867328175,0.224888609503158,0.3054002,0.9065486
"Switzerland",1984,0.624024163825,0.230406786439511,0.2808913,0.9050589
"Switzerland",1985,0.6096677538,0.236616195949032,0.2643526,0.9032738
"Switzerland",1986,0.597928722,0.239950417948284,0.2480914,0.9008787
"Switzerland",1987,0.5874245356,0.238196845356393,0.2385521,0.8906739
"Switzerland",1988,0.578200672675,0.238813766825445,0.2291851,0.8803478
"Switzerland",1989,0.56979627535,0.236552583069666,0.2300751,0.8758889
"Switzerland",1990,0.560368068725,0.231826192728182,0.226855,0.8634281
"Switzerland",1991,0.550448540825,0.22396181089931,0.2369627,0.8434332
"Switzerland",1992,0.5415817113475,0.212124756046017,0.2474807,0.8166187
"Switzerland",1993,0.5308165602175,0.197714143511775,0.2563976,0.7888115
"Switzerland",1994,0.520485261325,0.173864656572715,0.2849131,0.7499494
"Switzerland",1995,0.50842821225,0.136673196206707,0.3261711,0.6892746
"Switzerland",1996,0.4949865325,0.0399626254875841,0.4432862,0.5455154
"Switzerland",1997,0.518563727725,0.129432307005536,0.3486129,0.6840349
"Switzerland",1998,0.5413321723,0.164924476076572,0.3198705,0.7531615
"Switzerland",1999,0.562193353175,0.179648898331694,0.3079954,0.7962587
"Switzerland",2000,0.582937072875,0.180305312534776,0.3287105,0.8129016
"Switzerland",2001,0.60499746605,0.17761705471299,0.3536938,0.8292518
"Switzerland",2002,0.6293668368,0.171188374545605,0.3823423,0.8395194
"Switzerland",2003,0.6515142735,0.149609998931454,0.4463926,0.8302989
"Switzerland",2004,0.677532097,0.117506401219067,0.5182875,0.8226691
"Switzerland",2005,0.70609341475,0.0406187373569003,0.6528889,0.7572953
"Switzerland",2006,0.66635579975,0.0896778649632408,0.5462853,0.777113
"Switzerland",2007,0.63628381775,0.0345914900970068,0.5919174,0.6797512
"Switzerland",2008,0.604929118,0.0357518719411851,0.55901,0.6507668
"Switzerland",2009,0.60653570025,0.124699457371095,0.4362319,0.7633061
"Switzerland",2010,0.6081461375,0.155578169391171,0.3929022,0.8005932
"Switzerland",2011,0.61367349355,0.166581357948867,0.3845894,0.8226879
"Switzerland",2012,0.617789708625,0.175551214501864,0.3717667,0.8366499
"Switzerland",2013,0.62344118885,0.1762243547124,0.3787453,0.8410826
"Switzerland",2014,0.632960733,0.167348183030255,0.3985461,0.844118
"Switzerland",2015,0.6448373435,0.152015013657684,0.4357459,0.8357131
"Switzerland",2016,0.65443821625,0.117870590509908,0.4970999,0.8000444
"Switzerland",2017,0.66818549825,0.0349709352684895,0.6227911,0.7134147
"Switzerland",2018,0.81918071025,0.0284816647678604,0.7822905,0.8544912
"Tajikistan",2005,0.8028583825,0.0317424683890928,0.761814,0.8426784
"Tajikistan",2006,0.9829414005,0.0058403662539343,0.9752232,0.9898992
"Tajikistan",2007,0.98334347125,0.01004741815884,0.9706306,0.9931855
"Tajikistan",2008,0.98469602725,0.0104951909171107,0.9713092,0.9945384
"Tajikistan",2009,0.98671470125,0.00847635496212019,0.9760843,0.9949861
"Tajikistan",2010,0.9893995895,0.00407885219041921,0.9839737,0.9940718
"Tajikistan",2011,0.9884237565,0.00754453437963267,0.9789455,0.9956762
"Tajikistan",2012,0.98784049275,0.0093985964512932,0.9766637,0.99622
"Tajikistan",2013,0.98764304925,0.00997416882553451,0.9747684,0.996589
"Tajikistan",2014,0.9882857055,0.00880390257831274,0.9772241,0.9964051
"Tajikistan",2015,0.989138989,0.00693674276601991,0.9803815,0.9960146
"Tajikistan",2016,0.99049647275,0.00368438855999509,0.9857013,0.9947051
"Tajikistan",2017,0.97980008475,0.0119309884714362,0.964677,0.9916981
"Tajikistan",2018,0.9594723085,0.0254266000769607,0.9270704,0.9844213
"Tajikistan",2019,0.9268885605,0.0362852528755747,0.8792244,0.9653766
"Tajikistan",2020,0.87579636975,0.0175673247537377,0.85304,0.8977721
"Tanzania",2001,0.9478984525,0.0194539662950232,0.9221365,0.9714234
"Tanzania",2002,0.93994199,0.0382712833438349,0.8900836,0.9786218
"Tanzania",2003,0.9322222735,0.0534915777169254,0.8649321,0.9824183
"Tanzania",2004,0.92567373775,0.0659798447636605,0.8433209,0.9836047
"Tanzania",2005,0.92103581025,0.0737517495731662,0.8278321,0.9837933
"Tanzania",2006,0.91468588,0.0858932916504442,0.8140321,0.984994
"Tanzania",2007,0.91117677325,0.0885055496929793,0.7988341,0.9849991
"Tanzania",2008,0.90807269675,0.0926754789545307,0.7939772,0.983988
"Tanzania",2009,0.9049605755,0.09436796625091,0.7882496,0.9834651
"Tanzania",2010,0.904272976,0.0900518852489144,0.7891216,0.9823022
"Tanzania",2011,0.9046426985,0.0851933169993687,0.7963314,0.9803161
"Tanzania",2012,0.906469733,0.0768478457008421,0.8066833,0.9772711
"Tanzania",2013,0.909133216,0.0653122396465414,0.8233088,0.9727245
"Tanzania",2014,0.913806289,0.0481939201748512,0.8498326,0.964259
"Tanzania",2015,0.91899376625,0.0222245174554622,0.8890604,0.9466102
"Tanzania",2016,0.93257791975,0.0299439339320444,0.8922277,0.9659517
"Tanzania",2017,0.950420557,0.0146385422332427,0.9309717,0.9681623
"Tanzania",2018,0.956140414,0.0136528219523078,0.9382565,0.9725919
"Thailand",2000,0.2923302625,0.0391832291000533,0.2434898,0.343769
"Thailand",2001,0.51429190375,0.098139693895997,0.3838147,0.644199
"Thailand",2002,0.7249554535,0.033826701894289,0.6812435,0.7686618
"Thailand",2003,0.860777677,0.0232176833383215,0.8304216,0.889689
"Thailand",2004,0.86130390375,0.0218670645216313,0.8324922,0.8886364
"Thailand",2005,0.6335515785,0.0441589669528559,0.5752888,0.6897332
"Thailand",2006,0.63102807225,0.0365394418389294,0.5841237,0.6778966
"Thailand",2007,0.50538738175,0.0364817834714098,0.4594603,0.5527072
"Thailand",2008,0.3268453175,0.0429063935761574,0.2715248,0.3820311
"Thailand",2009,0.43459353425,0.0977681994858653,0.3105571,0.5647491
"Thailand",2010,0.5478207975,0.0429171497703435,0.4920563,0.6046095
"Thailand",2011,0.54820937975,0.112414848837041,0.3994532,0.6918911
"Thailand",2012,0.55028593625,0.109058328093559,0.4080086,0.6913335
"Thailand",2013,0.55499235525,0.0468999177796666,0.494167,0.6137431
"Thailand",2014,0.6412791985,0.0387821916322112,0.590563,0.6907036
"Thailand",2015,0.642295603,0.111863595162307,0.4919286,0.7814653
"Thailand",2016,0.65150774375,0.122091402260401,0.4864712,0.8049235
"Thailand",2017,0.66411239675,0.107637735117184,0.5205535,0.7971212
"Thailand",2018,0.67992256225,0.0408060471649293,0.6276531,0.7308203
"Tunisia",2011,0.60785286525,0.0548233874107336,0.5371239,0.6755391
"Tunisia",2012,0.3452131565,0.0774642836817465,0.2494175,0.4476197
"Tunisia",2013,0.1855466553,0.0387018011445067,0.1380658,0.236433
"Tunisia",2014,0.29710570505,0.0806565699184684,0.197083,0.405995
"Tunisia",2015,0.242663146425,0.0833289391265272,0.1425778,0.3580594
"Tunisia",2016,0.191595490625,0.0426941853652405,0.1399094,0.2484487
"Tunisia",2017,0.0972758583,0.0276161578995256,0.06451866,0.133975
"Tunisia",2018,0.08556697345,0.0247026373323596,0.05526097,0.1181274
"Tunisia",2019,0.0518671160175,0.0177623090989676,0.03067343,0.07611554
"Turkey",1990,0.47844727025,0.0616919914817754,0.3982012,0.558086
"Turkey",1991,0.47629531675,0.12638928689266,0.3119301,0.6405271
"Turkey",1992,0.47327411535,0.150331398114826,0.278376,0.6771471
"Turkey",1993,0.472372647725,0.154875934936857,0.2715699,0.6815923
"Turkey",1994,0.471514786175,0.152854685272254,0.2701253,0.6784733
"Turkey",1995,0.469861619175,0.131440603659173,0.3004602,0.6475226
"Turkey",1996,0.466824175,0.0626140132465735,0.3870544,0.5481306
"Turkey",1997,0.45133973745,0.128316123017651,0.284802,0.6203178
"Turkey",1998,0.43923057735,0.146969303130789,0.2467614,0.6391661
"Turkey",1999,0.423766667025,0.144512663672063,0.236338,0.6190147
"Turkey",2000,0.4084374683,0.125122681553122,0.249278,0.5778953
"Turkey",2001,0.38913433075,0.0587804543510663,0.3140943,0.4643522
"Turkey",2002,0.481498067,0.0861272361254044,0.3708125,0.5936913
"Turkey",2003,0.741563679,0.0699991971548391,0.6473685,0.8279911
"Turkey",2004,0.82294190325,0.0534950434581844,0.7532647,0.8861097
"Turkey",2005,0.71452093675,0.0502295252731403,0.6494152,0.7786319
"Turkey",2006,0.69412556825,0.0561519441948991,0.6217431,0.7639095
"Turkey",2007,0.65768786175,0.0337907023449111,0.6138633,0.7002057
"Turkey",2008,0.5281044755,0.0547704917545951,0.457255,0.5989806
"Turkey",2009,0.54101801425,0.0507619230322053,0.4758963,0.6066353
"Turkey",2010,0.64154043875,0.0591479178641875,0.5644019,0.7170558
"Turkey",2011,0.56318164425,0.0509482800559976,0.4983936,0.6280759
"Turkey",2012,0.60947323525,0.0488807342461938,0.546824,0.6720753
"Turkey",2013,0.4179224025,0.0818600683931568,0.3158481,0.5263345
"Turkey",2014,0.431520412,0.0865508735396088,0.3222717,0.5456932
"Turkey",2015,0.473946534,0.0835533553892483,0.3654526,0.5837285
"Turkey",2016,0.5059798875,0.0465140709712117,0.447139,0.565205
"Turkey",2017,0.61444311825,0.0753477918272564,0.5162109,0.7131996
"Turkey",2018,0.68636702625,0.0426774061456456,0.6311505,0.7403195
"Turkey",2019,0.605962767,0.0864919097656882,0.4930713,0.7166021
"Uganda",2001,0.88305880625,0.0292828046765784,0.8445303,0.9189548
"Uganda",2002,0.873388847,0.0637608987882242,0.7895039,0.9432811
"Uganda",2003,0.8647132325,0.0874355023058988,0.7410106,0.9542061
"Uganda",2004,0.85779005525,0.104945095552355,0.7190761,0.9611914
"Uganda",2005,0.85323,0.11480525966695,0.7045272,0.9640829
"Uganda",2006,0.8502385135,0.121341689673766,0.6836723,0.9666296
"Uganda",2007,0.8472883595,0.128510616990436,0.6705431,0.9681908
"Uganda",2008,0.84709028375,0.129663229063355,0.656056,0.9689641
"Uganda",2009,0.8490184245,0.127075023628374,0.6750935,0.9672274
"Uganda",2010,0.85097469375,0.122671284814866,0.6805651,0.9672915
"Uganda",2011,0.854520871,0.114382714572761,0.6946548,0.9644445
"Uganda",2012,0.85878742625,0.104953090245929,0.7179473,0.9618597
"Uganda",2013,0.865285625,0.0880097411943311,0.7499441,0.9544264
"Uganda",2014,0.87278913175,0.0652266448227839,0.7865844,0.9445603
"Uganda",2015,0.88139343975,0.0303451756542328,0.8419211,0.9192434
"Uganda",2016,0.8229390505,0.0739504661714901,0.7216781,0.9085657
"Uganda",2017,0.7566556605,0.0912218521185946,0.6310714,0.8696724
"Uganda",2018,0.68544280725,0.0562390410357675,0.6112572,0.7577609
"Ukraine",1991,0.2773481425,0.0394680534055975,0.2276034,0.3280089
"Ukraine",1992,0.2665245156,0.0826885510344856,0.1641085,0.3775667
"Ukraine",1993,0.24375981315,0.0512254428310071,0.1806747,0.3118008
"Ukraine",1994,0.290899933775,0.0995749703692105,0.1703015,0.4244723
"Ukraine",1995,0.33169670205,0.100584254977924,0.2076615,0.4655325
"Ukraine",1996,0.37171946175,0.0408651150543852,0.3191179,0.4240082
"Ukraine",1997,0.22729190495,0.0721942627922303,0.1400717,0.322213
"Ukraine",1998,0.120256509925,0.0221452684285425,0.09234663,0.1499495
"Ukraine",1999,0.16743689485,0.0750972083586873,0.08295688,0.2698177
"Ukraine",2000,0.223469588125,0.115190723288545,0.0949973,0.3842144
"Ukraine",2001,0.280058456175,0.138317724662847,0.1163868,0.4751089
"Ukraine",2002,0.340659880875,0.150832811076393,0.1547929,0.5564856
"Ukraine",2003,0.4084354817,0.144703658981404,0.2229441,0.6046882
"Ukraine",2004,0.48082084775,0.12593574527245,0.3149614,0.646368
"Ukraine",2005,0.55698010025,0.0541192886522981,0.4871199,0.6259313
"Ukraine",2006,0.25307675975,0.0336705967018049,0.211076,0.2973406
"Ukraine",2007,0.240042070225,0.0736244294307683,0.151928,0.3393039
"Ukraine",2008,0.213665685,0.0264639483704362,0.1797505,0.2471252
"Ukraine",2009,0.283717274575,0.0828763389704744,0.1807104,0.3959877
"Ukraine",2010,0.3515340725,0.0578821934320509,0.2798081,0.4264885
"Ukraine",2011,0.20485901025,0.0310601589378815,0.16552,0.2459852
"Ukraine",2012,0.153711834225,0.0590453049437838,0.08618858,0.2348008
"Ukraine",2013,0.21797521445,0.084032765825853,0.1196432,0.332475
"Ukraine",2014,0.3088336243,0.101850131105787,0.184593,0.4471682
"Ukraine",2015,0.256740524725,0.0928808477561386,0.1426906,0.3869507
"Ukraine",2016,0.200611695875,0.0455359255154939,0.1440177,0.2616618
"Ukraine",2017,0.14601297845,0.0550285319673625,0.08236224,0.2202747
"Ukraine",2018,0.097483326425,0.0207221854458362,0.07175457,0.1252274
"Ukraine",2019,0.132084431375,0.0492281284363397,0.07566037,0.1975618
"Ukraine",2020,0.162751824675,0.0297813798571223,0.1251866,0.2011397
"United Kingdom",1973,0.2828226955,0.0546746683302015,0.2153239,0.3536686
"United Kingdom",1974,0.279245457,0.112204412826862,0.1469684,0.4347327
"United Kingdom",1975,0.2769668833,0.139812611939356,0.1144319,0.4703753
"United Kingdom",1976,0.2705925437625,0.153111850850585,0.09634334,0.4859402
"United Kingdom",1977,0.2634038604025,0.160896268794187,0.08377304,0.497174
"United Kingdom",1978,0.252455691745,0.161001040511484,0.07561392,0.482687
"United Kingdom",1979,0.243599448065,0.160946014667204,0.06833147,0.4745989
"United Kingdom",1980,0.231769998775,0.155524308255672,0.06418172,0.4602603
"United Kingdom",1981,0.2151202777,0.143149188953594,0.06043256,0.4201439
"United Kingdom",1982,0.2015092237925,0.129634327105012,0.0607254,0.3834992
"United Kingdom",1983,0.18606116835,0.108165698878509,0.06690296,0.3317878
"United Kingdom",1984,0.171384359275,0.0832414959135554,0.07743423,0.285836
"United Kingdom",1985,0.149716119275,0.0381818551051633,0.1033414,0.1997313
"United Kingdom",1986,0.19733758755,0.0873296791385965,0.09818098,0.3149717
"United Kingdom",1987,0.243157926125,0.116766722730184,0.1070304,0.4045836
"United Kingdom",1988,0.292621462675,0.136024419228149,0.1305649,0.4852134
"United Kingdom",1989,0.3409755092,0.135175118083586,0.1738552,0.5297842
"United Kingdom",1990,0.392515281625,0.120598012318403,0.2397987,0.5569038
"United Kingdom",1991,0.4522555295,0.0432917659941109,0.3977077,0.5078579
"United Kingdom",1992,0.46760578785,0.128903352643047,0.2972544,0.6390007
"United Kingdom",1993,0.478609533875,0.153483587364574,0.2772761,0.6839845
"United Kingdom",1994,0.4921100296,0.160394784518578,0.2794061,0.7084976
"United Kingdom",1995,0.503600862925,0.154285744551171,0.2991611,0.7093931
"United Kingdom",1996,0.51963344475,0.132941617243589,0.3385942,0.6923897
"United Kingdom",1997,0.532366029,0.0750595869954741,0.4357766,0.6298427
"United Kingdom",1998,0.55784790025,0.0406299965660906,0.5046639,0.6086872
"United Kingdom",1999,0.4559343425,0.0691228165933263,0.3690629,0.5473054
"United Kingdom",2000,0.265686158,0.0330767073171934,0.2223822,0.3080548
"United Kingdom",2001,0.39390167475,0.0698615250497299,0.3047006,0.4861393
"United Kingdom",2002,0.36685107575,0.071549991255661,0.2747999,0.4631664
"United Kingdom",2003,0.28900871875,0.0616793052430713,0.2104666,0.3704408
"United Kingdom",2004,0.21854443,0.0283611067020919,0.1825555,0.2562928
"United Kingdom",2005,0.33204949375,0.029769441568306,0.29478,0.3707766
"United Kingdom",2006,0.29918542525,0.0602519992228141,0.2226044,0.3780208
"United Kingdom",2007,0.31216251275,0.0320623150166733,0.2718818,0.3536747
"United Kingdom",2008,0.24192681975,0.0306790905095863,0.2037001,0.2819923
"United Kingdom",2009,0.21248900675,0.022430330980966,0.1839916,0.241959
"United Kingdom",2010,0.26692900225,0.0289183492940506,0.2294391,0.3043063
"United Kingdom",2011,0.3199605135,0.030820570221956,0.2806106,0.3602891
"United Kingdom",2012,0.2316232329,0.0517281734956313,0.1673208,0.3022462
"United Kingdom",2013,0.23250747855,0.0545997468830994,0.1641714,0.3047592
"United Kingdom",2014,0.3281027025,0.0342611206567613,0.2839528,0.3725356
"United Kingdom",2015,0.369294459,0.0635190738918306,0.2875037,0.4511596
"United Kingdom",2016,0.39676750575,0.0288935546401599,0.3584948,0.4343382
"United Kingdom",2017,0.3564690415,0.0508484400472334,0.29283,0.4236246
"United Kingdom",2018,0.348302261,0.0355224504978433,0.3029313,0.3941234
"United Kingdom",2019,0.242744265475,0.0557632143439981,0.173157,0.3158418
"United Kingdom",2020,0.301800320225,0.0734122251520232,0.2094116,0.3982265
"United States",1974,0.221670931925,0.0493600965287143,0.160625,0.2881255
"United States",1975,0.239303774275,0.100933835327435,0.1217471,0.3780231
"United States",1976,0.250577661025,0.123203968843795,0.1093908,0.4226126
"United States",1977,0.258022093975,0.132699986720343,0.1067152,0.4392922
"United States",1978,0.264262490775,0.134966289178655,0.1097074,0.4486282
"United States",1979,0.267824861525,0.127957941137231,0.1175257,0.4435559
"United States",1980,0.270109804575,0.107976912717633,0.1395395,0.417983
"United States",1981,0.264830102675,0.0554300767923492,0.1971401,0.3388333
"United States",1982,0.271379646325,0.110750138177676,0.141685,0.4277333
"United States",1983,0.2721242613,0.130543969710903,0.1216319,0.4556339
"United States",1984,0.27189582665,0.134675329486777,0.1149711,0.4604689
"United States",1985,0.265096016325,0.123841170142157,0.1202677,0.4398559
"United States",1986,0.256443860425,0.105007385517496,0.1327687,0.3983262
"United States",1987,0.2439222786,0.0510316035411078,0.1808183,0.3110159
"United States",1988,0.329808313525,0.109075609944591,0.1941443,0.4756929
"United States",1989,0.42249816245,0.131621990409205,0.249082,0.600085
"United States",1990,0.51461756275,0.118515297042607,0.3615819,0.6668033
"United States",1991,0.615017733,0.0387190253289945,0.565418,0.6641952
"United States",1992,0.54864802775,0.119128829729722,0.3902927,0.7028852
"United States",1993,0.48701917245,0.134352879236292,0.3102285,0.6676627
"United States",1994,0.42421948675,0.115322941948633,0.2764265,0.5798679
"United States",1995,0.35900495675,0.0350678903165445,0.314055,0.4042535
"United States",1996,0.374998363525,0.110830260117044,0.2349278,0.5244458
"United States",1997,0.38555510905,0.125730405299175,0.2262171,0.5568864
"United States",1998,0.394217927,0.112933305651008,0.2501732,0.5447123
"United States",1999,0.40135241925,0.0399737227151338,0.35031,0.4532679
"United States",2000,0.404559785225,0.119679983884144,0.2504676,0.5663456
"United States",2001,0.40483895985,0.148049861107197,0.2181767,0.6090024
"United States",2002,0.405978550925,0.156519969029002,0.2056135,0.6227005
"United States",2003,0.404500329975,0.148547709752976,0.2163988,0.6047567
"United States",2004,0.3978313162,0.118573604121074,0.248461,0.556986
"United States",2005,0.39119077175,0.0490062183005349,0.328568,0.4548921
"United States",2006,0.408842111,0.0374354146947315,0.3614336,0.4563861
"United States",2007,0.3908381175,0.0957247804122994,0.2689773,0.5189787
"United States",2008,0.36567550625,0.0569180438476307,0.2923968,0.4404083
"United States",2009,0.387963631,0.106736148669809,0.2530992,0.534249
"United States",2010,0.405267297,0.0634853887115394,0.324981,0.4865046
"United States",2011,0.36096786575,0.0373321697698602,0.3133803,0.4095392
"United States",2012,0.3598978216,0.114019029242375,0.2156619,0.511499
"United States",2013,0.356016469775,0.141553174727467,0.176572,0.5550812
"United States",2014,0.34941667645,0.14641338304721,0.1681127,0.5549709
"United States",2015,0.340304169025,0.137936660334393,0.1735666,0.5313987
"United States",2016,0.327848574575,0.11191991958397,0.189113,0.4753383
"United States",2017,0.311650215,0.0381990574477597,0.2631002,0.3612474
"United States",2018,0.4182609885,0.0492316276126507,0.3559312,0.4819251
"Uruguay",1995,0.417582076,0.0515454809837942,0.35193,0.4839841
"Uruguay",1996,0.33834242675,0.0461183484301217,0.2804236,0.3978758
"Uruguay",1997,0.3318281222,0.120293994147984,0.1835273,0.4971183
"Uruguay",1998,0.320187312025,0.133755460688079,0.1594875,0.5033923
"Uruguay",1999,0.309126007025,0.138643903991434,0.1415878,0.506624
"Uruguay",2000,0.2909507371,0.128839851803935,0.1394967,0.4658571
"Uruguay",2001,0.273286549,0.10313776898023,0.1489499,0.4133092
"Uruguay",2002,0.2487931145,0.0396759686855365,0.1984794,0.2998615
"Uruguay",2003,0.114834563025,0.0239663602428896,0.08583138,0.1466331
"Uruguay",2004,0.130843216625,0.0243107204608059,0.1007051,0.1622322
"Uruguay",2005,0.73634654475,0.0327375185285682,0.6948306,0.7787093
"Uruguay",2006,0.67697517225,0.0418786190316679,0.6216267,0.729678
"Uruguay",2007,0.64668992625,0.0354124313757019,0.6010371,0.6926295
"Uruguay",2008,0.60148391075,0.0362242328471374,0.5544799,0.6473014
"Uruguay",2009,0.768241367,0.0372704705851257,0.7197663,0.814221
"Uruguay",2010,0.794322201,0.0278332534423375,0.7576272,0.829707
"Uruguay",2011,0.66099096325,0.0433032279922009,0.6045593,0.7165393
"Uruguay",2012,0.61262931725,0.0968490255448362,0.4834783,0.7360907
"Uruguay",2013,0.57122748125,0.0487150144565823,0.5079751,0.6335594
"Uruguay",2014,0.5902335825,0.100209534750941,0.459511,0.7145392
"Uruguay",2015,0.61621995175,0.0482238780880425,0.5534565,0.6781182
"Uruguay",2016,0.41976729525,0.048261953893937,0.3569508,0.4819117
"Uruguay",2017,0.32480818925,0.0445014872788139,0.2687643,0.3827732
"Uruguay",2018,0.31837403575,0.0480007716059665,0.2564737,0.3808531
"Uzbekistan",2003,0.5699914275,0.048960272865314,0.5074108,0.6329555
"Uzbekistan",2004,0.574208517,0.0980768946786305,0.4419164,0.6963685
"Uzbekistan",2005,0.58647016475,0.0454223533510109,0.5290754,0.6432031
"Uzbekistan",2006,0.88207911975,0.0404705862538256,0.8295373,0.9287444
"Uzbekistan",2007,0.904296044,0.0538584825767068,0.832052,0.9613324
"Uzbekistan",2008,0.92781852325,0.0453586044933357,0.8681703,0.9727922
"Uzbekistan",2009,0.94763806475,0.0330368712727527,0.9068041,0.9798498
"Uzbekistan",2010,0.96463154575,0.0157460824655741,0.9443211,0.9821235
"Uzbekistan",2011,0.983937703,0.00633037007173374,0.9755638,0.9913342
"Uzbekistan",2012,0.98530446975,0.00964950573336839,0.973232,0.9947206
"Uzbekistan",2013,0.9872193845,0.0100610747900332,0.9753202,0.9962422
"Uzbekistan",2014,0.98913723675,0.00909124165806965,0.9786786,0.9969597
"Uzbekistan",2015,0.991349281,0.0068266401128481,0.9833038,0.9973602
"Uzbekistan",2016,0.99348686975,0.00414722856863293,0.9884402,0.9976144
"Uzbekistan",2017,0.9948619085,0.00385523975843611,0.9902119,0.9984495
"Uzbekistan",2018,0.99630130775,0.00246376725276737,0.9931368,0.9987932
"Venezuela",1995,0.15385618885,0.0366954343870971,0.1073504,0.2014447
"Venezuela",1996,0.118103211375,0.0289637326283923,0.08264007,0.1558863
"Venezuela",1997,0.196305053475,0.0809109096326774,0.1020516,0.3077459
"Venezuela",1998,0.291942826125,0.113922395083839,0.1572307,0.4484033
"Venezuela",1999,0.407400599675,0.116909730278582,0.2558905,0.5618361
"Venezuela",2000,0.540027489,0.0585737480656607,0.462761,0.6139847
"Venezuela",2001,0.435303015,0.102387264666072,0.3043164,0.5700652
"Venezuela",2002,0.3388871175,0.0523549343156736,0.2729929,0.4070411
"Venezuela",2003,0.189167022075,0.0378113196393891,0.1432419,0.2398311
"Venezuela",2004,0.3415733915,0.0529586673017442,0.2743104,0.4085914
"Venezuela",2005,0.52135285475,0.0448997589688689,0.4626253,0.5798904
"Venezuela",2006,0.77763762875,0.041437652350797,0.7236405,0.8292532
"Venezuela",2007,0.72314995775,0.0367231486733108,0.6760386,0.7697303
"Venezuela",2008,0.550839873,0.0432064595613703,0.4944996,0.6062223
"Venezuela",2009,0.51852841425,0.0558407984868103,0.4465217,0.5905998
"Venezuela",2010,0.52312421325,0.0438180640046551,0.4669107,0.5790514
"Venezuela",2011,0.563178782,0.0592498740877381,0.4867649,0.6398764
"Venezuela",2012,0.48384575175,0.106095041945173,0.3463494,0.624959
"Venezuela",2013,0.4057186775,0.0683928673983679,0.319577,0.4950257
"Venezuela",2014,0.243007682675,0.0827289535101538,0.1448744,0.3599577
"Venezuela",2015,0.12532788015,0.0348635302989255,0.08256377,0.172079
"Venezuela",2016,0.06877589,0.0208941207899933,0.04366803,0.09628361
"Venezuela",2017,0.1040957196,0.0270120017174197,0.06991655,0.1397636
"Venezuela",2018,0.06993916505,0.0241682036504726,0.04103132,0.1015998
"Vietnam",2001,0.97319869225,0.00825612189658274,0.96226,0.9832367
"Vietnam",2002,0.968903278,0.0178830877659935,0.9458284,0.9871052
"Vietnam",2003,0.966878299,0.0202866521796048,0.9414569,0.9869425
"Vietnam",2004,0.966132819,0.018488074541209,0.942603,0.9849122
"Vietnam",2005,0.9677273645,0.00879139001573368,0.9561737,0.9783912
"Vietnam",2006,0.97650786425,0.00688390475467883,0.967259,0.984905
"Vietnam",2007,0.97020406225,0.0160224716674257,0.9486772,0.9869597
"Vietnam",2008,0.96418819075,0.0215898548193508,0.9362805,0.9857675
"Vietnam",2009,0.95983296575,0.0212306888265334,0.9311483,0.9821548
"Vietnam",2010,0.95727589,0.010690870504287,0.9432746,0.9703264
"Vietnam",2011,0.9464953815,0.0293631677527745,0.9080459,0.9764774
"Vietnam",2012,0.93698774325,0.0395229948347922,0.8843136,0.9765714
"Vietnam",2013,0.92855964225,0.044595969992491,0.8700068,0.9737427
"Vietnam",2014,0.92356065825,0.0384707771647113,0.8715035,0.9640543
"Vietnam",2015,0.9209962605,0.0161248144993299,0.9001069,0.9409024
"Vietnam",2016,0.8931668785,0.0405870126111533,0.8377221,0.9400209
"Vietnam",2017,0.87135126425,0.0254132249247649,0.8385191,0.9030281
"Vietnam",2018,0.84087055625,0.0641931551503614,0.7557782,0.9143497
"Vietnam",2019,0.810295898,0.0720190673844422,0.7150387,0.8937283
"Vietnam",2020,0.788159355,0.0189375595385808,0.7643385,0.8122822
"Yemen",2011,0.21883199295,0.0427785433769258,0.1656096,0.2740642
"Yemen",2012,0.2777872777,0.0852365333756118,0.1732759,0.3891321
"Yemen",2013,0.33529726675,0.0490517599089995,0.273047,0.399528
"Yemen",2014,0.26491772225,0.0445603673700425,0.2092656,0.3230868
"Yemen",2015,0.341855669325,0.112353161969686,0.2027543,0.496807
"Yemen",2016,0.419290767775,0.133236572390898,0.2521415,0.598363
"Yemen",2017,0.49684663875,0.123347371755194,0.3355463,0.6560399
"Yemen",2018,0.58048198875,0.0646036702102697,0.4947751,0.6610472
"Zimbabwe",2001,0.55069655625,0.053805135774299,0.4802151,0.6203025
"Zimbabwe",2002,0.548230098,0.132557789666182,0.372008,0.7200592
"Zimbabwe",2003,0.5458636275,0.16931994593475,0.3183057,0.7671663
"Zimbabwe",2004,0.545232341375,0.186082489908994,0.2879732,0.7861181
"Zimbabwe",2005,0.544675323275,0.195922273083746,0.2763249,0.7992569
"Zimbabwe",2006,0.544833506,0.195730481041781,0.2732113,0.8000729
"Zimbabwe",2007,0.5440213086,0.194720104183069,0.2755191,0.8014871
"Zimbabwe",2008,0.546128264475,0.18999833373524,0.285193,0.7951688
"Zimbabwe",2009,0.546603622175,0.180800456126904,0.2971377,0.7802718
"Zimbabwe",2010,0.546165975925,0.164056978568569,0.3245201,0.7621362
"Zimbabwe",2011,0.5500527,0.127972604345402,0.3775054,0.7177547
"Zimbabwe",2012,0.55360100675,0.0499703041660727,0.4897744,0.6188726
"Zimbabwe",2013,0.566999976,0.12082012551297,0.4023189,0.7219712
"Zimbabwe",2014,0.580998766,0.147285372636871,0.3788212,0.7681197
"Zimbabwe",2015,0.59615802525,0.157246990271345,0.3787006,0.7924561
"Zimbabwe",2016,0.61152991585,0.14751910961916,0.4045717,0.7931438
"Zimbabwe",2017,0.62958810325,0.120862641687899,0.4676116,0.7805554
"Zimbabwe",2018,0.653598391,0.0497924108836379,0.5884805,0.7179132
"Zimbabwe",2019,0.56221157625,0.096740254447499,0.4363184,0.6873291
"Zimbabwe",2020,0.4718523365,0.0284108228318411,0.434965,0.5083299
